settlement_date,nd,day_of_week,is_weekend,rolling_mean,rolling_std,is_holiday
2009-01-01,1789321,3,0,1789321.0,,1.0
2009-01-02,1920721,4,0,1855021.0,92913.83104791235,0.0
2009-01-03,1897691,5,1,1869244.3333333333,70166.9411712762,0.0
2009-01-04,1911407,6,1,1879785.0,61046.61364345557,0.0
2009-01-05,2181646,0,0,1940157.2,144979.4104078231,0.0
2009-01-06,2266786,1,0,1994595.3333333333,186000.76805934613,0.0
2009-01-07,2279143,2,0,2035245.0,200990.06418145818,0.0
2009-01-08,2216076,3,0,2096210.0,177287.97365115705,0.0
2009-01-09,2206286,4,0,2137005.0,162407.34080699686,0.0
2009-01-10,2017356,5,1,2154100.0,137389.8865261439,0.0
2009-01-11,1879466,6,1,2149537.0,146988.70729980143,0.0
2009-01-12,2093358,0,0,2136924.4285714286,147561.07994980388,0.0
2009-01-13,2101221,1,0,2113272.285714286,136100.6820589258,0.0
2009-01-14,2151039,2,0,2094971.7142857143,117408.99198203749,0.0
2009-01-15,2104781,3,0,2079072.4285714286,105174.21377070414,0.0
2009-01-16,2039073,4,0,2055184.857142857,89248.75396222401,0.0
2009-01-17,1803974,5,1,2024701.7142857143,130998.31985400242,0.0
2009-01-18,1786633,6,1,2011439.857142857,151280.93119582618,0.0
2009-01-19,2097040,0,0,2011965.857142857,151619.2525466658,0.0
2009-01-20,2124414,1,0,2015279.142857143,154127.46117356775,0.0
2009-01-21,2140133,2,0,2013721.142857143,152573.698591237,0.0
2009-01-22,2094049,3,0,2012188.0,151556.70796327945,0.0
2009-01-23,2072150,4,0,2016913.2857142857,153042.99739802384,0.0
2009-01-24,1893472,5,1,2029698.7142857143,134958.8181924577,0.0
2009-01-25,1815912,6,1,2033881.4285714286,126349.15096648836,0.0
2009-01-26,2085103,0,0,2032176.142857143,125431.87788520752,0.0
2009-01-27,2117349,1,0,2031166.857142857,124591.59859239952,0.0
2009-01-28,2118266,2,0,2028043.0,121643.41991520446,0.0
2009-01-29,2097410,3,0,2028523.142857143,121953.61450489944,0.0
2009-01-30,2076230,4,0,2029106.0,122206.36101965708,0.0
2009-01-31,1861433,5,1,2024529.0,128567.3484417153,0.0
2009-02-01,1890681,6,1,2035210.2857142857,110130.97042115287,0.0
2009-02-02,2173227,0,0,2047799.4285714286,121259.30117844892,0.0
2009-02-03,2193650,1,0,2058699.5714285714,131546.22966452682,0.0
2009-02-04,2204574,2,0,2071029.2857142857,141711.8553917472,0.0
2009-02-05,2209334,3,0,2087018.4285714286,151182.11029181245,0.0
2009-02-06,2175173,4,0,2101153.1428571427,154592.2001432895,0.0
2009-02-07,1956330,5,1,2114709.8571428573,132673.78186794434,0.0
2009-02-08,1934052,6,1,2120905.714285714,120963.91084770467,0.0
2009-02-09,2185792,0,0,2122700.714285714,121958.84915647341,0.0
2009-02-10,2176686,1,0,2120277.285714286,120473.55464542736,0.0
2009-02-11,2183617,2,0,2117283.4285714286,118269.82238065802,0.0
2009-02-12,2202337,3,0,2116283.8571428573,117388.46736857448,0.0
2009-02-13,2110477,4,0,2107041.5714285714,114490.29300462877,0.0
2009-02-14,1906166,5,1,2099875.285714286,126442.14159806383,0.0
2009-02-15,1799587,6,1,2080666.0,161254.66757068908,0.0
2009-02-16,1995640,0,0,2053501.4285714286,156541.23742841446,0.0
2009-02-17,2007320,1,0,2029306.2857142857,147134.52191528116,0.0
2009-02-18,2009257,2,0,2004397.7142857143,130472.55396917171,0.0
2009-02-19,1990699,3,0,1974163.7142857143,97251.86775192815,0.0
2009-02-20,1953577,4,0,1951749.4285714286,76456.14669176626,0.0
2009-02-21,1720087,5,1,1925166.7142857143,116702.18589885968,0.0
2009-02-22,1682636,6,1,1908459.4285714286,143069.53444725054,0.0
2009-02-23,1942574,0,0,1900878.5714285714,139029.02353208975,0.0
2009-02-24,1969118,1,0,1895421.142857143,134841.1247325664,0.0
2009-02-25,1955272,2,0,1887709.0,128646.77493820315,0.0
2009-02-26,1950374,3,0,1881948.2857142857,124088.42111805653,0.0
2009-02-27,1877362,4,0,1871060.4285714286,120033.44034595713,0.0
2009-02-28,1717779,5,1,1870730.7142857143,120519.44520659518,0.0
2009-03-01,1679949,6,1,1870346.857142857,121220.61814233688,0.0
2009-03-02,1925535,0,0,1867912.7142857143,119689.96418764119,0.0
2009-03-03,1970809,1,0,1868154.2857142857,119929.73805763175,0.0
2009-03-04,2007867,2,0,1875667.857142857,127693.52797803386,0.0
2009-03-05,2029084,3,0,1886912.142857143,138386.10834958675,0.0
2009-03-06,1967919,4,0,1899848.857142857,141541.3282077366,0.0
2009-03-07,1708918,5,1,1898583.0,143467.5504042663,0.0
2009-03-08,1665360,6,1,1896498.857142857,147229.61903483805,0.0
2009-03-09,1929892,0,0,1897121.2857142857,147381.9622632706,0.0
2009-03-10,1974891,1,0,1897704.4285714286,147729.77900980698,0.0
2009-03-11,1963568,2,0,1891376.0,143100.43121179155,0.0
2009-03-12,1909736,3,0,1874326.2857142857,130515.09970972249,0.0
2009-03-13,1887227,4,0,1862798.857142857,124285.83219663551,0.0
2009-03-14,1642783,5,1,1853351.0,139513.81871580816,0.0
2009-03-15,1616417,6,1,1846359.142857143,151239.06874375054,0.0
2009-03-16,1847461,0,0,1834583.2857142857,146794.8203408604,0.0
2009-03-17,1865105,1,0,1818899.5714285714,134669.83315484243,0.0
2009-03-18,1865774,2,0,1804929.0,121598.9333409935,0.0
2009-03-19,1862397,3,0,1798166.2857142857,115985.43527919991,0.0
2009-03-20,1813839,4,0,1787682.2857142857,109742.23627318154,0.0
2009-03-21,1628085,5,1,1785582.5714285714,113066.92674379374,0.0
2009-03-22,1550615,6,1,1776182.2857142857,130817.29689751327,0.0
2009-03-23,1817469,0,0,1771897.7142857143,128565.43457544153,0.0
2009-03-24,1879819,1,0,1773999.7142857143,130449.8005475879,0.0
2009-03-25,1859495,2,0,1773102.7142857143,129733.18444370918,0.0
2009-03-26,1859367,3,0,1772669.857142857,129390.19852553321,0.0
2009-03-27,1823354,4,0,1774029.142857143,129943.57189235472,0.0
2009-03-28,1683577,5,1,1781956.5714285714,120936.60853502172,0.0
2009-03-29,1577532,6,1,1785801.857142857,112487.7466518475,0.0
2009-03-30,1854859,0,0,1791143.2857142857,115099.46706322664,0.0
2009-03-31,1850594,1,0,1786968.2857142857,111830.46294833442,0.0
2009-04-01,1819848,2,0,1781304.4285714286,108499.39403956635,0.0
2009-04-02,1810533,3,0,1774328.142857143,104125.38550137632,0.0
2009-04-03,1781135,4,0,1768296.857142857,102013.67491572017,0.0
2009-04-04,1555432,5,1,1749990.4285714286,127951.06821341158,0.0
2009-04-05,1516977,6,1,1741339.7142857143,142745.90446397694,0.0
2009-04-06,1756827,0,0,1727335.142857143,134312.25501970007,0.0
2009-04-07,1736390,1,0,1711020.2857142857,123332.01376733268,0.0
2009-04-08,1714324,2,0,1695945.4285714286,113901.56395306071,0.0
2009-04-09,1718886,3,0,1682853.0,103309.78827133222,0.0
2009-04-10,1548814,4,0,1649664.2857142857,103789.96485003887,1.0
2009-04-11,1487724,5,1,1639991.7142857143,116421.76401732478,0.0
2009-04-12,1427476,6,1,1627205.857142857,135529.90119580168,0.0
2009-04-13,1459075,0,0,1584669.857142857,134790.75764857602,1.0
2009-04-14,1670562,1,0,1575265.857142857,124332.01654499068,0.0
2009-04-15,1688808,2,0,1571620.7142857143,119869.61226921699,0.0
2009-04-16,1717404,3,0,1571409.0,119567.08851101539,0.0
2009-04-17,1705316,4,0,1593766.4285714286,128905.19789605077,0.0
2009-04-18,1506884,5,1,1596503.5714285714,126458.4360885162,0.0
2009-04-19,1462381,6,1,1601490.0,119160.19282322271,0.0
2009-04-20,1697250,0,0,1635515.0,104864.15841618273,0.0
2009-04-21,1712065,1,0,1641444.0,108293.1894796141,0.0
2009-04-22,1693506,2,0,1642115.142857143,108649.62006749245,0.0
2009-04-23,1693230,3,0,1638661.7142857143,106214.62004940295,0.0
2009-04-24,1637380,4,0,1628956.5714285714,102134.54645361994,0.0
2009-04-25,1459140,5,1,1622136.0,112693.61661159403,0.0
2009-04-26,1431801,6,1,1617767.4285714286,120257.54906014557,0.0
2009-04-27,1719782,0,0,1620986.2857142857,123009.64391016541,0.0
2009-04-28,1754029,1,0,1626981.142857143,129061.80587407386,0.0
2009-04-29,1708951,2,0,1629187.5714285714,130512.52876366561,0.0
2009-04-30,1719484,3,0,1632938.142857143,133012.94789033555,0.0
2009-05-01,1656741,4,0,1635704.0,133321.6423991279,0.0
2009-05-02,1451197,5,1,1634569.2857142857,135096.83928540183,0.0
2009-05-03,1368329,6,1,1625501.857142857,152041.83641839217,0.0
2009-05-04,1467010,0,0,1589391.5714285714,155886.48350200217,1.0
2009-05-05,1674962,1,0,1578096.2857142857,144411.0484204921,0.0
2009-05-06,1681696,2,0,1574202.7142857143,140612.42873909016,0.0
2009-05-07,1669258,3,0,1567027.5714285714,133041.10100123196,0.0
2009-05-08,1630062,4,0,1563216.2857142857,130398.59787170152,0.0
2009-05-09,1463372,5,1,1564955.5714285714,128725.90465514961,0.0
2009-05-10,1434448,6,1,1574401.142857143,113407.69892065153,0.0
2009-05-11,1625078,0,0,1596982.2857142857,103789.66490249579,0.0
2009-05-12,1659797,1,0,1594815.857142857,102034.11671663451,0.0
2009-05-13,1692950,2,0,1596423.5714285714,103706.17419719996,0.0
2009-05-14,1724646,3,0,1604336.142857143,111972.98714188668,0.0
2009-05-15,1703230,4,0,1614788.7142857143,118026.18396315997,0.0
2009-05-16,1474941,5,1,1616441.4285714286,115608.76709814572,0.0
2009-05-17,1457999,6,1,1619805.857142857,109617.122788719,0.0
2009-05-18,1657644,0,0,1624458.142857143,110565.14284865625,0.0
2009-05-19,1693459,1,0,1629267.0,113062.1603308002,0.0
2009-05-20,1691050,2,0,1628995.5714285714,112885.93909910401,0.0
2009-05-21,1685515,3,0,1623405.4285714286,108232.85462196752,0.0
2009-05-22,1636403,4,0,1613858.7142857143,102830.84921481006,0.0
2009-05-23,1426347,5,1,1606916.7142857143,114724.50581388008,0.0
2009-05-24,1345980,6,1,1590914.0,143230.08796339168,0.0
2009-05-25,1407108,0,0,1555123.142857143,154625.35536949878,1.0
2009-05-26,1545068,1,0,1533924.4285714286,142169.2660491476,0.0
2009-05-27,1608913,2,0,1522190.5714285714,129899.74215891775,0.0
2009-05-28,1614731,3,0,1512078.5714285714,117201.21744370514,0.0
2009-05-29,1577451,4,0,1503656.857142857,108579.66829235175,0.0
2009-05-30,1375832,5,1,1496440.4285714286,115999.35948222585,0.0
2009-05-31,1335850,6,1,1494993.2857142857,118230.9843959655,0.0
2009-06-01,1599043,0,0,1522412.5714285714,116698.46687204875,0.0
2009-06-02,1638390,1,0,1535744.2857142857,124769.4849682367,0.0
2009-06-03,1631752,2,0,1539007.0,127275.19370508778,0.0
2009-06-04,1618014,3,0,1539476.0,127606.35547260547,0.0
2009-06-05,1609533,4,0,1544059.142857143,129755.62799410208,0.0
2009-06-06,1422435,5,1,1550716.7142857143,120554.9222743409,0.0
2009-06-07,1389154,6,1,1558331.5714285714,105459.18570843729,0.0
2009-06-08,1618794,0,0,1561153.142857143,106983.17242823975,0.0
2009-06-09,1654253,1,0,1563419.2857142857,109040.12913558804,0.0
2009-06-10,1669241,2,0,1568774.857142857,113773.60482325038,0.0
2009-06-11,1633180,3,0,1570941.4285714286,115005.26795305219,0.0
2009-06-12,1598472,4,0,1569361.2857142857,114461.35807878153,0.0
2009-06-13,1413320,5,1,1568059.142857143,116446.04998371769,0.0
2009-06-14,1360936,6,1,1564028.0,123920.19657694067,0.0
2009-06-15,1616223,0,0,1563660.7142857143,123734.49377291299,0.0
2009-06-16,1634214,1,0,1560798.0,121500.88316414662,0.0
2009-06-17,1627243,2,0,1554798.2857142857,116173.62396676952,0.0
2009-06-18,1600883,3,0,1550184.4285714286,113143.68405241768,0.0
2009-06-19,1552959,4,0,1543682.5714285714,111197.30895553774,0.0
2009-06-20,1393046,5,1,1540786.2857142857,115345.35566393225,0.0
2009-06-21,1355873,6,1,1540063.0,116669.36359216558,0.0
2009-06-22,1619577,0,0,1540542.142857143,117040.56701051901,0.0
2009-06-23,1655093,1,0,1543524.857142857,120052.88551083277,0.0
2009-06-24,1625248,2,0,1543239.857142857,119823.16691473783,0.0
2009-06-25,1626491,3,0,1546898.142857143,122242.85082358446,0.0
2009-06-26,1613058,4,0,1555483.7142857143,124822.73825672029,0.0
2009-06-27,1433835,5,1,1561310.7142857143,116661.20254640088,0.0
2009-06-28,1379653,6,1,1564707.857142857,109827.97437270008,0.0
2009-06-29,1636107,0,0,1567069.2857142857,111371.21417241998,0.0
2009-06-30,1684219,1,0,1571230.142857143,115669.0510557764,0.0
2009-07-01,1701236,2,0,1582085.5714285714,124789.61490425935,0.0
2009-07-02,1698924,3,0,1592433.142857143,131886.66762973872,0.0
2009-07-03,1653168,4,0,1598163.142857143,133789.67724931985,0.0
2009-07-04,1417015,5,1,1595760.2857142857,137336.91024838304,0.0
2009-07-05,1365428,6,1,1593728.142857143,141120.66773442685,0.0
2009-07-06,1595673,0,0,1587951.857142857,139919.3301935458,0.0
2009-07-07,1621523,1,0,1578995.2857142857,134636.93859625742,0.0
2009-07-08,1615243,2,0,1566710.5714285714,125218.0342001635,0.0
2009-07-09,1598625,3,0,1552382.142857143,112678.2658226973,0.0
2009-07-10,1570083,4,0,1540512.857142857,104361.32846418931,0.0
2009-07-11,1400762,5,1,1538191.0,107694.44854309288,0.0
2009-07-12,1334540,6,1,1533778.4285714286,116246.10789736829,0.0
2009-07-13,1590150,0,0,1532989.4285714286,115773.77657434599,0.0
2009-07-14,1618460,1,0,1532551.857142857,115388.53862989914,0.0
2009-07-15,1619096,2,0,1533102.2857142857,115856.97492845348,0.0
2009-07-16,1637481,3,0,1538653.142857143,120362.67253656231,0.0
2009-07-17,1590506,4,0,1541570.7142857143,121493.71379721248,0.0
2009-07-18,1371726,5,1,1537422.7142857143,127451.9691082578,0.0
2009-07-19,1349037,6,1,1539493.7142857143,123667.42017836511,0.0
2009-07-20,1565138,0,0,1535920.5714285714,122313.79285790538,0.0
2009-07-21,1629849,1,0,1537547.5714285714,123663.01391396938,0.0
2009-07-22,1590809,2,0,1533506.5714285714,120987.30778179412,0.0
2009-07-23,1592108,3,0,1527024.7142857143,115583.24287098147,0.0
2009-07-24,1551140,4,0,1521401.0,112906.45569674416,0.0
2009-07-25,1371438,5,1,1521359.857142857,112970.12165676247,0.0
2009-07-26,1323411,6,1,1517699.0,119699.80517110646,0.0
2009-07-27,1549200,0,0,1515422.142857143,118795.22007700351,0.0
2009-07-28,1557173,1,0,1505039.857142857,109976.44544693959,0.0
2009-07-29,1592774,2,0,1505320.5714285714,110234.06435982726,0.0
2009-07-30,1544639,3,0,1498539.2857142857,105357.5451240785,0.0
2009-07-31,1533935,4,0,1496081.4285714286,104119.32889856004,0.0
2009-08-01,1376713,5,1,1496835.0,103080.76951756878,0.0
2009-08-02,1317760,6,1,1496027.7142857143,104675.11654593734,0.0
2009-08-03,1544500,0,0,1495356.2857142857,104291.57439876067,0.0
2009-08-04,1596190,1,0,1500930.142857143,109078.7571213739,0.0
2009-08-05,1600899,2,0,1502090.857142857,110255.83811516291,0.0
2009-08-06,1613226,3,0,1511889.0,117478.18898559075,0.0
2009-08-07,1565003,4,0,1516327.2857142857,119026.55974153675,0.0
2009-08-08,1374155,5,1,1515961.857142857,119529.4990276893,0.0
2009-08-09,1340301,6,1,1519182.0,113448.94750797616,0.0
2009-08-10,1584984,0,0,1524965.4285714286,115958.86332497367,0.0
2009-08-11,1609669,1,0,1526891.0,117441.1544576015,0.0
2009-08-12,1628264,2,0,1530800.2857142857,120724.80553130875,0.0
2009-08-13,1617065,3,0,1531348.7142857143,121169.55693120963,0.0
2009-08-14,1577672,4,0,1533158.5714285714,121848.72857613223,0.0
2009-08-15,1377477,5,1,1533633.142857143,121130.58749607285,0.0
2009-08-16,1336417,6,1,1533078.2857142857,122168.22407336121,0.0
2009-08-17,1588350,0,0,1533559.142857143,122412.9558086497,0.0
2009-08-18,1629457,1,0,1536386.0,124671.12824013254,0.0
2009-08-19,1637614,2,0,1537721.7142857143,125863.94338824367,0.0
2009-08-20,1616625,3,0,1537658.857142857,125817.81625486816,0.0
2009-08-21,1554442,4,0,1534340.2857142857,124889.46392139062,0.0
2009-08-22,1385136,5,1,1535434.4285714286,123309.71685267394,0.0
2009-08-23,1339550,6,1,1535882.0,122469.78393465432,0.0
2009-08-24,1605186,0,0,1538287.142857143,123829.68698233785,0.0
2009-08-25,1607311,1,0,1535123.4285714286,121370.66824108134,0.0
2009-08-26,1621415,2,0,1532809.2857142857,119226.30157494196,0.0
2009-08-27,1610073,3,0,1531873.2857142857,118482.02454059858,0.0
2009-08-28,1517940,4,0,1526658.7142857143,118125.9131431612,0.0
2009-08-29,1385136,5,1,1526658.7142857143,118125.9131431612,0.0
2009-08-30,1339550,6,1,1526658.7142857143,118125.9131431612,0.0
2009-08-31,1378985,0,0,1494344.2857142857,123864.05408580932,1.0
2009-09-01,1578657,1,0,1490250.857142857,119919.19885132537,0.0
2009-09-02,1641034,2,0,1493053.5714285714,123666.36760906302,0.0
2009-09-03,1607085,3,0,1492626.7142857143,123199.4098033981,0.0
2009-09-04,1559650,4,0,1498585.2857142857,125612.76065447714,0.0
2009-09-05,1397658,5,1,1500374.142857143,123803.99181694584,0.0
2009-09-06,1367000,6,1,1504295.5714285714,118167.38423504708,0.0
2009-09-07,1633851,0,0,1540705.0,112237.49263652595,0.0
2009-09-08,1668519,1,0,1553542.4285714286,122015.023532432,0.0
2009-09-09,1657866,2,0,1555947.0,124173.3697591163,0.0
2009-09-10,1642993,3,0,1561076.7142857143,127339.35489826249,0.0
2009-09-11,1616429,4,0,1569188.0,129030.45968814583,0.0
2009-09-12,1424126,5,1,1572969.142857143,123432.51922870142,0.0
2009-09-13,1377742,6,1,1574503.7142857143,120476.40567861822,0.0
2009-09-14,1623429,0,0,1573014.857142857,119682.53307734767,0.0
2009-09-15,1669718,1,0,1573186.142857143,119842.74662160584,0.0
2009-09-16,1658656,2,0,1573299.0,119936.11676222009,0.0
2009-09-17,1677650,3,0,1578250.0,123941.0635355943,0.0
2009-09-18,1646694,4,0,1582573.5714285714,126005.5657419674,0.0
2009-09-19,1460275,5,1,1587737.7142857143,118974.11810237965,0.0
2009-09-20,1396486,6,1,1590415.4285714286,113547.2528595618,0.0
2009-09-21,1619196,0,0,1589810.7142857143,113353.23655828704,0.0
2009-09-22,1646355,1,0,1586473.142857143,110926.28459541834,0.0
2009-09-23,1671954,2,0,1588372.857142857,112471.6211294079,0.0
2009-09-24,1665207,3,0,1586595.2857142857,110912.99315787568,0.0
2009-09-25,1635163,4,0,1584948.0,109953.11490813202,0.0
2009-09-26,1453095,5,1,1583922.2857142857,111334.79309379877,0.0
2009-09-27,1411825,6,1,1586113.5714285714,107101.29110311072,0.0
2009-09-28,1648911,0,0,1590358.5714285714,109199.39645416205,0.0
2009-09-29,1689275,1,0,1596490.0,113968.37867730773,0.0
2009-09-30,1694194,2,0,1599667.142857143,116700.00335108706,0.0
2009-10-01,1677452,3,0,1601416.4285714286,117931.43192530672,0.0
2009-10-02,1656253,4,0,1604429.2857142857,119199.84140190356,0.0
2009-10-03,1438376,5,1,1602326.5714285714,122401.17847588961,0.0
2009-10-04,1437942,6,1,1606057.5714285714,115849.24617343544,0.0
2009-10-05,1719955,0,0,1616206.7142857143,123113.40248150194,0.0
2009-10-06,1749276,1,0,1624778.2857142857,130891.56885849811,0.0
2009-10-07,1755181,2,0,1633490.7142857143,138112.63423466712,0.0
2009-10-08,1743863,3,0,1642978.0,143799.62047469913,0.0
2009-10-09,1734629,4,0,1654174.5714285714,147995.5645651356,0.0
2009-10-10,1531771,5,1,1667516.7142857143,128181.93074782004,0.0
2009-10-11,1463525,6,1,1671171.4285714286,120691.21462346191,0.0
2009-10-12,1720117,0,0,1671194.5714285714,120702.14310146504,0.0
2009-10-13,1775377,1,0,1674923.2857142857,123877.6209675188,0.0
2009-10-14,1785617,2,0,1679271.2857142857,127641.06693604629,0.0
2009-10-15,1785810,3,0,1685263.7142857143,132086.1432913091,0.0
2009-10-16,1719642,4,0,1683122.7142857143,131271.5654825481,0.0
2009-10-17,1564956,5,1,1687863.4285714286,125360.84833373291,0.0
2009-10-18,1539465,6,1,1698712.0,104213.38391653026,0.0
2009-10-19,1790214,0,0,1708725.857142857,109829.47157515137,0.0
2009-10-20,1815478,1,0,1714454.5714285714,114817.96821325413,0.0
2009-10-21,1823143,2,0,1719815.4285714286,119475.87391583777,0.0
2009-10-22,1816617,3,0,1724216.4285714286,122832.26086396506,0.0
2009-10-23,1770507,4,0,1731482.857142857,124015.3690548486,0.0
2009-10-24,1554595,5,1,1730002.7142857143,126373.55648066649,0.0
2009-10-25,1469494,6,1,1720006.857142857,145305.65726475907,0.0
2009-10-26,1746246,0,0,1713725.7142857143,142691.79176312912,0.0
2009-10-27,1770233,1,0,1707262.142857143,138270.74047007787,0.0
2009-10-28,1761662,2,0,1698479.142857143,131468.48152241774,0.0
2009-10-29,1760650,3,0,1690483.857142857,124609.3628336583,0.0
2009-10-30,1703144,4,0,1680860.5714285714,119911.96928283051,0.0
2009-10-31,1534113,5,1,1677934.5714285714,123696.67681046712,0.0
2009-11-01,1509825,6,1,1683696.142857143,112831.87594444945,0.0
2009-11-02,1761904,0,0,1685933.0,114422.57422671211,0.0
2009-11-03,1804233,1,0,1690790.142857143,119218.5738457322,0.0
2009-11-04,1839421,2,0,1701898.5714285714,130053.156671749,0.0
2009-11-05,1852474,3,0,1715016.2857142857,141126.21401629184,0.0
2009-11-06,1842408,4,0,1734911.142857143,148782.11698703456,0.0
2009-11-07,1649245,5,1,1751358.5714285714,127764.02631526014,0.0
2009-11-08,1655963,6,1,1772235.4285714286,87228.45989480625,0.0
2009-11-09,1933576,0,0,1796760.0,105961.22297017019,0.0
2009-11-10,1984236,1,0,1822474.7142857143,127690.61814364266,0.0
2009-11-11,1951506,2,0,1838486.857142857,136867.66043205265,0.0
2009-11-12,1896593,3,0,1844789.5714285714,138623.68307382835,0.0
2009-11-13,1866328,4,0,1848206.7142857143,138849.82716315825,0.0
2009-11-14,1633101,5,1,1845900.4285714286,142783.7052501202,0.0
2009-11-15,1610546,6,1,1839412.2857142857,153483.94443797346,0.0
2009-11-16,1834799,0,0,1825301.2857142857,147820.02698745608,0.0
2009-11-17,1840068,1,0,1804705.857142857,131080.87387236804,0.0
2009-11-18,1874667,2,0,1793728.857142857,119438.95988806857,0.0
2009-11-19,1825988,3,0,1783642.4285714286,112057.61833220666,0.0
2009-11-20,1801765,4,0,1774419.142857143,106643.87764491518,0.0
2009-11-21,1636442,5,1,1774896.4285714286,105910.95290676894,0.0
2009-11-22,1589065,6,1,1771827.7142857143,111623.71096339198,0.0
2009-11-23,1859272,0,0,1775323.857142857,114276.47488354855,0.0
2009-11-24,1890166,1,0,1782480.7142857143,120411.13305631478,0.0
2009-11-25,1879454,2,0,1783164.5714285714,121033.93396600186,0.0
2009-11-26,1906642,3,0,1794686.5714285714,129343.7364620072,0.0
2009-11-27,1912997,4,0,1810576.857142857,136966.27204587142,0.0
2009-11-28,1757243,5,1,1827834.142857143,117611.94138837974,0.0
2009-11-29,1704860,6,1,1844376.2857142857,80820.63612452116,0.0
2009-11-30,1988911,0,0,1862896.142857143,97859.89722630873,0.0
2009-12-01,2070210,1,0,1888616.7142857143,125872.89396015982,0.0
2009-12-02,2041188,2,0,1911721.5714285714,138155.17455004458,0.0
2009-12-03,2025795,3,0,1928743.4285714286,144614.3453267574,0.0
2009-12-04,2019757,4,0,1943994.857142857,148260.54257222477,0.0
2009-12-05,1759467,5,1,1944312.5714285714,147795.29662211853,0.0
2009-12-06,1665498,6,1,1938689.4285714286,158765.7558321483,0.0
2009-12-07,1968875,0,0,1935827.142857143,157887.6209412161,0.0
2009-12-08,2002792,1,0,1926196.0,150192.78305342863,0.0
2009-12-09,1985789,2,0,1918281.857142857,144474.3128684489,0.0
2009-12-10,1997727,3,0,1914272.142857143,141348.78412922574,0.0
2009-12-11,2040992,4,0,1917305.7142857143,144189.297954364,0.0
2009-12-12,1831225,5,1,1927556.857142857,133231.97189042304,0.0
2009-12-13,1819132,6,1,1949504.5714285714,87762.6913003852,0.0
2009-12-14,2086980,0,0,1966376.7142857143,102262.19196379039,0.0
2009-12-15,2127132,1,0,1984139.5714285714,119060.83222854367,0.0
2009-12-16,2148250,2,0,2007348.2857142857,134295.62653926038,0.0
2009-12-17,2123704,3,0,2025345.0,141061.9266362629,0.0
2009-12-18,2151034,4,0,2041065.2857142857,149004.3664401792,0.0
2009-12-19,1982119,5,1,2062621.5714285714,122067.47602843895,0.0
2009-12-20,1911475,6,1,2075813.4285714286,92864.37352372291,0.0
2009-12-21,2157912,0,0,2085946.5714285714,98013.15408634469,0.0
2009-12-22,2153627,1,0,2089731.5714285714,100352.36880921257,0.0
2009-12-23,2114317,2,0,2084884.0,97842.67280350889,0.0
2009-12-24,1947488,3,0,2059710.2857142857,108300.3454191439,0.0
2009-12-25,1679719,4,0,1992379.5714285714,170632.7292421359,1.0
2009-12-26,1608242,5,1,1938968.5714285714,224417.9210541944,0.0
2009-12-27,1675577,6,1,1905268.857142857,245916.6349161379,0.0
2009-12-28,1815846,0,0,1856402.2857142857,219962.96851039625,1.0
2009-12-29,1901798,1,0,1820426.7142857143,180259.43942525046,0.0
2009-12-30,1890644,2,0,1788473.4285714286,133149.46045185384,0.0
2009-12-31,1846862,3,0,1774098.2857142857,117650.4364161285,0.0
2010-01-01,1744908,4,0,1783411.0,111345.77361385305,1.0
2010-01-02,1836409,5,1,1816006.2857142857,80699.78180209376,0.0
2010-01-03,1870686,6,1,1843879.0,53081.69514061146,0.0
2010-01-04,2200869,0,0,1898882.2857142857,142819.51260794973,0.0
2010-01-05,2244007,1,0,1947769.2857142857,193544.77291117687,0.0
2010-01-06,2207415,2,0,1993022.2857142857,213921.80633097165,0.0
2010-01-07,2277374,3,0,2054524.0,226418.15210652698,0.0
2010-01-08,2268322,4,0,2129297.4285714286,190744.65288517752,0.0
2010-01-09,2056596,5,1,2160752.714285714,147691.65895847313,0.0
2010-01-10,1993861,6,1,2178349.1428571427,109866.32956071688,0.0
2010-01-11,2249998,0,0,2185367.5714285714,113067.28720377195,0.0
2010-01-12,2242104,1,0,2185095.714285714,112904.9681616032,0.0
2010-01-13,2251926,2,0,2191454.4285714286,115592.88822971305,0.0
2010-01-14,2242588,3,0,2186485.0,111974.62337959082,0.0
2010-01-15,2138060,4,0,2167876.1428571427,106812.5747847323,0.0
2010-01-16,1913407,5,1,2147420.5714285714,140175.97181621462,0.0
2010-01-17,1814975,6,1,2121865.4285714286,182694.5890220985,0.0
2010-01-18,2079845,0,0,2097557.8571428573,173913.5951667108,0.0
2010-01-19,2091321,1,0,2076017.4285714286,161953.18872733993,0.0
2010-01-20,2132837,2,0,2059004.7142857143,145849.02187846764,0.0
2010-01-21,2123200,3,0,2041949.2857142857,126500.08004308018,0.0
2010-01-22,2072207,4,0,2032541.7142857143,120466.01497063675,0.0
2010-01-23,1876889,5,1,2027324.857142857,127093.49754207373,0.0
2010-01-24,1829125,6,1,2029346.2857142857,123206.23701300871,0.0
2010-01-25,2126436,0,0,2036002.142857143,127570.14441008698,0.0
2010-01-26,2169982,1,0,2047239.4285714286,136413.1839313438,0.0
2010-01-27,2143663,2,0,2048786.0,137601.57352056066,0.0
2010-01-28,2100980,3,0,2045611.7142857143,135843.90295693197,0.0
2010-01-29,2055923,4,0,2043285.4285714286,135451.42301314755,0.0
2010-01-30,1913756,5,1,2048552.142857143,128438.35190916996,0.0
2010-01-31,1897641,6,1,2058340.142857143,110252.53500854506,0.0
2010-02-01,2130823,0,0,2058966.857142857,110715.62542452526,0.0
2010-02-02,2122645,1,0,2052204.4285714286,104049.77104869882,0.0
2010-02-03,2156877,2,0,2054092.142857143,106085.5486520688,0.0
2010-02-04,2095281,3,0,2053278.0,105686.85885041527,0.0
2010-02-05,2013002,4,0,2047146.4285714286,106747.56810322803,0.0
2010-02-06,1845829,5,1,2037442.5714285714,122778.12405834612,0.0
2010-02-07,1825842,6,1,2027185.5714285714,138408.02397002355,0.0
2010-02-08,2106117,0,0,2023656.142857143,135611.54225019747,0.0
2010-02-09,2127747,1,0,2024385.0,136244.47170558604,0.0
2010-02-10,2150599,2,0,2023488.142857143,135243.94606590382,0.0
2010-02-11,2172266,3,0,2034486.0,144844.46606159172,0.0
2010-02-12,2129411,4,0,2051115.857142857,148600.60813068866,0.0
2010-02-13,1919094,5,1,2061582.2857142857,133549.67776039656,0.0
2010-02-14,1855456,6,1,2065812.857142857,125034.91365138988,0.0
2010-02-15,2088106,0,0,2063239.857142857,124250.14807158388,0.0
2010-02-16,2092654,1,0,2058226.5714285714,121899.3333723365,0.0
2010-02-17,2104127,2,0,2051587.7142857143,117205.19589835766,0.0
2010-02-18,2131820,3,0,2045809.7142857143,111102.52150861557,0.0
2010-02-19,2067277,4,0,2036933.4285714286,105658.86298186246,0.0
2010-02-20,1887567,5,1,2032429.5714285714,112000.72761201143,0.0
2010-02-21,1845615,6,1,2031023.7142857143,114623.42836976667,0.0
2010-02-22,2109613,0,0,2034096.142857143,116678.32685983487,0.0
2010-02-23,2130560,1,0,2039511.2857142857,120660.66636745812,0.0
2010-02-24,2084437,2,0,2036698.4285714286,119122.9914582123,0.0
2010-02-25,2051416,3,0,2025212.142857143,112091.23724661584,0.0
2010-02-26,1987179,4,0,2013769.5714285714,111165.95212243107,0.0
2010-02-27,1808877,5,1,2002528.142857143,128657.49249128,0.0
2010-02-28,1770622,6,1,1991814.857142857,145871.97897635138,0.0
2010-03-01,2017776,0,0,1978695.2857142857,137395.12479186562,0.0
2010-03-02,2039429,1,0,1965676.5714285714,124300.58061926583,0.0
2010-03-03,2045017,2,0,1960045.142857143,118794.41579949684,0.0
2010-03-04,2043688,3,0,1958941.142857143,117835.79086654336,0.0
2010-03-05,1995762,4,0,1960167.2857142857,118222.61248412807,0.0
2010-03-06,1793204,5,1,1957928.2857142857,121663.75315696528,0.0
2010-03-07,1768614,6,1,1957641.4285714286,122180.2569237488,0.0
2010-03-08,2041510,0,0,1961032.0,124435.65262282171,0.0
2010-03-09,2047384,1,0,1962168.4285714286,125304.24831034236,0.0
2010-03-10,2037229,2,0,1961055.857142857,124477.88743177272,0.0
2010-03-11,2032173,3,0,1959410.857142857,123274.15352028886,0.0
2010-03-12,1969754,4,0,1955695.4285714286,122384.67068204771,0.0
2010-03-13,1725976,5,1,1946091.4285714286,138798.37865270593,0.0
2010-03-14,1620771,6,1,1924971.0,176447.6199763947,0.0
2010-03-15,1882114,0,0,1902200.142857143,169030.7545758376,0.0
2010-03-16,1916997,1,0,1883573.4285714286,157130.67235357506,0.0
2010-03-17,1881468,2,0,1861321.857142857,142049.7332784438,0.0
2010-03-18,1833974,3,0,1833007.7142857143,120426.13076172015,0.0
2010-03-19,1807553,4,0,1809836.142857143,104247.03160191346,0.0
2010-03-20,1645975,5,1,1798407.4285714286,118397.84879360434,0.0
2010-03-21,1593299,6,1,1794482.857142857,125509.13279044813,0.0
2010-03-22,1804931,0,0,1783456.7142857143,119787.42991193014,0.0
2010-03-23,1899648,1,0,1780978.2857142857,116703.7409422062,0.0
2010-03-24,1871749,2,0,1779589.857142857,115359.02266176237,0.0
2010-03-25,1868681,3,0,1784548.0,118781.1286456487,0.0
2010-03-26,1786241,4,0,1781503.4285714286,118365.59850150658,0.0
2010-03-27,1604778,5,1,1775618.142857143,126940.90192478152,0.0
2010-03-28,1497267,6,1,1761899.2857142857,152537.20588621072,0.0
2010-03-29,1864314,0,0,1770382.5714285714,156917.64155639053,0.0
2010-03-30,1874846,1,0,1766839.4285714286,153760.66751379083,0.0
2010-03-31,1907995,2,0,1772017.4285714286,158422.03793755002,0.0
2010-04-01,1871796,3,0,1772462.4285714286,158742.8653124917,0.0
2010-04-02,1683799,4,0,1757827.857142857,161950.58067965365,1.0
2010-04-03,1610241,5,1,1758608.2857142857,161101.05609183814,0.0
2010-04-04,1504554,6,1,1759649.2857142857,159142.50864525663,0.0
2010-04-05,1526995,0,0,1711460.857142857,172663.67599800392,1.0
2010-04-06,1709491,1,0,1687838.7142857143,157204.54088725377,0.0
2010-04-07,1792354,2,0,1671318.5714285714,134674.8275301904,0.0
2010-04-08,1754984,3,0,1654631.142857143,110817.61870062452,0.0
2010-04-09,1709512,4,0,1658304.4285714286,112360.99640720467,0.0
2010-04-10,1504012,5,1,1643128.857142857,126249.71000155604,0.0
2010-04-11,1453719,6,1,1635866.7142857143,136588.10805449195,0.0
2010-04-12,1715015,0,0,1662726.7142857143,129935.27320133505,0.0
2010-04-13,1732592,1,0,1666026.857142857,131603.61852982492,0.0
2010-04-14,1765949,2,0,1662254.7142857143,127699.75113486155,0.0
2010-04-15,1773146,3,0,1664849.2857142857,130060.49416293009,0.0
2010-04-16,1720682,4,0,1666445.0,130766.39646076565,0.0
2010-04-17,1514909,5,1,1668001.7142857143,128556.61460450893,0.0
2010-04-18,1470245,6,1,1670362.5714285714,124037.92419371795,0.0
2010-04-19,1733053,0,0,1672939.4285714286,125301.10995632288,0.0
2010-04-20,1720969,1,0,1671279.0,124453.01672385236,0.0
2010-04-21,1757165,2,0,1670024.142857143,123379.01878686801,0.0
2010-04-22,1761479,3,0,1668357.4285714286,121822.76852031062,0.0
2010-04-23,1715574,4,0,1667627.7142857143,121471.90212928079,0.0
2010-04-24,1494101,5,1,1664655.142857143,126002.1161547575,0.0
2010-04-25,1458049,6,1,1662912.857142857,129182.52291290673,0.0
2010-04-26,1682220,0,0,1655651.0,125971.37869241365,0.0
2010-04-27,1687338,1,0,1650846.5714285714,123685.60722366422,0.0
2010-04-28,1663637,2,0,1637485.4285714286,115035.59046784845,0.0
2010-04-29,1707536,3,0,1629779.2857142857,106861.36406846144,0.0
2010-04-30,1648285,4,0,1620166.5714285714,100706.67415297368,0.0
2010-05-01,1479490,5,1,1618079.2857142857,103857.17551155978,0.0
2010-05-02,1442493,6,1,1615857.0,107938.37666311044,0.0
2010-05-03,1496695,0,0,1589353.4285714286,111641.25456547519,1.0
2010-05-04,1734367,1,0,1596071.857142857,119648.52486126621,0.0
2010-05-05,1756093,2,0,1609279.857142857,132737.3194149898,0.0
2010-05-06,1735282,3,0,1613243.5714285714,136520.73650287176,0.0
2010-05-07,1689203,4,0,1619089.0,139122.37945900063,0.0
2010-05-08,1525704,5,1,1625691.0,132324.09165505032,0.0
2010-05-09,1498737,6,1,1633725.857142857,120527.92885251537,0.0
2010-05-10,1733173,0,0,1667508.4285714286,108232.26050776106,0.0
2010-05-11,1766514,1,0,1672100.857142857,112152.97223499545,0.0
2010-05-12,1771926,2,0,1674362.7142857143,114268.909585703,0.0
2010-05-13,1739288,3,0,1674935.0,114634.30475793073,0.0
2010-05-14,1696077,4,0,1675917.0,114806.21428883604,0.0
2010-05-15,1479968,5,1,1669383.2857142857,125576.03295177613,0.0
2010-05-16,1437602,6,1,1660649.7142857143,140644.06789328952,0.0
2010-05-17,1666896,0,0,1651181.5714285714,137135.20822635785,0.0
2010-05-18,1678507,1,0,1638609.142857143,128565.83284894809,0.0
2010-05-19,1672043,2,0,1624340.142857143,116257.07730059706,0.0
2010-05-20,1679956,3,0,1615864.142857143,108375.4767823899,0.0
2010-05-21,1638835,4,0,1607686.7142857143,103357.73577518153,0.0
2010-05-22,1421672,5,1,1599358.7142857143,116833.81654543449,0.0
2010-05-23,1370709,6,1,1589802.5714285714,133776.59380083348,0.0
2010-05-24,1619752,0,0,1583067.7142857143,130392.43698123592,0.0
2010-05-25,1621153,1,0,1574874.2857142857,125089.98864779541,0.0
2010-05-26,1629124,2,0,1568743.0,120501.14478847975,0.0
2010-05-27,1616466,3,0,1559673.0,112883.7561624088,0.0
2010-05-28,1566279,4,0,1549307.857142857,107611.50660196006,0.0
2010-05-29,1419267,5,1,1548964.2857142857,108089.70373986723,0.0
2010-05-30,1306197,6,1,1539748.2857142857,126929.61951637716,0.0
2010-05-31,1378438,0,0,1505274.857142857,134144.3643361275,1.0
2010-06-01,1610646,1,0,1503773.857142857,132682.46910504185,0.0
2010-06-02,1584238,2,0,1497361.5714285714,126558.17092133262,0.0
2010-06-03,1583152,3,0,1492602.4285714286,121872.48144797324,0.0
2010-06-04,1567553,4,0,1492784.4285714286,122001.72780041512,0.0
2010-06-05,1416380,5,1,1492372.0,122296.20002137244,0.0
2010-06-06,1378475,6,1,1502697.4285714286,105911.32918289043,0.0
2010-06-07,1610739,0,0,1535883.2857142857,96459.59919696397,0.0
2010-06-08,1647443,1,0,1541140.0,102053.41799927215,0.0
2010-06-09,1631487,2,0,1547889.857142857,106829.78638692964,0.0
2010-06-10,1628678,3,0,1554393.5714285714,110651.73350631792,0.0
2010-06-11,1589776,4,0,1557568.2857142857,111408.43084751522,0.0
2010-06-12,1384934,5,1,1553076.0,118461.12649867112,0.0
2010-06-13,1375826,6,1,1552697.5714285714,119114.28810860548,0.0
2010-06-14,1606580,0,0,1552103.4285714286,118786.44663689488,0.0
2010-06-15,1608994,1,0,1546610.7142857143,114453.07138257843,0.0
2010-06-16,1612959,2,0,1543963.857142857,112358.13534175897,0.0
2010-06-17,1611144,3,0,1541459.0,110331.97549064146,0.0
2010-06-18,1586368,4,0,1540972.142857143,110090.48965651104,0.0
2010-06-19,1360311,5,1,1537454.5714285714,116134.56909100419,0.0
2010-06-20,1332051,6,1,1531201.0,126962.27181857683,0.0
2010-06-21,1601127,0,0,1530422.0,126438.33460097267,0.0
2010-06-22,1628551,1,0,1533215.857142857,128660.41655773688,0.0
2010-06-23,1624998,2,0,1534935.7142857143,129977.75725576644,0.0
2010-06-24,1631790,3,0,1537885.142857143,132210.35022194887,0.0
2010-06-25,1600977,4,0,1539972.142857143,133214.71781354983,0.0
2010-06-26,1403484,5,1,1546139.7142857143,124205.19351690682,0.0
2010-06-27,1348785,6,1,1548530.2857142857,119468.60286523931,0.0
2010-06-28,1604915,0,0,1549071.4285714286,119754.78711775945,0.0
2010-06-29,1650546,1,0,1552213.5714285714,122446.06238783896,0.0
2010-06-30,1646169,2,0,1555238.0,124782.64336036818,0.0
2010-07-01,1621964,3,0,1553834.2857142857,123829.59122616424,0.0
2010-07-02,1598154,4,0,1553431.0,123654.94266169672,0.0
2010-07-03,1391693,5,1,1551746.5714285714,126094.20143006794,0.0
2010-07-04,1313414,6,1,1546693.5714285714,135909.7563763785,0.0
2010-07-05,1561259,0,0,1540457.0,133777.75380085,0.0
2010-07-06,1588045,1,0,1531528.2857142857,127125.85674797084,0.0
2010-07-07,1585978,2,0,1522929.5714285714,119910.11461765807,0.0
2010-07-08,1617089,3,0,1522233.142857143,119251.41395588164,0.0
2010-07-09,1598154,4,0,1522233.142857143,119251.41395588164,0.0
2010-07-10,1391693,5,1,1522233.142857143,119251.41395588164,0.0
2010-07-11,1349066,6,1,1527326.2857142857,109182.7539765581,0.0
2010-07-12,1614282,0,0,1534901.0,113676.05704222641,0.0
2010-07-13,1588045,1,0,1534901.0,113676.05704222641,0.0
2010-07-14,1585978,2,0,1534901.0,113676.05704222641,0.0
2010-07-15,1592536,3,0,1531393.4285714286,111066.25661267796,0.0
2010-07-16,1532984,4,0,1522083.4285714286,107201.60405183576,0.0
2010-07-17,1362646,5,1,1517933.857142857,113468.93894576194,0.0
2010-07-18,1323978,6,1,1514349.857142857,119905.38393865828,0.0
2010-07-19,1598458,0,0,1512089.2857142857,117838.71875112028,0.0
2010-07-20,1662080,1,0,1522665.7142857143,128621.34333735444,0.0
2010-07-21,1640640,2,0,1530474.5714285714,134624.99680576866,0.0
2010-07-22,1609936,3,0,1532960.2857142857,136114.28095258385,0.0
2010-07-23,1562959,4,0,1537242.4285714286,136585.83988327588,0.0
2010-07-24,1386934,5,1,1540712.142857143,131629.90310517218,0.0
2010-07-25,1343064,6,1,1543438.7142857143,126489.55734330635,0.0
2010-07-26,1582700,0,0,1541187.5714285714,125483.39992984413,0.0
2010-07-27,1602204,1,0,1532633.857142857,117666.45303629957,0.0
2010-07-28,1575675,2,0,1523353.142857143,110042.91322090536,0.0
2010-07-29,1562393,3,0,1516561.2857142857,105167.54135777328,0.0
2010-07-30,1539372,4,0,1513191.7142857143,103802.1942971613,0.0
2010-07-31,1363165,5,1,1509796.142857143,108885.00699580753,0.0
2010-08-01,1324521,6,1,1507147.142857143,113734.93979633988,0.0
2010-08-02,1541369,0,0,1501242.7142857143,110176.13514235121,0.0
2010-08-03,1551942,1,0,1494062.4285714286,103962.35325645497,0.0
2010-08-04,1547691,2,0,1490064.7142857143,100790.67846237395,0.0
2010-08-05,1521618,3,0,1484239.7142857143,97021.71555845453,0.0
2010-08-06,1515620,4,0,1480846.5714285714,95169.88250292183,0.0
2010-08-07,1370469,5,1,1481890.0,93693.18192199242,0.0
2010-08-08,1329698,6,1,1482629.5714285714,92253.31789310677,0.0
2010-08-09,1546701,0,0,1483391.2857142857,92839.30023023112,0.0
2010-08-10,1570832,1,0,1486089.857142857,95403.10623425084,0.0
2010-08-11,1556016,2,0,1487279.142857143,96346.2332120138,0.0
2010-08-12,1563733,3,0,1493295.5714285714,100090.15369299121,0.0
2010-08-13,1543265,4,0,1497244.857142857,101651.05252354125,0.0
2010-08-14,1381837,5,1,1498868.857142857,99352.91706744401,0.0
2010-08-15,1317718,6,1,1497157.4285714286,102796.20939973061,0.0
2010-08-16,1551648,0,0,1497864.142857143,103209.75792923073,0.0
2010-08-17,1597127,1,0,1501620.5714285714,106726.71965798097,0.0
2010-08-18,1575082,2,0,1504344.2857142857,108573.58843616451,0.0
2010-08-19,1584056,3,0,1507247.5714285714,110677.66951055027,0.0
2010-08-20,1546419,4,0,1507698.142857143,110855.01321009526,0.0
2010-08-21,1377804,5,1,1507122.0,111625.96860797016,0.0
2010-08-22,1352665,6,1,1512114.4285714286,102119.83192775656,0.0
2010-08-23,1571963,0,0,1515016.5714285714,103706.920082284,0.0
2010-08-24,1540541,1,0,1506932.857142857,98304.54427853477,0.0
2010-08-25,1604025,2,0,1511067.5714285714,102180.89192841577,0.0
2010-08-26,1612533,3,0,1515135.7142857143,106064.19599895916,0.0
2010-08-27,1551486,4,0,1515859.5714285714,106330.23524200398,0.0
2010-08-28,1346018,5,1,1511318.7142857143,113636.25922025196,0.0
2010-08-29,1268787,6,1,1499336.142857143,135477.39892005513,0.0
2010-08-30,1354555,0,0,1468277.857142857,140865.98411070422,1.0
2010-08-31,1584896,1,0,1474614.2857142857,145577.08726274793,0.0
2010-09-01,1620706,2,0,1476997.2857142857,148162.09321968645,0.0
2010-09-02,1614759,3,0,1477315.2857142857,148503.4721319305,0.0
2010-09-03,1590614,4,0,1482905.0,152444.67678035735,0.0
2010-09-04,1399949,5,1,1490609.4285714286,145581.83065531673,0.0
2010-09-05,1343579,6,1,1501294.0,128308.25716739456,0.0
2010-09-06,1561752,0,0,1530893.5714285714,111630.30232701119,0.0
2010-09-07,1632133,1,0,1537641.7142857143,116749.26407150904,0.0
2010-09-08,1660995,2,0,1543397.2857142857,122383.83286844821,0.0
2010-09-09,1650504,3,0,1548503.7142857143,126533.0259757201,0.0
2010-09-10,1605284,4,0,1550599.4285714286,127464.77979538715,0.0
2010-09-11,1415848,5,1,1552870.7142857143,124438.67648459988,0.0
2010-09-12,1369217,6,1,1556533.2857142857,117432.01531626249,0.0
2010-09-13,1593129,0,0,1561015.7142857143,118260.3311141944,0.0
2010-09-14,1618333,1,0,1559044.2857142857,116985.35000263453,0.0
2010-09-15,1602875,2,0,1550741.4285714286,110421.95887120102,0.0
2010-09-16,1632286,3,0,1548138.857142857,107863.79283681662,0.0
2010-09-17,1612823,4,0,1549215.857142857,108564.8334044855,0.0
2010-09-18,1459504,5,1,1555452.4285714286,100587.36380523414,0.0
2010-09-19,1403587,6,1,1560362.4285714286,90293.61677671266,0.0
2010-09-20,1627441,0,0,1565264.142857143,93251.74020258446,0.0
2010-09-21,1684327,1,0,1574691.857142857,102398.57590225695,0.0
2010-09-22,1667473,2,0,1583920.142857143,108113.16001368004,0.0
2010-09-23,1679460,3,0,1590659.2857142857,112990.72826964817,0.0
2010-09-24,1628119,4,0,1592844.4285714286,113636.85146679493,0.0
2010-09-25,1459823,5,1,1592890.0,113574.51305787773,0.0
2010-09-26,1461742,6,1,1601197.857142857,98552.90352636429,0.0
2010-09-27,1741467,0,0,1617487.2857142857,112105.12943173204,0.0
2010-09-28,1763188,1,0,1628753.142857143,123341.04091695024,0.0
2010-09-29,1753190,2,0,1640998.4285714286,131791.34339915105,0.0
2010-09-30,1730686,3,0,1648316.4285714286,135648.71623284757,0.0
2010-10-01,1692827,4,0,1657560.4285714286,136246.43077264907,0.0
2010-10-02,1509291,5,1,1664627.2857142857,125108.41224809233,0.0
2010-10-03,1483566,6,1,1667745.0,119349.20605796749,0.0
2010-10-04,1701580,0,0,1662046.857142857,116152.19185538452,0.0
2010-10-05,1698814,1,0,1652850.5714285714,109146.90433518002,0.0
2010-10-06,1702035,2,0,1645542.7142857143,102839.31966214092,0.0
2010-10-07,1713356,3,0,1643067.0,100632.9241186365,0.0
2010-10-08,1671009,4,0,1639950.142857143,99161.99429457227,0.0
2010-10-09,1483445,5,1,1636257.857142857,105138.974684986,0.0
2010-10-10,1429877,6,1,1628588.0,119157.94279303114,0.0
2010-10-11,1666230,0,0,1623538.0,116262.82193375759,0.0
2010-10-12,1743013,1,0,1629852.142857143,122086.70636946295,0.0
2010-10-13,1777531,2,0,1640637.2857142857,132423.20294509822,0.0
2010-10-14,1804185,3,0,1653612.857142857,144624.0605459896,0.0
2010-10-15,1758154,4,0,1666062.142857143,150021.1346737853,0.0
2010-10-16,1550677,5,1,1675666.7142857143,138056.1605974367,0.0
2010-10-17,1533382,6,1,1690453.142857143,110044.61811379035,0.0
2010-10-18,1759301,0,0,1703749.0,112230.94932474605,0.0
2010-10-19,1802113,1,0,1712191.857142857,117763.57519826129,0.0
2010-10-20,1847778,2,0,1722227.142857143,126898.25825627595,0.0
2010-10-21,1849599,3,0,1728714.857142857,132809.93579727566,0.0
2010-10-22,1804080,4,0,1735275.7142857143,135611.4559931118,0.0
2010-10-23,1612213,5,1,1744066.5714285714,123064.74862561563,0.0
2010-10-24,1586068,6,1,1751593.142857143,108818.3571514617,0.0
2010-10-25,1865865,0,0,1766816.5714285714,117207.07170766564,0.0
2010-10-26,1870945,1,0,1776649.7142857143,123386.2788342835,0.0
2010-10-27,1770810,2,0,1765654.2857142857,119354.94398043005,0.0
2010-10-28,1773777,3,0,1754822.5714285714,113777.26567414912,0.0
2010-10-29,1733389,4,0,1744723.857142857,111796.55078822016,0.0
2010-10-30,1582001,5,1,1740407.857142857,118166.56224221429,0.0
2010-10-31,1589861,6,1,1740949.7142857143,117346.72841727771,0.0
2010-11-01,1816990,0,0,1733967.5714285714,109892.80552407715,0.0
2010-11-02,1795888,1,0,1723245.142857143,97232.62694080528,0.0
2010-11-03,1806187,2,0,1728299.0,100964.7200577192,0.0
2010-11-04,1783152,3,0,1729638.2857142857,101727.81944927864,0.0
2010-11-05,1778745,4,0,1736117.7142857143,103436.62799626809,0.0
2010-11-06,1631621,5,1,1743206.2857142857,92205.10002835165,0.0
2010-11-07,1621885,6,1,1747781.142857143,83733.95898007225,0.0
2010-11-08,1907469,0,0,1760706.7142857143,101332.05181763385,0.0
2010-11-09,1936659,1,0,1780816.857142857,121449.34981084231,0.0
2010-11-10,1981306,2,0,1805833.857142857,143568.1996177297,0.0
2010-11-11,1946218,3,0,1829129.0,152241.892398249,0.0
2010-11-12,1866114,4,0,1841610.2857142857,150999.1325159566,0.0
2010-11-13,1692338,5,1,1850284.142857143,138121.01741278492,0.0
2010-11-14,1708189,6,1,1862613.2857142857,116494.13399210868,0.0
2010-11-15,1980254,0,0,1873011.142857143,124161.04733292738,0.0
2010-11-16,2006284,1,0,1882957.5714285714,132610.88359791186,0.0
2010-11-17,1975574,2,0,1882138.7142857143,131918.26664102025,0.0
2010-11-18,1976008,3,0,1886394.4285714286,134779.5018142061,0.0
2010-11-19,1950166,4,0,1898401.857142857,136405.86119424156,0.0
2010-11-20,1773743,5,1,1910031.142857143,118159.63019636893,0.0
2010-11-21,1730312,6,1,1913191.5714285714,111996.27282765039,0.0
2010-11-22,1988241,0,0,1914332.5714285714,112830.93916690358,0.0
2010-11-23,2011302,1,0,1915049.4285714286,113526.30581478532,0.0
2010-11-24,2055083,2,0,1926407.857142857,124078.20971391095,0.0
2010-11-25,2086925,3,0,1942253.142857143,137792.40434971693,0.0
2010-11-26,2098387,4,0,1963427.5714285714,150053.96431490465,0.0
2010-11-27,1932622,5,1,1986124.5714285714,126793.67963330011,0.0
2010-11-28,1941453,6,1,2016287.5714285714,66641.64711313674,0.0
2010-11-29,2190485,0,0,2045179.5714285714,91616.55152837698,0.0
2010-11-30,2212571,1,0,2073932.2857142857,109122.80967288207,0.0
2010-12-01,2226598,2,0,2098434.4285714286,122607.61617161032,0.0
2010-12-02,2240549,3,0,2120380.714285714,133471.82819445664,0.0
2010-12-03,2247561,4,0,2141691.285714286,141067.65041013883,0.0
2010-12-04,2015110,5,1,2153475.285714286,122977.84964877658,0.0
2010-12-05,1958156,6,1,2155861.4285714286,118249.47287670271,0.0
2010-12-06,2262104,0,0,2166092.714285714,124668.60393821579,0.0
2010-12-07,2303410,1,0,2179069.714285714,134641.84160048582,0.0
2010-12-08,2281025,2,0,2186845.0,139333.71805608354,0.0
2010-12-09,2247000,3,0,2187766.5714285714,139768.77886692443,0.0
2010-12-10,2142187,4,0,2172713.1428571427,137917.70066290177,0.0
2010-12-11,1913163,5,1,2158149.285714286,160815.90790477503,0.0
2010-12-12,1910100,6,1,2151284.1428571427,171450.5564873108,0.0
2010-12-13,2186906,0,0,2140541.5714285714,165605.86543643757,0.0
2010-12-14,2210541,1,0,2127274.5714285714,153673.63575323584,0.0
2010-12-15,2202652,2,0,2116078.4285714286,143095.8915679212,0.0
2010-12-16,2171862,3,0,2105344.4285714286,134178.62645599828,0.0
2010-12-17,2223672,4,0,2116985.1428571427,141255.63013726356,0.0
2010-12-18,2084797,5,1,2141504.285714286,111805.79168765743,0.0
2010-12-19,2051751,6,1,2161740.1428571427,66638.93979104978,0.0
2010-12-20,2321378,0,0,2180950.4285714286,90288.58298598946,0.0
2010-12-21,2312207,1,0,2195474.1428571427,103108.58919512141,0.0
2010-12-22,2260874,2,0,2203791.5714285714,106089.30934964397,0.0
2010-12-23,2187806,3,0,2206069.285714286,105458.81853075868,0.0
2010-12-24,2047831,4,0,2180949.1428571427,120444.8164865348,0.0
2010-12-25,1839441,5,1,2145898.285714286,175985.01918601998,1.0
2010-12-26,1813277,6,1,2111830.5714285714,215821.41771756177,0.0
2010-12-27,1859097,0,0,2045790.4285714286,211702.75391836223,0.0
2010-12-28,1870586,1,0,1982701.7142857143,182923.40713507574,1.0
2010-12-29,1902476,2,0,1931502.0,136303.77028289982,0.0
2010-12-30,1890151,3,0,1888979.857142857,76194.42577255859,0.0
2010-12-31,1830985,4,0,1858001.857142857,32264.029488117303,0.0
2011-01-01,1671744,5,1,1834045.142857143,78076.69349947028,0.0
2011-01-02,1760123,6,1,1826451.7142857143,82870.74951536782,0.0
2011-01-03,1878697,0,0,1829251.7142857143,84473.21266870435,1.0
2011-01-04,2076052,1,0,1858604.0,126481.42358201822,0.0
2011-01-05,2103782,2,0,1887362.0,157259.68142958253,0.0
2011-01-06,2135172,3,0,1922365.0,183125.2722118576,0.0
2011-01-07,2121590,4,0,1963880.0,191696.38389303736,0.0
2011-01-08,1861515,5,1,1990990.142857143,153011.684409425,0.0
2011-01-09,1837537,6,1,2002049.2857142857,135319.09837579465,0.0
2011-01-10,2093160,0,0,2032686.857142857,126742.71885520387,0.0
2011-01-11,2106665,1,0,2037060.142857143,128996.5447255955,0.0
2011-01-12,2088345,2,0,2034854.857142857,127792.10895229761,0.0
2011-01-13,1995515,3,0,2014903.857142857,120196.18481525396,0.0
2011-01-14,1928630,4,0,1987338.142857143,113596.43640600196,0.0
2011-01-15,1741759,5,1,1970230.142857143,141335.16232986614,0.0
2011-01-16,1687317,6,1,1948770.142857143,172753.4002100771,0.0
2011-01-17,2008170,0,0,1936628.7142857143,163661.4574222401,0.0
2011-01-18,2048805,1,0,1928363.0,154867.34229763763,0.0
2011-01-19,2094040,2,0,1929176.5714285714,155859.6360927123,0.0
2011-01-20,2141223,3,0,1949992.0,174777.61263769894,0.0
2011-01-21,2136871,4,0,1979740.7142857143,187774.60196621768,0.0
2011-01-22,1931528,5,1,2006850.5714285714,159217.02477316596,0.0
2011-01-23,1838977,6,1,2028516.2857142857,111724.64391785375,0.0
2011-01-24,2065689,0,0,2036733.2857142857,112093.40009818228,0.0
2011-01-25,2069313,1,0,2039663.0,112727.70362692449,0.0
2011-01-26,2060417,2,0,2034859.7142857143,110723.06331671755,0.0
2011-01-27,2136022,3,0,2034116.7142857143,109904.78884124134,0.0
2011-01-28,2139537,4,0,2034497.5714285714,110324.0331204046,0.0
2011-01-29,1979823,5,1,2041396.857142857,104148.71484313141,0.0
2011-01-30,1907126,6,1,2051132.4285714286,83139.56526599535,0.0
2011-01-31,2145235,0,0,2062496.142857143,90565.43310120652,0.0
2011-02-01,2110607,1,0,2068395.2857142857,92409.57009010296,0.0
2011-02-02,2056776,2,0,2067875.142857143,92472.18751499872,0.0
2011-02-03,2025986,3,0,2052155.7142857143,88211.52219846954,0.0
2011-02-04,1968469,4,0,2027717.4285714286,83541.41117405299,0.0
2011-02-05,1756353,5,1,1995793.142857143,132969.70893331125,0.0
2011-02-06,1692709,6,1,1965162.142857143,174888.530815516,0.0
2011-02-07,1939840,0,0,1935820.0,155833.37087628886,0.0
2011-02-08,2012534,1,0,1921809.5714285714,141223.66098835133,0.0
2011-02-09,1986555,2,0,1911778.0,132247.45822384307,0.0
2011-02-10,1990011,3,0,1906638.7142857143,127689.98294138782,0.0
2011-02-11,1946476,4,0,1903496.857142857,126176.67289615524,0.0
2011-02-12,1720739,5,1,1898409.142857143,133598.42969065937,0.0
2011-02-13,1707910,6,1,1900580.7142857143,129766.20457283402,0.0
2011-02-14,1954850,0,0,1902725.0,130644.1000224165,0.0
2011-02-15,2017639,1,0,1903454.2857142857,131371.46641960953,0.0
2011-02-16,2007428,2,0,1906436.142857143,133786.73164085945,0.0
2011-02-17,2018302,3,0,1910477.7142857143,137118.08203724227,0.0
2011-02-18,1983903,4,0,1915824.4285714286,139465.34519473344,0.0
2011-02-19,1818972,5,1,1929857.7142857143,120171.42740368228,0.0
2011-02-20,1765337,6,1,1938061.5714285714,103265.18163908264,0.0
2011-02-21,2036254,0,0,1949690.7142857143,109844.91293290914,0.0
2011-02-22,2021777,1,0,1950281.857142857,110281.79533272849,0.0
2011-02-23,1973677,2,0,1945460.2857142857,108082.81122934585,0.0
2011-02-24,1893595,3,0,1927645.0,104286.27760960242,0.0
2011-02-25,1850089,4,0,1908528.7142857143,104519.30451789875,0.0
2011-02-26,1693879,5,1,1890658.2857142857,129977.13859844227,0.0
2011-02-27,1687212,6,1,1879497.5714285714,145015.7319418127,0.0
2011-02-28,2006337,0,0,1875223.7142857143,139979.27038281565,0.0
2011-03-01,2037082,1,0,1877410.142857143,142742.16419408165,0.0
2011-03-02,2033842,2,0,1886005.142857143,151073.0797786625,0.0
2011-03-03,2064941,3,0,1910483.142857143,165682.76929867113,0.0
2011-03-04,2003372,4,0,1932380.7142857143,166497.76880558638,0.0
2011-03-05,1820553,5,1,1950477.0,141220.32618807742,0.0
2011-03-06,1742395,6,1,1958360.2857142857,124641.96612392784,0.0
2011-03-07,1980495,0,0,1954668.5714285714,123360.24312132607,0.0
2011-03-08,1973808,1,0,1945629.4285714286,118538.95231084473,0.0
2011-03-09,1931594,2,0,1931022.5714285714,111975.37888431599,0.0
2011-03-10,1901761,3,0,1907711.142857143,95174.44334384122,0.0
2011-03-11,1902955,4,0,1893365.857142857,85420.6832338834,0.0
2011-03-12,1732592,5,1,1880800.0,102649.38249530447,0.0
2011-03-13,1682160,6,1,1872195.0,117618.7044082163,0.0
2011-03-14,1931594,0,0,1865209.142857143,111402.19444342313,0.0
2011-03-15,1944734,1,0,1861055.7142857143,107138.87242689048,0.0
2011-03-16,1945762,2,0,1863079.7142857143,108814.25838359681,0.0
2011-03-17,1948260,3,0,1869722.4285714286,112911.33439098616,0.0
2011-03-18,1908708,4,0,1870544.2857142857,113214.07409227944,0.0
2011-03-19,1708445,5,1,1867094.7142857143,118368.49801181119,0.0
2011-03-20,1636170,6,1,1860524.7142857143,130951.5360412858,0.0
2011-03-21,1847132,0,0,1848458.7142857143,127147.70392567938,0.0
2011-03-22,1837523,1,0,1833142.857142857,119866.49693781706,0.0
2011-03-23,1817543,2,0,1814825.857142857,109102.06178227699,0.0
2011-03-24,1796678,3,0,1793171.2857142857,91889.23613372304,0.0
2011-03-25,1767808,4,0,1773042.7142857143,76507.34006555099,0.0
2011-03-26,1619194,5,1,1760292.5714285714,94409.4254649408,0.0
2011-03-27,1512848,6,1,1742675.142857143,127232.48036885381,0.0
2011-03-28,1805412,0,0,1736715.142857143,122409.59344543818,0.0
2011-03-29,1845700,1,0,1737883.2857142857,123565.485017349,0.0
2011-03-30,1836633,2,0,1740610.4285714286,125806.9614924136,0.0
2011-03-31,1788970,3,0,1739509.2857142857,125267.00638598346,0.0
2011-04-01,1732292,4,0,1734435.5714285714,124647.5105244933,0.0
2011-04-02,1538336,5,1,1722884.4285714286,139918.08978811034,0.0
2011-04-03,1493172,6,1,1720073.5714285714,144948.0499970721,0.0
2011-04-04,1749363,0,0,1712066.5714285714,140940.92265894153,0.0
2011-04-05,1769600,1,0,1701195.142857143,131536.40087878436,0.0
2011-04-06,1716242,2,0,1683996.4285714286,118056.04099164308,0.0
2011-04-07,1715755,3,0,1673537.142857143,110186.77510244907,0.0
2011-04-08,1666778,4,0,1664178.0,107103.64943518436,0.0
2011-04-09,1463053,5,1,1653423.2857142857,124252.80670165831,0.0
2011-04-10,1409741,6,1,1641504.5714285714,144533.01317560862,0.0
2011-04-11,1648673,0,0,1627120.2857142857,136813.95117180026,0.0
2011-04-12,1689200,1,0,1615634.5714285714,125789.71468667088,0.0
2011-04-13,1758619,2,0,1621688.4285714286,132290.37616277073,0.0
2011-04-14,1768316,3,0,1629197.142857143,139798.02160192098,0.0
2011-04-15,1704364,4,0,1634566.5714285714,142183.4737875233,0.0
2011-04-16,1499158,5,1,1639724.4285714286,135418.60587927833,0.0
2011-04-17,1428859,6,1,1642455.5714285714,130095.36916542146,0.0
2011-04-18,1656536,0,0,1643578.857142857,130191.90971079744,0.0
2011-04-19,1660005,1,0,1639408.142857143,128948.54633720296,0.0
2011-04-20,1656357,2,0,1624799.2857142857,118566.76738125118,0.0
2011-04-21,1617322,3,0,1603228.7142857143,100457.54129932934,0.0
2011-04-22,1426797,4,0,1563576.2857142857,108354.28292676416,1.0
2011-04-23,1379591,5,1,1546495.2857142857,127868.71500973166,0.0
2011-04-24,1298762,6,1,1527910.0,154498.13639006118,0.0
2011-04-25,1356055,0,0,1484984.142857143,154547.2600624534,1.0
2011-04-26,1568452,1,0,1471905.142857143,140502.84374991004,0.0
2011-04-27,1598568,2,0,1463649.5714285714,129093.12218299825,0.0
2011-04-28,1591858,3,0,1460011.857142857,124311.27614907536,0.0
2011-04-29,1429875,4,0,1460451.5714285714,124179.58115147002,1.0
2011-04-30,1351470,5,1,1456434.2857142857,127638.15459953026,0.0
2011-05-01,1306692,6,1,1457567.142857143,126030.55842987057,0.0
2011-05-02,1354880,0,0,1457399.2857142857,126188.97659029858,1.0
2011-05-03,1607644,1,0,1462998.142857143,132641.9273136452,0.0
2011-05-04,1639295,2,0,1468816.2857142857,140254.36740522637,0.0
2011-05-05,1650298,3,0,1477164.857142857,150186.65281845664,0.0
2011-05-06,1611777,4,0,1503150.857142857,156254.80107443596,0.0
2011-05-07,1449772,5,1,1517194.0,144311.65816270234,0.0
2011-05-08,1381605,6,1,1527895.857142857,127949.66769715144,0.0
2011-05-09,1600265,0,0,1562950.857142857,104025.26906387403,0.0
2011-05-10,1626609,1,0,1565660.142857143,105618.05413285828,0.0
2011-05-11,1632121,2,0,1564635.2857142857,104816.22105176892,0.0
2011-05-12,1627752,3,0,1561414.4285714286,102055.24870686914,0.0
2011-05-13,1606675,4,0,1560685.5714285714,101653.0494933014,0.0
2011-05-14,1423276,5,1,1556900.4285714286,106832.68357243299,0.0
2011-05-15,1400321,6,1,1559574.142857143,101831.4969388715,0.0
2011-05-16,1610254,0,0,1561001.142857143,102564.10221163182,0.0
2011-05-17,1658172,1,0,1565510.142857143,106545.6376135506,0.0
2011-05-18,1646197,2,0,1567521.0,108133.32447185367,0.0
2011-05-19,1640873,3,0,1569395.4285714286,109457.02606786326,0.0
2011-05-20,1600507,4,0,1568514.2857142857,109131.24504882465,0.0
2011-05-21,1413065,5,1,1567055.5714285714,111439.96719888053,0.0
2011-05-22,1347412,6,1,1559497.142857143,125536.29621140678,0.0
2011-05-23,1588776,0,0,1556428.857142857,124345.79626111775,0.0
2011-05-24,1601475,1,0,1548329.2857142857,118314.22058332631,0.0
2011-05-25,1623324,2,0,1545061.7142857143,115441.83763800716,0.0
2011-05-26,1629988,3,0,1543506.7142857143,114000.47706291998,0.0
2011-05-27,1593614,4,0,1542522.0,113454.52282597017,0.0
2011-05-28,1396901,5,1,1540212.857142857,116648.0520660823,0.0
2011-05-29,1336072,6,1,1538592.857142857,119807.87157282884,0.0
2011-05-30,1431776,0,0,1516164.2857142857,123486.68212499708,1.0
2011-05-31,1579579,1,0,1513036.2857142857,121222.097340268,0.0
2011-06-01,1595277,2,0,1509029.5714285714,117371.60371353755,0.0
2011-06-02,1609780,3,0,1506142.7142857143,114103.7027995736,0.0
2011-06-03,1566159,4,0,1502220.5714285714,111026.25534059222,0.0
2011-06-04,1390336,5,1,1501282.7142857143,112086.844615712,0.0
2011-06-05,1369437,6,1,1506049.142857143,104331.55865386486,0.0
2011-06-06,1608507,0,0,1531296.4285714286,104745.38929846813,0.0
2011-06-07,1613731,1,0,1536175.2857142857,108110.443998595,0.0
2011-06-08,1608114,2,0,1538009.142857143,109381.46808826792,0.0
2011-06-09,1616464,3,0,1538964.0,110138.97264820439,0.0
2011-06-10,1600754,4,0,1543906.142857143,112317.27562198418,0.0
2011-06-11,1418983,5,1,1547998.5714285714,106141.24980556623,0.0
2011-06-12,1402815,6,1,1552766.857142857,97151.65828304087,0.0
2011-06-13,1592409,0,0,1550467.142857143,95793.33954479688,0.0
2011-06-14,1611781,1,0,1550188.5714285714,95581.30365446793,0.0
2011-06-15,1631311,2,0,1553502.4285714286,98288.12682425547,0.0
2011-06-16,1605624,3,0,1551953.857142857,97210.2939206787,0.0
2011-06-17,1584148,4,0,1549581.5714285714,96016.1984421775,0.0
2011-06-18,1401770,5,1,1547122.5714285714,100053.82651496949,0.0
2011-06-19,1357058,6,1,1540585.857142857,111852.11583967216,0.0
2011-06-20,1612051,0,0,1543391.857142857,113601.5609949005,0.0
2011-06-21,1606953,1,0,1542702.142857143,113130.82548011145,0.0
2011-06-22,1615133,2,0,1540391.0,111167.15033079055,0.0
2011-06-23,1616683,3,0,1541970.857142857,112321.31380617293,0.0
2011-06-24,1575670,4,0,1540759.7142857143,111835.38348203283,0.0
2011-06-25,1406361,5,1,1541415.5714285714,110893.9288056578,0.0
2011-06-26,1367780,6,1,1542947.2857142857,107958.29067857645,0.0
2011-06-27,1649024,0,0,1548229.142857143,112702.8652688627,0.0
2011-06-28,1630550,1,0,1551600.142857143,115079.90099264978,0.0
2011-06-29,1593252,2,0,1548474.2857142857,113350.75213795446,0.0
2011-06-30,1583428,3,0,1543723.5714285714,110681.00295874756,0.0
2011-07-01,1551220,4,0,1540230.7142857143,109887.76720017572,0.0
2011-07-02,1381610,5,1,1536694.857142857,115183.79723936053,0.0
2011-07-03,1347825,6,1,1533844.142857143,120198.82892445939,0.0
2011-07-04,1587695,0,0,1525082.857142857,112385.30841178256,0.0
2011-07-05,1612590,1,0,1522517.142857143,109750.3582992397,0.0
2011-07-06,1600251,2,0,1523517.0,110531.27868919563,0.0
2011-07-07,1581312,3,0,1523214.7142857143,110342.85649695103,0.0
2011-07-08,1564742,4,0,1525146.4285714286,111031.05771939523,0.0
2011-07-09,1380750,5,1,1525023.5714285714,111216.6738621253,0.0
2011-07-10,1357635,6,1,1526425.0,108643.71694059727,0.0
2011-07-11,1587774,0,0,1526436.2857142857,108651.14617698878,0.0
2011-07-12,1595130,1,0,1523942.0,106523.27058911571,0.0
2011-07-13,1587130,2,0,1522067.5714285714,105062.13125870338,0.0
2011-07-14,1586890,3,0,1522864.4285714286,105606.11457023221,0.0
2011-07-15,1562543,4,0,1522550.2857142857,105463.95580911388,0.0
2011-07-16,1389509,5,1,1523801.5714285714,103535.4838640084,0.0
2011-07-17,1346160,6,1,1522162.2857142857,106648.93041301478,0.0
2011-07-18,1566687,0,0,1519149.857142857,104767.99463486695,0.0
2011-07-19,1601034,1,0,1519993.2857142857,105502.80196866847,0.0
2011-07-20,1618935,2,0,1524536.857142857,109485.66380343206,0.0
2011-07-21,1603443,3,0,1526901.5714285714,111221.83936599114,0.0
2011-07-22,1550344,4,0,1525158.857142857,110664.47937110692,0.0
2011-07-23,1354763,5,1,1520195.142857143,118280.14565631108,0.0
2011-07-24,1312616,6,1,1515403.142857143,126873.48284207453,0.0
2011-07-25,1537428,0,0,1511223.2857142857,125375.46661889943,0.0
2011-07-26,1562512,1,0,1505720.142857143,121563.85257884659,0.0
2011-07-27,1560012,2,0,1497302.5714285714,114237.05968710169,0.0
2011-07-28,1573093,3,0,1492966.857142857,110035.93685161042,0.0
2011-07-29,1528067,4,0,1489784.4285714286,108410.04945554846,0.0
2011-07-30,1350709,5,1,1489205.2857142857,109259.07571108303,0.0
2011-07-31,1311242,6,1,1489009.0,109629.80075996101,0.0
2011-08-01,1549651,0,0,1490755.142857143,110622.38229435428,0.0
2011-08-02,1587426,1,0,1494314.2857142857,113674.53861459107,0.0
2011-08-03,1579977,2,0,1497166.4285714286,115827.72573936878,0.0
2011-08-04,1571030,3,0,1496871.7142857143,115604.74848915225,0.0
2011-08-05,1510556,4,0,1494370.142857143,115005.11296377907,0.0
2011-08-06,1353431,5,1,1494759.0,114441.62675065132,0.0
2011-08-07,1296243,6,1,1492616.2857142857,118518.13503668328,0.0
2011-08-08,1507289,0,0,1486564.5714285714,116178.92607649547,0.0
2011-08-09,1541279,1,0,1479972.142857143,110680.98098052632,0.0
2011-08-10,1554250,2,0,1476296.857142857,107178.47408168444,0.0
2011-08-11,1582350,3,0,1477914.0,108917.3589899032,0.0
2011-08-12,1575007,4,0,1487121.2857142857,114706.92964350579,0.0
2011-08-13,1389450,5,1,1492266.857142857,108341.53364158921,0.0
2011-08-14,1339252,6,1,1498411.0,95874.28223808888,0.0
2011-08-15,1570508,0,0,1507442.2857142857,99749.25032420109,0.0
2011-08-16,1585803,1,0,1513802.857142857,103611.25893523771,0.0
2011-08-17,1587836,2,0,1518600.857142857,106532.89563703566,0.0
2011-08-18,1611196,3,0,1522721.7142857143,109914.04530923287,0.0
2011-08-19,1555667,4,0,1519958.857142857,108616.13694479992,0.0
2011-08-20,1398665,5,1,1521275.2857142857,106811.59294714578,0.0
2011-08-21,1354668,6,1,1523477.5714285714,102505.16978972837,0.0
2011-08-22,1577518,0,0,1524479.0,103073.87779000388,0.0
2011-08-23,1618700,1,0,1529178.5714285714,107010.67529279977,0.0
2011-08-24,1604739,2,0,1531593.2857142857,108731.7619062621,0.0
2011-08-25,1611360,3,0,1531616.7142857143,108751.78851206726,0.0
2011-08-26,1595264,4,0,1537273.4285714286,111213.21927400393,0.0
2011-08-27,1395336,5,1,1536797.857142857,111909.66210063433,0.0
2011-08-28,1312635,6,1,1530793.142857143,123806.26016271622,0.0
2011-08-29,1370400,0,0,1501204.857142857,135020.0119567895,1.0
2011-08-30,1585238,1,0,1496424.5714285714,130689.78814717868,0.0
2011-08-31,1620749,2,0,1498711.7142857143,133020.58443554325,0.0
2011-09-01,1601259,3,0,1497268.7142857143,131642.564729549,0.0
2011-09-02,1588370,4,0,1496283.857142857,130810.40206017611,0.0
2011-09-03,1432428,5,1,1501582.7142857143,126727.21566646006,0.0
2011-09-04,1396461,6,1,1513557.857142857,108554.31121399501,0.0
2011-09-05,1593801,0,0,1545472.2857142857,90847.22116043716,0.0
2011-09-06,1623150,1,0,1550888.2857142857,94662.98944804161,0.0
2011-09-07,1609590,2,0,1549294.142857143,93375.65015112238,0.0
2011-09-08,1646352,3,0,1555736.0,98947.35202622622,0.0
2011-09-09,1633403,4,0,1562169.2857142857,102811.27176809627,0.0
2011-09-10,1433705,5,1,1562351.7142857143,102543.47382081424,0.0
2011-09-11,1357223,6,1,1556746.2857142857,113599.51486944548,0.0
2011-09-12,1585203,0,0,1555518.0,113177.78831556103,0.0
2011-09-13,1593170,1,0,1551235.142857143,110732.75353365332,0.0
2011-09-14,1621991,2,0,1553006.7142857143,111914.84034854377,0.0
2011-09-15,1648893,3,0,1553369.7142857143,112271.62299637446,0.0
2011-09-16,1614889,4,0,1550724.857142857,110272.2636544573,0.0
2011-09-17,1423375,5,1,1549249.142857143,112152.37239939011,0.0
2011-09-18,1405429,6,1,1556135.7142857143,99118.73998513112,0.0
2011-09-19,1620095,0,0,1561120.2857142857,101668.66869185092,0.0
2011-09-20,1659477,1,0,1570592.7142857143,108041.56599772137,0.0
2011-09-21,1641876,2,0,1573433.4285714286,109864.2460370415,0.0
2011-09-22,1646658,3,0,1573114.142857143,109611.35333597855,0.0
2011-09-23,1609615,4,0,1572360.7142857143,109294.01705296274,0.0
2011-09-24,1438441,5,1,1574513.0,105968.87393476386,0.0
2011-09-25,1393685,6,1,1572835.2857142857,109137.5866429159,0.0
2011-09-26,1633078,0,0,1574690.0,110179.92949717237,0.0
2011-09-27,1656132,1,0,1574212.142857143,109757.35871067933,0.0
2011-09-28,1642956,2,0,1574366.4285714286,109869.02843061638,0.0
2011-09-29,1662374,3,0,1576611.5714285714,111737.18950713883,0.0
2011-09-30,1627957,4,0,1579231.857142857,112849.65113730478,0.0
2011-10-01,1443165,5,1,1579906.7142857143,111877.31279057413,0.0
2011-10-02,1394476,6,1,1580019.7142857143,111658.05856082801,0.0
2011-10-03,1610386,0,0,1576778.0,110180.53434705184,0.0
2011-10-04,1626018,1,0,1572476.0,107110.90105587702,0.0
2011-10-05,1621704,2,0,1569440.0,105061.81931130779,0.0
2011-10-06,1611927,3,0,1562233.2857142857,99190.70433550376,0.0
2011-10-07,1619989,4,0,1561095.0,98352.9537024786,0.0
2011-10-08,1501384,5,1,1569412.0,88706.94468305104,0.0
2011-10-09,1433147,6,1,1574936.4285714286,76338.54766949384,0.0
2011-10-10,1635771,0,0,1578562.857142857,78864.39758520982,0.0
2011-10-11,1667644,1,0,1584509.4285714286,84413.15723444751,0.0
2011-10-12,1718048,2,0,1598272.857142857,98214.54138675872,0.0
2011-10-13,1713073,3,0,1612722.2857142857,107554.41422789931,0.0
2011-10-14,1653804,4,0,1617553.0,108688.5946393109,0.0
2011-10-15,1497955,5,1,1617063.142857143,109305.40467795407,0.0
2011-10-16,1474832,6,1,1623018.142857143,98185.49211472788,0.0
2011-10-17,1683034,0,0,1629770.0,100798.8920987482,0.0
2011-10-18,1721808,1,0,1637507.7142857143,106128.81159345858,0.0
2011-10-19,1773057,2,0,1645366.142857143,114771.17439995363,0.0
2011-10-20,1814261,3,0,1659821.5714285714,130072.4626235471,0.0
2011-10-21,1750133,4,0,1673582.857142857,134354.8816076705,0.0
2011-10-22,1543069,5,1,1680027.7142857143,125303.21536672435,0.0
2011-10-23,1472658,6,1,1679717.142857143,125897.85326927199,0.0
2011-10-24,1676779,0,0,1678823.5714285714,125892.58556386075,0.0
2011-10-25,1726902,1,0,1679551.2857142857,126196.82102271718,0.0
2011-10-26,1754833,2,0,1676947.857142857,124117.14818191381,0.0
2011-10-27,1784409,3,0,1672683.2857142857,119021.07017487731,0.0
2011-10-28,1726058,4,0,1669244.0,116735.94986978798,0.0
2011-10-29,1542797,5,1,1669205.142857143,116784.98374282189,0.0
2011-10-30,1506025,6,1,1673971.857142857,107757.6936687639,0.0
2011-10-31,1721425,0,0,1680349.857142857,109262.2928224149,0.0
2011-11-01,1759921,1,0,1685066.857142857,112278.08182133228,0.0
2011-11-02,1766278,2,0,1686701.857142857,113539.58810687037,0.0
2011-11-03,1770221,3,0,1684675.0,111614.98765399562,0.0
2011-11-04,1763862,4,0,1690075.5714285714,114819.63964679831,0.0
2011-11-05,1595613,5,1,1697620.7142857143,104829.22097824777,0.0
2011-11-06,1575105,6,1,1707489.2857142857,85200.2103141355,0.0
2011-11-07,1864463,0,0,1727923.2857142857,104145.85875703125,0.0
2011-11-08,1880641,1,0,1745169.0,119230.24174959978,0.0
2011-11-09,1850077,2,0,1757140.2857142857,125732.53364280617,0.0
2011-11-10,1835382,3,0,1766449.0,129225.97502953724,0.0
2011-11-11,1804433,4,0,1772244.857142857,129998.1177433379,0.0
2011-11-12,1617528,5,1,1775375.5714285714,125211.11972965338,0.0
2011-11-13,1553198,6,1,1772246.0,131182.41686547743,0.0
2011-11-14,1844882,0,0,1769448.7142857143,129080.20679887112,0.0
2011-11-15,1857990,1,0,1766212.857142857,126077.18416170355,0.0
2011-11-16,1913650,2,0,1775294.7142857143,135092.49543025196,0.0
2011-11-17,1853259,3,0,1777848.5714285714,136578.5406324395,0.0
2011-11-18,1804635,4,0,1777877.4285714286,136585.11488672643,0.0
2011-11-19,1648841,5,1,1782350.7142857143,130850.64661121326,0.0
2011-11-20,1651897,6,1,1796450.5714285714,104759.1790868634,0.0
2011-11-21,1884241,0,0,1802073.2857142857,108771.29315022664,0.0
2011-11-22,1896746,1,0,1807609.857142857,112996.19006325219,0.0
2011-11-23,1892916,2,0,1804647.857142857,109984.88215573368,0.0
2011-11-24,1854081,3,0,1804765.2857142857,110045.85536147737,0.0
2011-11-25,1825588,4,0,1807758.5714285714,110326.32795010206,0.0
2011-11-26,1651855,5,1,1808189.142857143,109606.28264144933,0.0
2011-11-27,1591816,6,1,1799606.142857143,125137.02554590833,0.0
2011-11-28,1889808,0,0,1800401.4285714286,125780.58912760281,0.0
2011-11-29,1862169,1,0,1795461.857142857,121988.18281761557,0.0
2011-11-30,1878846,2,0,1793451.857142857,120217.87519809193,0.0
2011-12-01,1908774,3,0,1801265.142857143,126431.79764657299,0.0
2011-12-02,1916867,4,0,1814305.0,133848.12264404164,0.0
2011-12-03,1676263,5,1,1817791.857142857,129146.17278292551,0.0
2011-12-04,1691964,6,1,1832098.7142857143,102800.09902673136,0.0
2011-12-05,1973523,0,0,1844058.0,114801.60966351604,0.0
2011-12-06,2011418,1,0,1865379.2857142857,131387.23821553466,0.0
2011-12-07,1977492,2,0,1879471.5714285714,138186.70877338343,0.0
2011-12-08,1995949,3,0,1891925.142857143,145026.50208775746,0.0
2011-12-09,1978457,4,0,1900723.7142857143,148615.76850805184,0.0
2011-12-10,1852147,5,1,1925850.0,115526.08159488205,0.0
2011-12-11,1780593,6,1,1938511.2857142857,86941.00598819139,0.0
2011-12-12,1991053,0,0,1941015.5714285714,88358.49573161038,0.0
2011-12-13,2005741,1,0,1940204.5714285714,87627.63806368216,0.0
2011-12-14,2053255,2,0,1951027.857142857,97161.08633849658,0.0
2011-12-15,2053462,3,0,1959244.0,103797.8562029771,0.0
2011-12-16,2061114,4,0,1971052.142857143,110812.38016038672,0.0
2011-12-17,1880616,5,1,1975119.142857143,106145.16875083573,0.0
2011-12-18,1849238,6,1,1984925.5714285714,86538.2966068755,0.0
2011-12-19,2084706,0,0,1998304.5714285714,94515.31245933747,0.0
2011-12-20,2015068,1,0,1999637.0,94703.17685801504,0.0
2011-12-21,1968598,2,0,1987543.142857143,92084.06501204953,0.0
2011-12-22,1860384,3,0,1959960.5714285714,97788.38916568583,0.0
2011-12-23,1787402,4,0,1920858.857142857,105053.35975498449,0.0
2011-12-24,1663842,5,1,1889891.142857143,143725.6833826518,0.0
2011-12-25,1471444,6,1,1835920.5714285714,214863.5255465352,1.0
2011-12-26,1440269,0,0,1743858.142857143,228150.37032801556,0.0
2011-12-27,1561172,1,0,1679015.857142857,201123.23541751906,1.0
2011-12-28,1647323,2,0,1633119.4285714286,155512.36799245398,0.0
2011-12-29,1709635,3,0,1611583.857142857,126532.9739493924,0.0
2011-12-30,1737647,4,0,1604476.0,115966.81003345214,0.0
2011-12-31,1577335,5,1,1592117.857142857,113161.42764274552,0.0
2012-01-01,1478868,6,1,1593178.4285714286,111869.36496029874,0.0
2012-01-02,1608877,0,0,1617265.2857142857,89342.45341142609,1.0
2012-01-03,1881072,1,0,1662965.2857142857,128918.92781216967,0.0
2012-01-04,1956360,2,0,1707113.4285714286,169269.46334849336,0.0
2012-01-05,1937142,3,0,1739614.4285714286,190361.71169544623,0.0
2012-01-06,1939424,4,0,1768439.7142857143,204747.48759607732,0.0
2012-01-07,1699297,5,1,1785862.857142857,190466.0703943808,0.0
2012-01-08,1680248,6,1,1814631.4285714286,146503.23355459888,0.0
2012-01-09,1898593,0,0,1856019.4285714286,116549.7600767726,0.0
2012-01-10,1922898,1,0,1861994.5714285714,119092.59359823028,0.0
2012-01-11,1913613,2,0,1855887.857142857,114452.94480182847,0.0
2012-01-12,1914445,3,0,1852645.4285714286,112063.94698989173,0.0
2012-01-13,1971086,4,0,1857168.5714285714,116693.62024958026,0.0
2012-01-14,1833577,5,1,1876351.4285714286,95535.03821610786,0.0
2012-01-15,1787618,6,1,1891690.0,61280.537144083726,0.0
2012-01-16,2058110,0,0,1914478.142857143,88076.38181607031,0.0
2012-01-17,2097083,1,0,1939361.7142857143,112163.56298685126,0.0
2012-01-18,2020850,2,0,1954681.2857142857,115338.99941146807,0.0
2012-01-19,1956020,3,0,1960620.5714285714,113984.2214049218,0.0
2012-01-20,1956544,4,0,1958543.142857143,113894.17577211774,0.0
2012-01-21,1713743,5,1,1941424.0,141474.62514882511,0.0
2012-01-22,1677810,6,1,1925737.142857143,165430.71576789123,0.0
2012-01-23,1952207,0,0,1910608.142857143,155873.7757818064,0.0
2012-01-24,2030968,1,0,1901163.142857143,144261.8975733956,0.0
2012-01-25,1939855,2,0,1889592.4285714286,136078.3576851457,0.0
2012-01-26,1961412,3,0,1890362.7142857143,136531.55422552995,0.0
2012-01-27,1970229,4,0,1892317.7142857143,137729.8676367578,0.0
2012-01-28,1809804,5,1,1906040.7142857143,120705.17663259289,0.0
2012-01-29,1795001,6,1,1922782.2857142857,87270.6858987526,0.0
2012-01-30,2056814,0,0,1937726.142857143,101021.85428811982,0.0
2012-01-31,2109982,1,0,1949013.857142857,116417.81020879096,0.0
2012-02-01,2111351,2,0,1973513.2857142857,131267.25187407515,0.0
2012-02-02,2163178,3,0,2002337.0,149106.87759679972,0.0
2012-02-03,2146758,4,0,2027555.4285714286,157465.27833129634,0.0
2012-02-04,1985990,5,1,2052724.857142857,128224.66126871358,0.0
2012-02-05,1886890,6,1,2065851.857142857,98761.3022602626,0.0
2012-02-06,2099264,0,0,2071916.142857143,99414.9791235854,0.0
2012-02-07,2133808,1,0,2075319.857142857,101324.99202143027,0.0
2012-02-08,2203004,2,0,2088413.142857143,112105.22007981094,0.0
2012-02-09,2196150,3,0,2093123.4285714286,116381.2851490838,0.0
2012-02-10,2147755,4,0,2093265.857142857,116458.44791230402,0.0
2012-02-11,1970283,5,1,2091022.0,118993.59219582642,0.0
2012-02-12,1898268,6,1,2092647.4285714286,115774.62795428174,0.0
2012-02-13,2054044,0,0,2086187.4285714286,116602.5380996731,0.0
2012-02-14,2024947,1,0,2070635.857142857,116452.15254834462,0.0
2012-02-15,1963756,2,0,2036457.5714285714,105744.59412322659,0.0
2012-02-16,1952236,3,0,2001612.7142857143,81837.20423645017,0.0
2012-02-17,1892682,4,0,1965173.7142857143,59718.36090828305,0.0
2012-02-18,1696803,5,1,1926105.142857143,117409.5100839091,0.0
2012-02-19,1723619,6,1,1901155.2857142857,140581.06930133078,0.0
2012-02-20,1978135,0,0,1890311.142857143,129296.79790496375,0.0
2012-02-21,1929670,1,0,1876700.142857143,117211.67607570968,0.0
2012-02-22,1915467,2,0,1869801.7142857143,112562.9385302834,0.0
2012-02-23,1849651,3,0,1855146.7142857143,106559.64482660599,0.0
2012-02-24,1805905,4,0,1842750.0,106512.78992841362,0.0
2012-02-25,1655009,5,1,1836779.4285714286,116737.93208130813,0.0
2012-02-26,1631243,6,1,1823582.857142857,135392.86238748813,0.0
2012-02-27,1869430,0,0,1808053.5714285714,120079.72889967819,0.0
2012-02-28,1864611,1,0,1798759.4285714286,111294.18009920184,0.0
2012-02-29,1850762,2,0,1789515.857142857,102309.88227020927,0.0
2012-03-01,1843804,3,0,1788680.5714285714,101759.48374616953,0.0
2012-03-02,1843443,4,0,1794043.142857143,103787.3608480856,0.0
2012-03-03,1638907,5,1,1791742.857142857,107494.64201443132,0.0
2012-03-04,1663530,6,1,1796355.2857142857,99883.26476729038,0.0
2012-03-05,1903342,0,0,1801199.857142857,104723.40835335737,0.0
2012-03-06,1933952,1,0,1811105.7142857143,114540.55315144606,0.0
2012-03-07,1899171,2,0,1818021.2857142857,118719.08548574884,0.0
2012-03-08,1902445,3,0,1826398.5714285714,122839.11586415296,0.0
2012-03-09,1847800,4,0,1827021.0,122950.8621333515,0.0
2012-03-10,1643607,5,1,1827692.4285714286,121759.42789076659,0.0
2012-03-11,1573234,6,1,1814793.0,144676.1739172503,0.0
2012-03-12,1829922,0,0,1804304.4285714286,139764.72022755555,0.0
2012-03-13,1876233,1,0,1796058.857142857,132346.9950514331,0.0
2012-03-14,1871528,2,0,1792109.857142857,129130.86250445349,0.0
2012-03-15,1873189,3,0,1787930.4285714286,125383.66999050132,0.0
2012-03-16,1828606,4,0,1785188.4285714286,124059.05501126047,0.0
2012-03-17,1651911,5,1,1786374.7142857143,122509.60228721934,0.0
2012-03-18,1602561,6,1,1790564.2857142857,114227.30688371313,0.0
2012-03-19,1827879,0,0,1790272.4285714286,114112.53786775695,0.0
2012-03-20,1811151,1,0,1780975.0,108452.46842896007,0.0
2012-03-21,1809773,2,0,1772152.857142857,102189.60727724453,0.0
2012-03-22,1791042,3,0,1760417.5714285714,92952.2942622739,0.0
2012-03-23,1750462,4,0,1749254.142857143,87956.30610409654,0.0
2012-03-24,1551164,5,1,1734861.7142857143,111603.38550378359,0.0
2012-03-25,1431382,6,1,1710407.5714285714,155532.58833104334,0.0
2012-03-26,1709976,0,0,1693564.2857142857,146831.58833929282,0.0
2012-03-27,1712015,1,0,1679402.0,138122.46566604634,0.0
2012-03-28,1694547,2,0,1662941.142857143,126361.22017775483,0.0
2012-03-29,1671080,3,0,1645803.7142857143,113580.7487923884,0.0
2012-03-30,1652449,4,0,1631801.857142857,104180.89876657377,0.0
2012-03-31,1520289,5,1,1627391.142857143,108718.62038221004,0.0
2012-04-01,1470084,6,1,1632920.0,97493.93638239712,0.0
2012-04-02,1729669,0,0,1635733.2857142857,100330.90718337822,0.0
2012-04-03,1765254,1,0,1643338.857142857,108742.46954376998,0.0
2012-04-04,1808911,2,0,1659676.5714285714,125081.94802723237,0.0
2012-04-05,1788104,3,0,1676394.2857142857,134337.9784743427,0.0
2012-04-06,1612757,4,0,1670724.0,136339.90441051443,1.0
2012-04-07,1537257,5,1,1673148.0,133337.31513221722,0.0
2012-04-08,1452557,6,1,1670644.142857143,137873.4647668327,0.0
2012-04-09,1522613,0,0,1641064.7142857143,145120.20365512962,1.0
2012-04-10,1666922,1,0,1627017.2857142857,135538.15566439694,0.0
2012-04-11,1734103,2,0,1616330.4285714286,120972.52742098342,0.0
2012-04-12,1734538,3,0,1608678.142857143,109440.3049679492,0.0
2012-04-13,1708504,4,0,1622356.2857142857,115831.77862992938,0.0
2012-04-14,1546086,5,1,1623617.5714285714,114794.11846556969,0.0
2012-04-15,1516837,6,1,1632800.4285714286,100512.21740475425,0.0
2012-04-16,1759355,0,0,1666620.7142857143,97026.064487365,0.0
2012-04-17,1757344,1,0,1679538.142857143,102913.35126443868,0.0
2012-04-18,1813474,2,0,1690876.857142857,113731.02208930397,0.0
2012-04-19,1805110,3,0,1700958.5714285714,121133.46709568171,0.0
2012-04-20,1752863,4,0,1707295.5714285714,122743.59069059617,0.0
2012-04-21,1569481,5,1,1710637.7142857143,117843.16914119231,0.0
2012-04-22,1527249,6,1,1712125.142857143,115021.22386967442,0.0
2012-04-23,1770744,0,0,1713752.142857143,115878.00535251613,0.0
2012-04-24,1787464,1,0,1718055.0,118300.36528825639,0.0
2012-04-25,1818473,2,0,1718769.142857143,118985.4877193479,0.0
2012-04-26,1769832,3,0,1713729.4285714286,115412.41878131637,0.0
2012-04-27,1742210,4,0,1712207.5714285714,114879.39519754598,0.0
2012-04-28,1581428,5,1,1713914.2857142857,112469.02139510683,0.0
2012-04-29,1589034,6,1,1722740.7142857143,96696.69127520855,0.0
2012-04-30,1722603,0,0,1715863.4285714286,94398.20331599157,0.0
2012-05-01,1753707,1,0,1711041.0,90929.3022848057,0.0
2012-05-02,1752587,2,0,1701628.7142857143,80801.32601989283,0.0
2012-05-03,1789842,3,0,1704487.2857142857,83910.48931196271,0.0
2012-05-04,1753713,4,0,1706130.5714285714,84879.41088953175,0.0
2012-05-05,1565313,5,1,1703828.4285714286,88946.46744692727,0.0
2012-05-06,1503664,6,1,1691632.7142857143,110540.89283566669,0.0
2012-05-07,1548397,0,0,1666746.142857143,121475.41254705736,1.0
2012-05-08,1699575,1,0,1659013.0,116643.75095278327,0.0
2012-05-09,1741084,2,0,1657369.7142857143,115177.57353136514,0.0
2012-05-10,1701033,3,0,1644682.7142857143,102327.98323808119,0.0
2012-05-11,1644918,4,0,1629140.5714285714,90597.68360332018,0.0
2012-05-12,1469178,5,1,1615407.0,107580.5358324711,0.0
2012-05-13,1397836,6,1,1600288.7142857143,130825.66911188731,0.0
2012-05-14,1642697,0,0,1613760.142857143,129439.49111642005,0.0
2012-05-15,1695556,1,0,1613186.0,129003.5892407711,0.0
2012-05-16,1706217,2,0,1608205.0,123810.84514425596,0.0
2012-05-17,1712927,3,0,1609904.142857143,125368.92381212786,0.0
2012-05-18,1666826,4,0,1613033.857142857,126655.54613127338,0.0
2012-05-19,1498626,5,1,1617240.7142857143,121463.66453075461,0.0
2012-05-20,1453827,6,1,1625239.4285714286,105386.81777284725,0.0
2012-05-21,1643825,0,0,1625400.5714285714,105418.81794199417,0.0
2012-05-22,1624864,1,0,1615301.7142857143,100865.71799463399,0.0
2012-05-23,1620471,2,0,1603052.2857142857,92874.60294705458,0.0
2012-05-24,1624955,3,0,1590484.857142857,80680.27997685973,0.0
2012-05-25,1548155,4,0,1573531.857142857,74170.8194113054,0.0
2012-05-26,1347912,5,1,1552001.2857142857,111845.38186967332,0.0
2012-05-27,1326319,6,1,1533785.857142857,137857.4308944249,0.0
2012-05-28,1578359,0,0,1524433.5714285714,131208.43651973753,0.0
2012-05-29,1624864,1,0,1524433.5714285714,131208.43651973753,0.0
2012-05-30,1620471,2,0,1524433.5714285714,131208.43651973753,0.0
2012-05-31,1624955,3,0,1524433.5714285714,131208.43651973753,0.0
2012-06-01,1548155,4,0,1524433.5714285714,131208.43651973753,0.0
2012-06-02,1347912,5,1,1524433.5714285714,131208.43651973753,0.0
2012-06-03,1326319,6,1,1524433.5714285714,131208.43651973753,0.0
2012-06-04,1578359,0,0,1524433.5714285714,131208.43651973753,0.0
2012-06-05,1399715,1,0,1492269.4285714286,130077.31634155376,1.0
2012-06-06,1545240,2,0,1481522.142857143,120472.92837595417,0.0
2012-06-07,1586792,3,0,1476070.2857142857,113565.73567721187,0.0
2012-06-08,1543803,4,0,1475448.5714285714,113116.36101063059,0.0
2012-06-09,1382914,5,1,1480448.857142857,107155.58519186536,0.0
2012-06-10,1374768,6,1,1487370.142857143,96584.17568703712,0.0
2012-06-11,1578359,0,0,1487370.142857143,96584.17568703712,0.0
2012-06-12,1635685,1,0,1521080.142857143,101923.45333538853,0.0
2012-06-13,1626198,2,0,1532645.5714285714,109438.02908931607,0.0
2012-06-14,1602938,3,0,1534952.142857143,110929.43789549795,0.0
2012-06-15,1573628,4,0,1539212.857142857,111894.63019649845,0.0
2012-06-16,1409102,5,1,1542954.0,106084.85515065267,0.0
2012-06-17,1365700,6,1,1541658.5714285714,108508.58793026784,0.0
2012-06-18,1582472,0,0,1542246.142857143,108751.30630699483,0.0
2012-06-19,1582635,1,0,1534667.5714285714,102842.49793067388,0.0
2012-06-20,1584532,2,0,1528715.2857142857,97741.24873821887,0.0
2012-06-21,1613616,3,0,1530240.7142857143,99165.63725524938,0.0
2012-06-22,1550396,4,0,1526921.857142857,97851.602750344,0.0
2012-06-23,1357127,5,1,1519496.857142857,109554.0029428917,0.0
2012-06-24,1341734,6,1,1516073.142857143,115380.95216922848,0.0
2012-06-25,1564643,0,0,1513526.142857143,113857.65753113748,0.0
2012-06-26,1608725,1,0,1517253.2857142857,116883.80567857278,0.0
2012-06-27,1621718,2,0,1522565.5714285714,121215.95924748243,0.0
2012-06-28,1620323,3,0,1523523.7142857143,122079.04590294372,0.0
2012-06-29,1521406,4,0,1519382.2857142857,121505.87479036984,0.0
2012-06-30,1346762,5,1,1517901.5714285714,123853.2083730063,0.0
2012-07-01,1304286,6,1,1512551.857142857,133187.81624637364,0.0
2012-07-02,1577142,0,0,1514337.4285714286,134083.33721466156,0.0
2012-07-03,1616250,1,0,1515412.4285714286,134993.28200057705,0.0
2012-07-04,1613572,2,0,1514248.7142857143,133955.25648603603,0.0
2012-07-05,1597046,3,0,1510923.4285714286,131142.60571207962,0.0
2012-07-06,1580116,4,0,1519310.5714285714,133775.69328153,0.0
2012-07-07,1386349,5,1,1524965.857142857,125868.65565399702,0.0
2012-07-08,1358584,6,1,1532722.7142857143,110769.77029364281,0.0
2012-07-09,1579011,0,0,1532989.7142857143,110896.86311571844,0.0
2012-07-10,1609200,1,0,1531982.5714285714,110043.41386298716,0.0
2012-07-11,1579241,2,0,1527078.142857143,106509.36413203836,0.0
2012-07-12,1588813,3,0,1525902.0,105649.95366461336,0.0
2012-07-13,1560803,4,0,1523143.0,104240.99776800047,0.0
2012-07-14,1393518,5,1,1524167.142857143,102696.81413661834,0.0
2012-07-15,1312427,6,1,1517573.2857142857,115752.30165993684,0.0
2012-07-16,1569737,0,0,1516248.4285714286,114982.42305074561,0.0
2012-07-17,1584739,1,0,1512754.0,112020.26021365469,0.0
2012-07-18,1567170,2,0,1511029.5714285714,110913.62743123117,0.0
2012-07-19,1573953,3,0,1508906.7142857143,109307.32435465153,0.0
2012-07-20,1555771,4,0,1508187.857142857,108925.02502552427,0.0
2012-07-21,1359030,5,1,1503261.0,115554.4166341911,0.0
2012-07-22,1273770,6,1,1497738.5714285714,126591.18072607028,0.0
2012-07-23,1509134,0,0,1489081.0,122863.99628587237,0.0
2012-07-24,1567954,1,0,1486683.142857143,120832.95537839714,0.0
2012-07-25,1581567,2,0,1488739.857142857,122541.70738355869,0.0
2012-07-26,1577498,3,0,1489246.2857142857,122959.17561629806,0.0
2012-07-27,1520915,4,0,1484266.857142857,120497.27528099703,0.0
2012-07-28,1328344,5,1,1479883.142857143,126234.37753960304,0.0
2012-07-29,1284955,6,1,1481481.0,123225.53146163141,0.0
2012-07-30,1477338,0,0,1476938.7142857143,122620.85137218547,0.0
2012-07-31,1535563,1,0,1472311.4285714286,119176.60660949309,0.0
2012-08-01,1518504,2,0,1463302.4285714286,111689.46576537043,0.0
2012-08-02,1527152,3,0,1456110.142857143,104499.80621901163,0.0
2012-08-03,1498866,4,0,1452960.2857142857,102534.7092528812,0.0
2012-08-04,1351808,5,1,1456312.2857142857,98068.1009311364,0.0
2012-08-05,1332451,6,1,1463097.4285714286,85009.94658246677,0.0
2012-08-06,1522638,0,0,1469568.857142857,87948.16291890932,0.0
2012-08-07,1546285,1,0,1471100.5714285714,89370.94308528851,0.0
2012-08-08,1557631,2,0,1476690.142857143,93936.78696767862,0.0
2012-08-09,1542625,3,0,1478900.5714285714,95491.29460647481,0.0
2012-08-10,1516440,4,0,1481411.142857143,96331.02100817637,0.0
2012-08-11,1339865,5,1,1479705.0,99075.68916911379,0.0
2012-08-12,1324251,6,1,1478533.5714285714,101134.03069831255,0.0
2012-08-13,1543868,0,0,1481566.4285714286,102978.60001939192,0.0
2012-08-14,1565784,1,0,1484352.0,105259.47492111198,0.0
2012-08-15,1569654,2,0,1486069.5714285714,106742.14363418317,0.0
2012-08-16,1548286,3,0,1486878.2857142857,107262.21819870362,0.0
2012-08-17,1546816,4,0,1491217.7142857143,109253.46743348539,0.0
2012-08-18,1394096,5,1,1498965.0,98083.94456621457,0.0
2012-08-19,1370918,6,1,1505631.7142857143,84933.99196575955,0.0
2012-08-20,1572967,0,0,1509788.7142857143,87781.69946087695,0.0
2012-08-21,1584382,1,0,1512445.5714285714,90012.06824987794,0.0
2012-08-22,1533241,2,0,1507243.7142857143,87161.98034831307,0.0
2012-08-23,1565814,3,0,1509747.7142857143,88774.4181896248,0.0
2012-08-24,1547694,4,0,1509873.142857143,88836.11935925133,0.0
2012-08-25,1376175,5,1,1507313.0,92894.29735996512,0.0
2012-08-26,1296217,6,1,1496641.4285714286,113237.84042574863,0.0
2012-08-27,1351471,0,0,1464999.142857143,119147.71769171394,1.0
2012-08-28,1526743,1,0,1456765.0,111252.34180457273,0.0
2012-08-29,1578601,2,0,1463245.0,117589.68269793697,0.0
2012-08-30,1560285,3,0,1462455.142857143,116801.82331686586,0.0
2012-08-31,1545562,4,0,1462150.5714285714,116545.00788087782,0.0
2012-09-01,1367109,5,1,1460855.4285714286,117704.28541031913,0.0
2012-09-02,1358137,6,1,1469701.142857143,104899.41976393883,0.0
2012-09-03,1559595,0,0,1499433.142857143,94813.78741588412,0.0
2012-09-04,1592908,1,0,1508885.2857142857,101081.02797050029,0.0
2012-09-05,1577432,2,0,1508718.2857142857,100947.52868977557,0.0
2012-09-06,1565204,3,0,1509421.0,101382.5055059713,0.0
2012-09-07,1551780,4,0,1510309.2857142857,101778.40649784086,0.0
2012-09-08,1386392,5,1,1513064.0,97424.42959375391,0.0
2012-09-09,1324076,6,1,1508198.142857143,106846.8294217373,0.0
2012-09-10,1567062,0,0,1509264.857142857,107480.86755547626,0.0
2012-09-11,1560066,1,0,1504573.142857143,103877.5856724851,0.0
2012-09-12,1589731,2,0,1506330.142857143,105408.06029969668,0.0
2012-09-13,1582894,3,0,1508857.2857142857,107250.75218496015,0.0
2012-09-14,1530246,4,0,1505781.0,106117.24335690358,0.0
2012-09-15,1383856,5,1,1505418.7142857143,106596.02054285638,0.0
2012-09-16,1354719,6,1,1509796.2857142857,98206.71354634098,0.0
2012-09-17,1565223,0,0,1509533.5714285714,98030.29039173228,0.0
2012-09-18,1591418,1,0,1514012.4285714286,101382.72303645907,0.0
2012-09-19,1613198,2,0,1517364.857142857,104639.49482299305,0.0
2012-09-20,1644471,3,0,1526161.5714285714,113296.63938361425,0.0
2012-09-21,1627669,4,0,1540079.142857143,119685.66811365195,0.0
2012-09-22,1440442,5,1,1548162.857142857,108790.6397067839,0.0
2012-09-23,1437759,6,1,1560025.7142857143,86405.83880294125,0.0
2012-09-24,1652507,0,0,1572494.857142857,93303.47764050019,0.0
2012-09-25,1663631,1,0,1582811.0,99528.87789816821,0.0
2012-09-26,1703444,2,0,1595703.2857142857,109469.5230931419,0.0
2012-09-27,1686737,3,0,1601741.2857142857,113691.91116744677,0.0
2012-09-28,1630774,4,0,1602184.857142857,113815.91777285827,0.0
2012-09-29,1427636,5,1,1600355.4285714286,116909.86760586502,0.0
2012-09-30,1411562,6,1,1596613.0,123230.69324645476,0.0
2012-10-01,1631887,0,0,1593667.2857142857,121911.3050263999,0.0
2012-10-02,1654704,1,0,1592392.0,121101.45365079296,0.0
2012-10-03,1663187,2,0,1586641.0,115788.05333597738,0.0
2012-10-04,1687489,3,0,1586748.4285714286,115896.69888434063,0.0
2012-10-05,1676948,4,0,1593344.7142857143,120059.2934924514,0.0
2012-10-06,1486121,5,1,1601699.7142857143,108038.81128514235,0.0
2012-10-07,1470980,6,1,1610188.0,91710.81798422249,0.0
2012-10-08,1722910,0,0,1623191.2857142857,101256.31619759159,0.0
2012-10-09,1743600,1,0,1635890.7142857143,110975.46900962696,0.0
2012-10-10,1750074,2,0,1648303.142857143,119099.10801014196,0.0
2012-10-11,1746688,3,0,1656760.142857143,124332.20817958427,0.0
2012-10-12,1664949,4,0,1655046.0,124089.97256695892,0.0
2012-10-13,1540188,5,1,1662769.857142857,113011.08094995886,0.0
2012-10-14,1470980,6,1,1662769.857142857,113011.08094995886,0.0
2012-10-15,1743662,0,0,1665734.4285714286,115104.45090708273,0.0
2012-10-16,1727923,1,0,1663494.857142857,113477.94877777573,0.0
2012-10-17,1729612,2,0,1660571.7142857143,111114.94379353327,0.0
2012-10-18,1730324,3,0,1658234.0,109156.07842749124,0.0
2012-10-19,1739617,4,0,1668900.857142857,113484.15845458266,0.0
2012-10-20,1551224,5,1,1670477.4285714286,111456.54563679821,0.0
2012-10-21,1517868,6,1,1677175.7142857143,98074.55824816856,0.0
2012-10-22,1763532,0,0,1680014.2857142857,100575.25651093354,0.0
2012-10-23,1773946,1,0,1686589.0,105607.47077583414,0.0
2012-10-24,1754802,2,0,1690187.5714285714,107725.74292133884,0.0
2012-10-25,1757000,3,0,1693998.4285714286,109833.45226275276,0.0
2012-10-26,1757562,4,0,1696562.0,111275.62901792712,0.0
2012-10-27,1617772,5,1,1706068.857142857,98949.19673488116,0.0
2012-10-28,1605375,6,1,1718569.857142857,73452.28205766136,0.0
2012-10-29,1823087,0,0,1727077.7142857143,82428.73676237042,0.0
2012-10-30,1828961,1,0,1734937.0,89924.1986008331,0.0
2012-10-31,1810615,2,0,1742910.2857142857,94344.8439038413,0.0
2012-11-01,1843465,3,0,1755262.4285714286,101858.0711183679,0.0
2012-11-02,1803396,4,0,1761810.142857143,103490.61523061716,0.0
2012-11-03,1674135,5,1,1769862.0,91967.35099843208,0.0
2012-11-04,1676765,6,1,1780060.5714285714,72607.3505504404,0.0
2012-11-05,1883421,0,0,1788679.7142857143,81591.50425283426,0.0
2012-11-06,1913701,1,0,1800785.4285714286,93919.24108130301,0.0
2012-11-07,1865123,2,0,1808572.2857142857,97076.60178560183,0.0
2012-11-08,1843959,3,0,1808642.857142857,97106.37025179352,0.0
2012-11-09,1804014,4,0,1808731.142857143,97101.08573789692,0.0
2012-11-10,1659156,5,1,1806591.2857142857,100661.37448349777,0.0
2012-11-11,1642894,6,1,1801752.5714285714,108454.53630725297,0.0
2012-11-12,1878182,0,0,1801004.142857143,107813.20496030031,0.0
2012-11-13,1833268,1,0,1789513.7142857143,97603.18318702662,0.0
2012-11-14,1844965,2,0,1786634.0,95270.07218955054,0.0
2012-11-15,1880357,3,0,1791833.7142857143,99805.5658379846,0.0
2012-11-16,1861202,4,0,1800003.4285714286,103249.93617086606,0.0
2012-11-17,1661883,5,1,1800393.0,102633.2371505557,0.0
2012-11-18,1646397,6,1,1800893.4285714286,101741.96792353975,0.0
2012-11-19,1854568,0,0,1797520.0,99109.65679825994,0.0
2012-11-20,1861384,1,0,1801536.5714285714,101344.38439772869,0.0
2012-11-21,1914513,2,0,1811472.0,109400.45803683318,0.0
2012-11-22,1864004,3,0,1809135.857142857,107847.90692364758,0.0
2012-11-23,1854655,4,0,1808200.5714285714,107348.35194025077,0.0
2012-11-24,1750163,5,1,1820812.0,91276.32319867467,0.0
2012-11-25,1655276,6,1,1822080.4285714286,88467.05201535749,0.0
2012-11-26,1912729,0,0,1830389.142857143,94548.92369109826,0.0
2012-11-27,1931135,1,0,1840353.5714285714,101760.34880355575,0.0
2012-11-28,1968831,2,0,1848113.2857142857,110088.1072727979,0.0
2012-11-29,2026383,3,0,1871310.2857142857,129407.12161330393,0.0
2012-11-30,2044532,4,0,1898435.5714285714,144369.3842357909,0.0
2012-12-01,1844535,5,1,1911917.2857142857,132100.5516323601,0.0
2012-12-02,1828412,6,1,1936651.0,83195.97476442263,0.0
2012-12-03,1998482,0,0,1948901.4285714286,85371.46359462384,0.0
2012-12-04,2033069,1,0,1963463.4285714286,90382.42082555774,0.0
2012-12-05,2079838,2,0,1979321.5714285714,100637.7639140575,0.0
2012-12-06,2119233,3,0,1992585.857142857,113208.21378539079,0.0
2012-12-07,2028218,4,0,1990255.2857142857,112123.31374833387,0.0
2012-12-08,1833417,5,1,1988667.0,114583.31215903947,0.0
2012-12-09,1725531,6,1,1973969.7142857143,141905.3854812211,0.0
2012-12-10,2045114,0,0,1980631.4285714286,144321.8848902974,0.0
2012-12-11,2156679,1,0,1998290.0,158657.44611374498,0.0
2012-12-12,2185812,2,0,2013429.142857143,172212.64950581334,0.0
2012-12-13,2177238,3,0,2021715.5714285714,179397.79406936697,0.0
2012-12-14,2079168,4,0,2028994.142857143,180734.18227647332,0.0
2012-12-15,1787960,5,1,2022500.2857142857,189534.92018158743,0.0
2012-12-16,1761749,6,1,2027674.2857142857,180348.7363514756,0.0
2012-12-17,1984222,0,0,2018975.4285714286,180835.2228373158,0.0
2012-12-18,2018003,1,0,1999164.5714285714,170538.19148005612,0.0
2012-12-19,2014024,2,0,1974623.4285714286,150370.27337860005,0.0
2012-12-20,1974298,3,0,1945632.0,121608.13811173366,0.0
2012-12-21,1892829,4,0,1919012.142857143,107025.86251530655,0.0
2012-12-22,1718561,5,1,1909098.0,123183.5868450112,0.0
2012-12-23,1590381,6,1,1884616.857142857,166692.67640724918,0.0
2012-12-24,1695017,0,0,1843301.857142857,173588.16538811562,0.0
2012-12-25,1503781,1,0,1769841.5714285714,194840.1631490655,1.0
2012-12-26,1484277,2,0,1694163.4285714286,186908.14675651325,1.0
2012-12-27,1687204,3,0,1653150.0,141071.06850686457,0.0
2012-12-28,1672003,4,0,1621603.4285714286,96046.3322254114,0.0
2012-12-29,1587444,5,1,1602872.4285714286,86274.3018707621,0.0
2012-12-30,1555473,6,1,1597885.5714285714,88106.11009054579,0.0
2012-12-31,1620139,0,0,1587188.7142857143,78353.75039889962,0.0
2013-01-01,1516795,1,0,1589047.857142857,76168.77590026308,1.0
2013-01-02,1824345,2,0,1637629.0,102206.5028704227,0.0
2013-01-03,1836061,3,0,1658894.2857142857,126773.4900898969,0.0
2013-01-04,1818652,4,0,1679844.142857143,140657.69324905289,0.0
2013-01-05,1650757,5,1,1688888.857142857,135673.10437522738,0.0
2013-01-06,1638561,6,1,1700758.5714285714,125293.00256580266,0.0
2013-01-07,1886483,0,0,1738807.7142857143,136656.4464374319,0.0
2013-01-08,1902453,1,0,1793901.7142857143,106686.92398590126,0.0
2013-01-09,1931184,2,0,1809164.4285714286,118730.49151455489,0.0
2013-01-10,2021164,3,0,1835607.7142857143,143705.27646740587,0.0
2013-01-11,1996457,4,0,1861008.4285714286,155443.37734993588,0.0
2013-01-12,1816839,5,1,1884734.4285714286,128309.96002111948,0.0
2013-01-13,1827634,6,1,1911744.857142857,77816.91578192887,0.0
2013-01-14,2083713,0,0,1939920.5714285714,99758.55760595872,0.0
2013-01-15,2116698,1,0,1970527.0,117615.03939265473,0.0
2013-01-16,2176965,2,0,2005638.5714285714,138707.6085426517,0.0
2013-01-17,2163463,3,0,2025967.0,151224.77766006408,0.0
2013-01-18,2104328,4,0,2041377.142857143,153199.7057062405,0.0
2013-01-19,1930355,5,1,2057593.7142857143,129671.76334592134,0.0
2013-01-20,1895415,6,1,2067276.7142857143,110794.65917140277,0.0
2013-01-21,2125957,0,0,2073311.5714285714,112968.30451040209,0.0
2013-01-22,2159505,1,0,2079426.857142857,116801.95122005489,0.0
2013-01-23,2167244,2,0,2078038.142857143,115499.52123196045,0.0
2013-01-24,2148104,3,0,2075844.0,113738.70252177086,0.0
2013-01-25,2121381,4,0,2078280.142857143,114629.61461221709,0.0
2013-01-26,1830272,5,1,2063982.5714285714,139663.24884624532,0.0
2013-01-27,1699354,6,1,2035973.857142857,189772.88658765773,0.0
2013-01-28,1984303,0,0,2015737.5714285714,186095.33917042313,0.0
2013-01-29,1936455,1,0,1983873.2857142857,176209.23890432215,0.0
2013-01-30,1887533,2,0,1943914.5714285714,158523.35007485395,0.0
2013-01-31,1901047,3,0,1908620.7142857143,130513.49010060358,0.0
2013-02-01,1914476,4,0,1879062.857142857,92063.65854746946,0.0
2013-02-02,1761681,5,1,1869264.142857143,101308.23624371167,0.0
2013-02-03,1729357,6,1,1873550.2857142857,93234.56728188465,0.0
2013-02-04,1883732,0,0,1859183.0,80154.72382629,0.0
2013-02-05,1971081,1,0,1864129.5714285714,86532.8443884433,0.0
2013-02-06,1985319,2,0,1878099.0,98065.23469440562,0.0
2013-02-07,2046863,3,0,1898929.857142857,117344.18481605756,0.0
2013-02-08,1995459,4,0,1910498.857142857,122988.64906762097,0.0
2013-02-09,1830727,5,1,1920362.5714285714,111275.17795067606,0.0
2013-02-10,1768159,6,1,1925905.7142857143,100631.92433934845,0.0
2013-02-11,2035947,0,0,1947650.7142857143,106286.76021926274,0.0
2013-02-12,2095323,1,0,1965399.5714285714,120301.16690881003,0.0
2013-02-13,2089359,2,0,1980262.4285714286,129265.26292713519,0.0
2013-02-14,1993868,3,0,1972691.7142857143,126230.81679569017,0.0
2013-02-15,1939812,4,0,1964742.142857143,126310.2471198537,0.0
2013-02-16,1745895,5,1,1952623.2857142857,144124.72474529504,0.0
2013-02-17,1670619,6,1,1938689.0,167715.93639544895,0.0
2013-02-18,1924744,0,0,1922802.857142857,162142.2059196138,0.0
2013-02-19,1964157,1,0,1904064.857142857,145619.22181662152,0.0
2013-02-20,1991202,2,0,1890042.4285714286,128525.1657210418,0.0
2013-02-21,2043188,3,0,1897088.142857143,136283.18035061558,0.0
2013-02-22,2062214,4,0,1914574.142857143,149855.22504230018,0.0
2013-02-23,1880151,5,1,1933753.5714285714,132222.58821253394,0.0
2013-02-24,1830794,6,1,1956635.7142857143,84254.17935968364,0.0
2013-02-25,2052152,0,0,1974836.857142857,89795.98044536955,0.0
2013-02-26,2063977,1,0,1989096.857142857,95558.3426890533,0.0
2013-02-27,2031468,2,0,1994849.142857143,96908.5838379581,0.0
2013-02-28,2002783,3,0,1989077.0,94728.31262441563,0.0
2013-03-01,1963370,4,0,1974956.4285714286,89215.85676859647,0.0
2013-03-02,1774806,5,1,1959907.142857143,113463.33648721885,0.0
2013-03-03,1740462,6,1,1947002.5714285714,133892.8948075838,0.0
2013-03-04,1933391,0,0,1930036.7142857143,125617.03312544999,0.0
2013-03-05,1929217,1,0,1910785.2857142857,111163.68063014277,0.0
2013-03-06,1921570,2,0,1895085.5714285714,98294.4629516569,0.0
2013-03-07,1912445,3,0,1882180.142857143,87089.58195910566,0.0
2013-03-08,1891118,4,0,1871858.4285714286,79843.49232689304,0.0
2013-03-09,1728254,5,1,1865208.142857143,90501.72513537205,0.0
2013-03-10,1699382,6,1,1859339.5714285714,100696.74117345913,0.0
2013-03-11,2028297,0,0,1872897.5714285714,117342.28077560662,0.0
2013-03-12,2078685,1,0,1894250.142857143,140594.17171589463,0.0
2013-03-13,2032246,2,0,1910061.0,150081.6035206701,0.0
2013-03-14,2017561,3,0,1925077.5714285714,155520.1010125529,0.0
2013-03-15,1936148,4,0,1931510.4285714286,154810.9821975,0.0
2013-03-16,1762643,5,1,1936423.142857143,147666.70274578425,0.0
2013-03-17,1719166,6,1,1939249.4285714286,142471.62178116266,0.0
2013-03-18,1951835,0,0,1928326.2857142857,137345.48855559004,0.0
2013-03-19,1974463,1,0,1913437.4285714286,123255.7005671056,0.0
2013-03-20,2005484,2,0,1909614.2857142857,119308.1347124902,0.0
2013-03-21,1990517,3,0,1905750.857142857,115610.59607065351,0.0
2013-03-22,1983569,4,0,1912525.2857142857,119027.50832576635,0.0
2013-03-23,1843337,5,1,1924053.0,105196.15674381335,0.0
2013-03-24,1803155,6,1,1936051.4285714286,79610.82001391522,0.0
2013-03-25,2036281,0,0,1948115.142857143,88322.71265541963,0.0
2013-03-26,2079864,1,0,1963172.4285714286,101556.14886663119,0.0
2013-03-27,2064726,2,0,1971635.5714285714,107937.78572224539,0.0
2013-03-28,2005768,3,0,1973814.2857142857,108534.69513128238,0.0
2013-03-29,1801666,4,0,1947828.142857143,126155.72437987833,1.0
2013-03-30,1730657,5,1,1931731.0,147152.23469818247,0.0
2013-03-31,1579429,6,1,1899770.142857143,195940.94253238267,0.0
2013-04-01,1683962,0,0,1849438.857142857,200234.19201727712,1.0
2013-04-02,1865693,1,0,1818843.0,173770.96770174894,0.0
2013-04-03,1909869,2,0,1796720.5714285714,144671.79255227323,0.0
2013-04-04,1938660,3,0,1787133.7142857143,129988.57933387978,0.0
2013-04-05,1883284,4,0,1798793.4285714286,135070.4952347279,0.0
2013-04-06,1687431,5,1,1792618.2857142857,139616.3331965152,0.0
2013-04-07,1628467,6,1,1799623.7142857143,127872.82994147099,0.0
2013-04-08,1836070,0,0,1821353.4285714286,117440.90715031106,0.0
2013-04-09,1882736,1,0,1823788.142857143,118683.42181258985,0.0
2013-04-10,1873284,2,0,1818561.7142857143,115009.59720637967,0.0
2013-04-11,1875969,3,0,1809605.857142857,106202.47272613348,0.0
2013-04-12,1823179,4,0,1801019.4285714286,101582.04029398102,0.0
2013-04-13,1617924,5,1,1791089.857142857,116793.90366429718,0.0
2013-04-14,1463717,6,1,1767554.142857143,162631.57780643893,0.0
2013-04-15,1662041,0,0,1742692.857142857,163710.20969122584,0.0
2013-04-16,1654693,1,0,1710115.2857142857,153573.5450402848,0.0
2013-04-17,1698841,2,0,1685194.857142857,135809.2340336688,0.0
2013-04-18,1659172,3,0,1654223.857142857,106640.27062736898,0.0
2013-04-19,1699450,4,0,1636548.2857142857,81184.42670800276,0.0
2013-04-20,1498144,5,1,1619436.857142857,96871.68679140376,0.0
2013-04-21,1474399,6,1,1620962.857142857,94052.95279333428,0.0
2013-04-22,1678006,0,0,1623243.5714285714,95399.02366527669,0.0
2013-04-23,1653467,1,0,1623068.4285714286,95332.76513501548,0.0
2013-04-24,1666531,2,0,1618452.7142857143,91768.18208166563,0.0
2013-04-25,1683132,3,0,1621875.5714285714,93960.7485156507,0.0
2013-04-26,1635916,4,0,1612799.2857142857,88104.50470836932,0.0
2013-04-27,1492940,5,1,1612055.857142857,89247.75209762149,0.0
2013-04-28,1445579,6,1,1607938.7142857143,96985.77654776878,0.0
2013-04-29,1627810,0,0,1600767.857142857,92702.87683316611,0.0
2013-04-30,1673105,1,0,1603573.2857142857,94836.09528325035,0.0
2013-05-01,1656956,2,0,1602205.4285714286,93840.51450531033,0.0
2013-05-02,1641215,3,0,1596217.2857142857,89029.84957440062,0.0
2013-05-03,1576555,4,0,1587737.142857143,87431.03233870586,0.0
2013-05-04,1380670,5,1,1571698.5714285714,113984.47660224623,0.0
2013-05-05,1327147,6,1,1554779.7142857143,141333.15023933252,0.0
2013-05-06,1370153,0,0,1517971.5714285714,152271.73160271085,1.0
2013-05-07,1559584,1,0,1501754.2857142857,138410.19503119605,0.0
2013-05-08,1582716,2,0,1491148.5714285714,126901.63603209119,0.0
2013-05-09,1570459,3,0,1481040.5714285714,115238.27548007366,0.0
2013-05-10,1561001,4,0,1478818.5714285714,113221.95303748008,0.0
2013-05-11,1405063,5,1,1482303.2857142857,110028.02938754771,0.0
2013-05-12,1390473,6,1,1491349.857142857,96973.74962747302,0.0
2013-05-13,1548993,0,0,1516898.4285714286,82146.61275602311,0.0
2013-05-14,1652943,1,0,1530235.4285714286,96548.204150162,0.0
2013-05-15,1665876,2,0,1542115.4285714286,108463.16409095468,0.0
2013-05-16,1650459,3,0,1553544.0,115906.7394517491,0.0
2013-05-17,1622247,4,0,1562293.4285714286,118838.02797626707,0.0
2013-05-18,1452213,5,1,1569029.142857143,109402.59405583207,0.0
2013-05-19,1379874,6,1,1567515.0,112320.14440429785,0.0
2013-05-20,1602533,0,0,1575163.5714285714,112671.04061509346,0.0
2013-05-21,1619764,1,0,1570423.7142857143,109507.13474430368,0.0
2013-05-22,1600143,2,0,1561033.2857142857,102555.4414397748,0.0
2013-05-23,1607010,3,0,1554826.2857142857,97427.68544878338,0.0
2013-05-24,1609984,4,0,1553074.4285714286,96114.74137519884,0.0
2013-05-25,1396914,5,1,1545174.5714285714,107396.81756281867,0.0
2013-05-26,1294940,6,1,1533041.142857143,131318.30269544237,0.0
2013-05-27,1320353,0,0,1492729.7142857143,148604.07616966765,1.0
2013-05-28,1582770,1,0,1487444.857142857,143917.25865051238,0.0
2013-05-29,1603644,2,0,1487945.0,144379.5244151179,0.0
2013-05-30,1587452,3,0,1485151.0,141858.61869834445,0.0
2013-05-31,1511292,4,0,1471052.142857143,131941.80268643118,0.0
2013-06-01,1333323,5,1,1461967.7142857143,139849.32394392797,0.0
2013-06-02,1294200,6,1,1461862.0,139996.82784145125,0.0
2013-06-03,1518512,0,0,1490170.4285714286,125942.79545077072,0.0
2013-06-04,1518508,1,0,1480990.142857143,120282.944316634,0.0
2013-06-05,1547376,2,0,1472951.857142857,112337.83516464288,0.0
2013-06-06,1534251,3,0,1465351.7142857143,104850.45084741908,0.0
2013-06-07,1491139,4,0,1462472.7142857143,103648.56971471939,0.0
2013-06-08,1317999,5,1,1460283.5714285714,106940.49359162942,0.0
2013-06-09,1291237,6,1,1459860.2857142857,107710.53139119553,0.0
2013-06-10,1532668,0,0,1461882.5714285714,109118.94399364393,0.0
2013-06-11,1559879,1,0,1467792.7142857143,113720.4290951002,0.0
2013-06-12,1558493,2,0,1469380.857142857,115086.49141759342,0.0
2013-06-13,1529391,3,0,1468686.5714285714,114643.73120216677,0.0
2013-06-14,1500102,4,0,1469967.0,114985.83372602449,0.0
2013-06-15,1300322,5,1,1467441.7142857143,119003.47703004471,0.0
2013-06-16,1304320,6,1,1469310.7142857143,115835.44756783383,0.0
2013-06-17,1535458,0,0,1469709.2857142857,116094.29444740331,0.0
2013-06-18,1564713,1,0,1470399.857142857,116732.67276907443,0.0
2013-06-19,1574420,2,0,1472675.142857143,118871.53512431734,0.0
2013-06-20,1597306,3,0,1482377.2857142857,126780.57964152233,0.0
2013-06-21,1543226,4,0,1488537.857142857,128816.81068923089,0.0
2013-06-22,1305635,5,1,1489296.857142857,127532.2429824911,0.0
2013-06-23,1271656,6,1,1484630.5714285714,135760.5265800336,0.0
2013-06-24,1517805,0,0,1482108.7142857143,134819.70697654103,0.0
2013-06-25,1562767,1,0,1481830.7142857143,134622.8499571069,0.0
2013-06-26,1551975,2,0,1478624.2857142857,132297.23295383158,0.0
2013-06-27,1559969,3,0,1473290.4285714286,127375.95933281393,0.0
2013-06-28,1523772,4,0,1470511.2857142857,125798.21776257557,0.0
2013-06-29,1319996,5,1,1472562.857142857,122741.15621832723,0.0
2013-06-30,1252064,6,1,1469764.0,128188.4642001857,0.0
2013-07-01,1485488,0,0,1465147.2857142857,126743.70613133835,0.0
2013-07-02,1541723,1,0,1462141.0,124267.70121261984,0.0
2013-07-03,1550981,2,0,1461999.0,124148.45030850079,0.0
2013-07-04,1518924,3,0,1456135.4285714286,119637.43193480321,0.0
2013-07-05,1513238,4,0,1454630.5714285714,118707.5091866054,0.0
2013-07-06,1335726,5,1,1456877.7142857143,115848.54922803474,0.0
2013-07-07,1308286,6,1,1464909.4285714286,100170.35415042384,0.0
2013-07-08,1538596,0,0,1472496.2857142857,103929.3906950309,0.0
2013-07-09,1555616,1,0,1474481.0,105591.10189627224,0.0
2013-07-10,1559073,2,0,1475637.0,106607.60362970809,0.0
2013-07-11,1540375,3,0,1478701.4285714286,108353.27723679917,0.0
2013-07-12,1534720,4,0,1481770.2857142857,109789.17411524252,0.0
2013-07-13,1370981,5,1,1486806.7142857143,102542.47060563265,0.0
2013-07-14,1317930,6,1,1488184.4285714286,99771.54085687287,0.0
2013-07-15,1546818,0,0,1489359.0,100509.59657997309,0.0
2013-07-16,1588478,1,0,1494053.5714285714,104796.14109763129,0.0
2013-07-17,1601056,2,0,1500051.142857143,110199.50447625335,0.0
2013-07-18,1601347,3,0,1508761.4285714286,116166.07249948078,0.0
2013-07-19,1552564,4,0,1511310.5714285714,117023.26643857888,0.0
2013-07-20,1359747,5,1,1509705.7142857143,119322.92873364143,0.0
2013-07-21,1297487,6,1,1506785.2857142857,124917.92219389632,0.0
2013-07-22,1559847,0,0,1508646.5714285714,125708.3929376023,0.0
2013-07-23,1612040,1,0,1512012.5714285714,128486.98683895818,0.0
2013-07-24,1574015,2,0,1508149.5714285714,125740.83420255576,0.0
2013-07-25,1569865,3,0,1503652.142857143,122369.65153505898,0.0
2013-07-26,1521828,4,0,1499261.2857142857,120864.26569327127,0.0
2013-07-27,1359659,5,1,1499248.7142857143,120881.19889754157,0.0
2013-07-28,1261531,6,1,1494112.142857143,131206.46405117307,0.0
2013-07-29,1474498,0,0,1481919.4285714286,128006.39595851442,0.0
2013-07-30,1504927,1,0,1466617.5714285714,115666.74965011048,0.0
2013-07-31,1525272,2,0,1459654.2857142857,109422.35050439673,0.0
2013-08-01,1544131,3,0,1455978.0,105463.11591895825,0.0
2013-08-02,1488335,4,0,1451193.2857142857,102701.27508900296,0.0
2013-08-03,1277485,5,1,1439454.142857143,118403.75991275994,0.0
2013-08-04,1266918,6,1,1440223.7142857143,117064.53513300719,0.0
2013-08-05,1504113,0,0,1444454.4285714286,119028.32567623565,0.0
2013-08-06,1495208,1,0,1443066.0,118259.56822460065,0.0
2013-08-07,1498904,2,0,1439299.142857143,115594.6107299637,0.0
2013-08-08,1499031,3,0,1432856.2857142857,109894.10645969032,0.0
2013-08-09,1462003,4,0,1429094.5714285714,108114.81363326074,0.0
2013-08-10,1314012,5,1,1434312.7142857143,100167.20234641216,0.0
2013-08-11,1246449,6,1,1431388.5714285714,105997.43790121235,0.0
2013-08-12,1458589,0,0,1424885.142857143,102117.33428665208,0.0
2013-08-13,1506374,1,0,1426480.2857142857,103477.06509773275,0.0
2013-08-14,1535503,2,0,1431708.7142857143,108546.7799226387,0.0
2013-08-15,1538862,3,0,1437398.857142857,113590.86890743108,0.0
2013-08-16,1513908,4,0,1444813.857142857,117104.4565867522,0.0
2013-08-17,1312801,5,1,1444640.857142857,117330.57404251117,0.0
2013-08-18,1262404,6,1,1446920.142857143,112910.49219837159,0.0
2013-08-19,1495727,0,0,1452225.5714285714,114412.69565461137,0.0
2013-08-20,1542265,1,0,1457352.857142857,117991.95772796779,0.0
2013-08-21,1546771,2,0,1458962.5714285714,119305.37408524982,0.0
2013-08-22,1580270,3,0,1464878.0,124826.05309524006,0.0
2013-08-23,1547994,4,0,1469747.4285714286,127689.47385599726,0.0
2013-08-24,1374950,5,1,1478625.857142857,116640.61325775523,0.0
2013-08-25,1290729,6,1,1482672.2857142857,108065.50351171492,0.0
2013-08-26,1343185,0,0,1460880.5714285714,119743.50638324712,1.0
2013-08-27,1530394,1,0,1459184.7142857143,118476.16071277992,0.0
2013-08-28,1559155,2,0,1460953.857142857,120083.57885161438,0.0
2013-08-29,1551017,3,0,1456774.857142857,115667.03284779066,0.0
2013-08-30,1512611,4,0,1451720.142857143,111722.17535541105,0.0
2013-08-31,1314085,5,1,1443025.142857143,120700.4717864787,0.0
2013-09-01,1260641,6,1,1438726.857142857,127378.80315085867,0.0
2013-09-02,1497354,0,0,1460751.0,121288.64489721355,0.0
2013-09-03,1594204,1,0,1469866.7142857143,129514.15258408559,0.0
2013-09-04,1591046,2,0,1474422.5714285714,133672.62546842353,0.0
2013-09-05,1603194,3,0,1481876.4285714286,139962.30398559023,0.0
2013-09-06,1572644,4,0,1490452.5714285714,143942.09818518965,0.0
2013-09-07,1357661,5,1,1496677.7142857143,135752.70417530235,0.0
2013-09-08,1343931,6,1,1508576.2857142857,113431.31281781867,0.0
2013-09-09,1586565,0,0,1521320.7142857143,116918.29982758836,0.0
2013-09-10,1573091,1,0,1518304.5714285714,114981.0436041008,0.0
2013-09-11,1639217,2,0,1525186.142857143,121326.59100191218,0.0
2013-09-12,1630802,3,0,1529130.142857143,124687.24049722149,0.0
2013-09-13,1618786,4,0,1535721.857142857,128531.45512083266,0.0
2013-09-14,1428684,5,1,1545868.0,114129.19159444896,0.0
2013-09-15,1364603,6,1,1548821.142857143,108143.60447330501,0.0
2013-09-16,1551766,0,0,1543849.857142857,106912.20135456305,0.0
2013-09-17,1663574,1,0,1556776.0,116110.9688717469,0.0
2013-09-18,1628271,2,0,1555212.2857142857,114882.86982940728,0.0
2013-09-19,1654716,3,0,1558628.5714285714,117823.2644512739,0.0
2013-09-20,1614696,4,0,1558044.2857142857,117484.8788010917,0.0
2013-09-21,1442898,5,1,1560074.857142857,114972.3891005081,0.0
2013-09-22,1398766,6,1,1564955.2857142857,105638.11804887101,0.0
2013-09-23,1632956,0,0,1576553.857142857,108370.44783278622,0.0
2013-09-24,1658217,1,0,1575788.5714285714,107670.16592641386,0.0
2013-09-25,1660027,2,0,1580325.142857143,110871.42099512677,0.0
2013-09-26,1636804,3,0,1577766.2857142857,109060.27338849778,0.0
2013-09-27,1588216,4,0,1573983.4285714286,108020.1231744414,0.0
2013-09-28,1406773,5,1,1568822.7142857143,115901.96223493028,0.0
2013-09-29,1337468,6,1,1560065.857142857,132078.5934074051,0.0
2013-09-30,1577758,0,0,1552180.4285714286,128603.59515822833,0.0
2013-10-01,1606363,1,0,1544772.7142857143,122842.16504349746,0.0
2013-10-02,1650630,2,0,1543430.2857142857,121415.80404917312,0.0
2013-10-03,1651259,3,0,1545495.2857142857,123375.65695025581,0.0
2013-10-04,1616004,4,0,1549465.0,125409.6124093728,0.0
2013-10-05,1436334,5,1,1553688.0,120193.04299196819,0.0
2013-10-06,1366889,6,1,1557891.0,111577.57170089838,0.0
2013-10-07,1602484,0,0,1561423.2857142857,112697.10562938407,0.0
2013-10-08,1618411,1,0,1563144.4285714286,113586.31888988584,0.0
2013-10-09,1606120,2,0,1556785.857142857,109026.95809666514,0.0
2013-10-10,1622266,3,0,1552644.0,105327.78604117615,0.0
2013-10-11,1638759,4,0,1555894.7142857143,107928.20815665944,0.0
2013-10-12,1477617,5,1,1561792.2857142857,101225.94809586725,0.0
2013-10-13,1474661,6,1,1577188.2857142857,70030.3123219311,0.0
2013-10-14,1714242,0,0,1593153.7142857143,87354.68975718407,0.0
2013-10-15,1736460,1,0,1610017.857142857,103031.56213742775,0.0
2013-10-16,1733890,2,0,1628270.7142857143,113056.00655386338,0.0
2013-10-17,1704842,3,0,1640067.2857142857,116578.26786287055,0.0
2013-10-18,1681271,4,0,1646140.4285714286,117601.59312818915,0.0
2013-10-19,1488200,5,1,1647652.2857142857,115115.7687239554,0.0
2013-10-20,1429597,6,1,1641214.5714285714,127044.51633956817,0.0
2013-10-21,1665954,0,0,1634316.2857142857,123684.93870411432,0.0
2013-10-22,1671576,1,0,1625047.142857143,117005.2087507729,0.0
2013-10-23,1638577,2,0,1611431.0,107377.6880206921,0.0
2013-10-24,1699711,3,0,1610698.0,106648.79258889472,0.0
2013-10-25,1625733,4,0,1602764.0,102509.06802816234,0.0
2013-10-26,1448215,5,1,1597051.857142857,110740.49051790078,0.0
2013-10-27,1392272,6,1,1591719.7142857143,120606.36793541975,0.0
2013-10-28,1637540,0,0,1587660.5714285714,118144.55047506337,0.0
2013-10-29,1694026,1,0,1590867.7142857143,121070.64998548233,0.0
2013-10-30,1721205,2,0,1602671.7142857143,130182.5032530889,0.0
2013-10-31,1708097,3,0,1603869.7142857143,131258.47679765488,0.0
2013-11-01,1713725,4,0,1616440.0,137753.9003343852,0.0
2013-11-02,1536426,5,1,1629041.5714285714,123049.9997952923,0.0
2013-11-03,1491686,6,1,1643243.5714285714,93311.896452818,0.0
2013-11-04,1776077,0,0,1663034.5714285714,105761.57412605685,0.0
2013-11-05,1827331,1,0,1682078.142857143,122887.01306272585,0.0
2013-11-06,1832612,2,0,1697993.4285714286,135378.33703965126,0.0
2013-11-07,1780530,3,0,1708341.0,138999.07833268426,0.0
2013-11-08,1814961,4,0,1722803.2857142857,144798.24794718268,0.0
2013-11-09,1674758,5,1,1742565.0,122907.40080782646,0.0
2013-11-10,1621634,6,1,1761129.0,81556.7843979623,0.0
2013-11-11,1830246,0,0,1768867.4285714286,85677.29039417674,0.0
2013-11-12,1819967,1,0,1767815.4285714286,84881.30793813258,0.0
2013-11-13,1842065,2,0,1769165.857142857,86149.73032543533,0.0
2013-11-14,1813323,3,0,1773850.5714285714,87747.49749302307,0.0
2013-11-15,1861096,4,0,1780441.2857142857,92929.52057288974,0.0
2013-11-16,1674348,5,1,1780382.7142857143,93007.32869281755,0.0
2013-11-17,1652633,6,1,1784811.142857143,84541.64407642679,0.0
2013-11-18,1866671,0,0,1790014.7142857143,88817.14115477451,0.0
2013-11-19,1913503,1,0,1803377.0,100360.4087858806,0.0
2013-11-20,1928854,2,0,1815775.4285714286,110758.7008453728,0.0
2013-11-21,1928414,3,0,1832217.0,118598.83033994229,0.0
2013-11-22,1935169,4,0,1842798.857142857,124750.00541541183,0.0
2013-11-23,1773646,5,1,1856984.2857142857,106749.88274735416,0.0
2013-11-24,1731705,6,1,1868280.2857142857,83081.76589304784,0.0
2013-11-25,1964174,0,0,1882209.2857142857,90600.19710744134,0.0
2013-11-26,1987780,1,0,1892820.2857142857,98850.13927611451,0.0
2013-11-27,1944558,2,0,1895063.7142857143,99976.02372689449,0.0
2013-11-28,1946014,3,0,1897578.0,101168.7291525193,0.0
2013-11-29,1837334,4,0,1883601.5714285714,101865.55102660978,0.0
2013-11-30,1712685,5,1,1874892.857142857,114637.76114706695,0.0
2013-12-01,1711710,6,1,1872036.4285714286,118967.54867590919,0.0
2013-12-02,1935979,0,0,1868008.5714285714,115762.27132053064,0.0
2013-12-03,1961734,1,0,1864287.7142857143,111615.23804379874,0.0
2013-12-04,1943265,2,0,1864103.0,111461.22063750436,0.0
2013-12-05,1940994,3,0,1863385.857142857,110860.90093661795,0.0
2013-12-06,1962478,4,0,1881263.5714285714,115933.9617898404,0.0
2013-12-07,1747315,5,1,1886210.7142857143,108009.46444906526,0.0
2013-12-08,1631411,6,1,1874739.4285714286,131369.40841619667,0.0
2013-12-09,1873431,0,0,1865804.0,128607.97182135493,0.0
2013-12-10,1933847,1,0,1861820.142857143,125536.3490659655,0.0
2013-12-11,1964363,2,0,1864834.142857143,128045.84663631985,0.0
2013-12-12,1940648,3,0,1864784.7142857143,128011.60952393022,0.0
2013-12-13,1860472,4,0,1850212.4285714286,120630.28495623078,0.0
2013-12-14,1672859,5,1,1839575.857142857,133781.16157171968,0.0
2013-12-15,1623910,6,1,1838504.2857142857,135742.10319538714,0.0
2013-12-16,1853604,0,0,1835671.857142857,135097.17423572767,0.0
2013-12-17,1924346,1,0,1834314.5714285714,133989.63161611205,0.0
2013-12-18,1881239,2,0,1822439.7142857143,123842.33987981293,0.0
2013-12-19,1900990,3,0,1816774.2857142857,118317.24295965389,0.0
2013-12-20,1840918,4,0,1813980.857142857,117340.40643420829,0.0
2013-12-21,1626581,5,1,1807369.7142857143,127482.02704528101,0.0
2013-12-22,1593788,6,1,1803066.5714285714,134993.86773709898,0.0
2013-12-23,1775904,0,0,1791966.5714285714,133330.0226003932,0.0
2013-12-24,1625798,1,0,1749316.857142857,131666.28502953384,0.0
2013-12-25,1487583,2,0,1693080.2857142857,148873.18995118048,1.0
2013-12-26,1501205,3,0,1635968.142857143,131489.1998472812,1.0
2013-12-27,1591473,4,0,1600333.142857143,95588.4052233578,0.0
2013-12-28,1596906,5,1,1596093.857142857,94885.76796941072,0.0
2013-12-29,1585020,6,1,1594841.2857142857,94979.10697221829,0.0
2013-12-30,1656196,0,0,1577740.142857143,61994.26777112666,0.0
2013-12-31,1634397,1,0,1578968.5714285714,63179.12892420259,0.0
2014-01-01,1514419,2,0,1582802.2857142857,57245.17001378136,1.0
2014-01-02,1722972,3,0,1614483.2857142857,65352.4908724994,0.0
2014-01-03,1756703,4,0,1638087.5714285714,83088.83412120494,0.0
2014-01-04,1709434,5,1,1654163.0,84664.02359917753,0.0
2014-01-05,1678218,6,1,1667477.0,79125.4613004064,0.0
2014-01-06,1823173,0,0,1691330.857142857,98061.17963366039,0.0
2014-01-07,1846811,1,0,1721675.7142857143,109683.56603995108,0.0
2014-01-08,1884053,2,0,1774480.5714285714,77540.82224837893,0.0
2014-01-09,1888972,3,0,1798194.857142857,84255.62053148271,0.0
2014-01-10,1899885,4,0,1818649.4285714286,89707.52666836134,0.0
2014-01-11,1716992,5,1,1819729.142857143,88206.8634053604,0.0
2014-01-12,1722948,6,1,1826119.142857143,77177.3562115982,0.0
2014-01-13,1911144,0,0,1838686.4285714286,83519.51443996861,0.0
2014-01-14,1967054,1,0,1855864.0,96781.36680685202,0.0
2014-01-15,1919224,2,0,1860888.4285714286,99367.12523744877,0.0
2014-01-16,1914370,3,0,1864516.7142857143,101013.52530349857,0.0
2014-01-17,1892225,4,0,1863422.4285714286,100607.19407654121,0.0
2014-01-18,1703362,5,1,1861475.2857142857,103988.60179962295,0.0
2014-01-19,1664590,6,1,1853138.4285714286,118299.94389948578,0.0
2014-01-20,1945301,0,0,1858018.0,121745.55576694553,0.0
2014-01-21,1954076,1,0,1856164.0,119893.08497575013,0.0
2014-01-22,1929029,2,0,1857564.7142857143,120806.40268037897,0.0
2014-01-23,1932864,3,0,1860206.7142857143,122446.86083320886,0.0
2014-01-24,1939557,4,0,1866968.4285714286,125771.38925429284,0.0
2014-01-25,1682947,5,1,1864052.0,130350.7690451772,0.0
2014-01-26,1684769,6,1,1866934.7142857143,125330.9434373939,0.0
2014-01-27,1910078,0,0,1861902.857142857,122331.45109283488,0.0
2014-01-28,1925681,1,0,1857846.4285714286,119196.25589179173,0.0
2014-01-29,1950204,2,0,1860871.4285714286,121549.29909418717,0.0
2014-01-30,2003267,3,0,1870929.0,131041.264418258,0.0
2014-01-31,1944245,4,0,1871598.7142857143,131461.76360032312,0.0
2014-02-01,1686721,5,1,1872137.857142857,130563.8010992276,0.0
2014-02-02,1619901,6,1,1862871.0,147307.3079936491,0.0
2014-02-03,1864727,0,0,1856392.2857142857,145875.39525535898,0.0
2014-02-04,1896717,1,0,1852254.5714285714,143980.9579676707,0.0
2014-02-05,1893339,2,0,1844131.0,139053.3413047037,0.0
2014-02-06,1929243,3,0,1833556.142857143,127247.77875656055,0.0
2014-02-07,1871173,4,0,1823117.2857142857,119409.7985004042,0.0
2014-02-08,1641063,5,1,1816594.7142857143,128966.53861334386,0.0
2014-02-09,1619583,6,1,1816549.2857142857,129047.40238341538,0.0
2014-02-10,1917173,0,0,1824041.5714285714,133747.58046268133,0.0
2014-02-11,1919814,1,0,1827341.142857143,136103.46654467905,0.0
2014-02-12,1956837,2,0,1836412.2857142857,143167.95618750431,0.0
2014-02-13,1902554,3,0,1832599.5714285714,140616.386785543,0.0
2014-02-14,1939493,4,0,1842359.5714285714,146007.59219742005,0.0
2014-02-15,1674921,5,1,1847196.4285714286,138600.6860851999,0.0
2014-02-16,1637248,6,1,1849720.0,133844.93017668778,0.0
2014-02-17,1902158,0,0,1847575.0,132699.17197933985,0.0
2014-02-18,1892415,1,0,1843660.857142857,130600.74677100919,0.0
2014-02-19,1877664,2,0,1832350.4285714286,122332.35071839379,0.0
2014-02-20,1788330,3,0,1816032.7142857143,118979.41438714147,0.0
2014-02-21,1771439,4,0,1792025.0,106182.36755382534,0.0
2014-02-22,1588897,5,1,1779735.857142857,125258.8303067366,0.0
2014-02-23,1537575,6,1,1765496.857142857,147794.05427309478,0.0
2014-02-24,1778041,0,0,1747765.857142857,135609.03601706805,0.0
2014-02-25,1794090,1,0,1733719.4285714286,122597.10470325673,0.0
2014-02-26,1813276,2,0,1724521.142857143,111950.3235687378,0.0
2014-02-27,1823293,3,0,1729515.857142857,115979.11378122542,0.0
2014-02-28,1872777,4,0,1743992.7142857143,127805.89344616969,0.0
2014-03-01,1678167,5,1,1756745.5714285714,113391.63322436088,0.0
2014-03-02,1607046,6,1,1766670.0,92042.32472076241,0.0
2014-03-03,1858442,0,0,1778155.857142857,98488.63147835122,0.0
2014-03-04,1867582,1,0,1788654.7142857143,104220.61479656376,0.0
2014-03-05,1852430,2,0,1794248.142857143,106781.46963687954,0.0
2014-03-06,1812680,3,0,1792732.0,106374.91273323003,0.0
2014-03-07,1736045,4,0,1773198.857142857,101676.89069537118,0.0
2014-03-08,1533233,5,1,1752494.0,133903.48611718655,0.0
2014-03-09,1485835,6,1,1735178.142857143,160952.31736080017,0.0
2014-03-10,1738860,0,0,1718095.0,151773.2036010821,0.0
2014-03-11,1798288,1,0,1708195.857142857,142366.44903374655,0.0
2014-03-12,1804326,2,0,1701323.857142857,135225.84847510364,0.0
2014-03-13,1797186,3,0,1699110.4285714286,133211.13916994532,0.0
2014-03-14,1728961,4,0,1698098.4285714286,132910.35238945036,0.0
2014-03-15,1489672,5,1,1691875.4285714286,142583.80992696146,0.0
2014-03-16,1423318,6,1,1682944.4285714286,158688.8738106357,0.0
2014-03-17,1680748,0,0,1674642.7142857143,156784.77603466556,0.0
2014-03-18,1690836,1,0,1659292.4285714286,147655.81764118825,0.0
2014-03-19,1672048,2,0,1640395.5714285714,133816.8974081916,0.0
2014-03-20,1691095,3,0,1625239.7142857143,118195.50591952939,0.0
2014-03-21,1670096,4,0,1616830.4285714286,111489.93554855576,0.0
2014-03-22,1544730,5,1,1624695.857142857,102612.69045044218,0.0
2014-03-23,1528229,6,1,1639683.142857143,71129.77282974837,0.0
2014-03-24,1743946,0,0,1648711.4285714286,80592.09926509221,0.0
2014-03-25,1816471,1,0,1666659.2857142857,102538.15065577724,0.0
2014-03-26,1833144,2,0,1689673.0,120461.01621964172,0.0
2014-03-27,1817158,3,0,1707682.0,129772.4117741086,0.0
2014-03-28,1774309,4,0,1722569.5714285714,130716.13289728697,0.0
2014-03-29,1515362,5,1,1718374.142857143,137662.08479635316,0.0
2014-03-30,1395923,6,1,1699473.2857142857,172734.84734096614,0.0
2014-03-31,1699191,0,0,1693079.7142857143,171639.19423966133,0.0
2014-04-01,1686659,1,0,1674535.142857143,162874.48453275792,0.0
2014-04-02,1684836,2,0,1653348.2857142857,147747.387994645,0.0
2014-04-03,1710667,3,0,1638135.2857142857,132795.27406591,0.0
2014-04-04,1686634,4,0,1625610.2857142857,121462.08210482867,0.0
2014-04-05,1483347,5,1,1621036.7142857143,126791.14020403847,0.0
2014-04-06,1395708,6,1,1621006.0,126854.77124387311,0.0
2014-04-07,1668597,0,0,1616635.4285714286,124211.57602905249,0.0
2014-04-08,1613998,1,0,1606255.2857142857,120360.9277904315,0.0
2014-04-09,1637064,2,0,1599430.7142857143,116453.66920184807,0.0
2014-04-10,1643436,3,0,1589826.2857142857,108232.75921013989,0.0
2014-04-11,1597965,4,0,1577159.2857142857,99881.0258085761,0.0
2014-04-12,1411433,5,1,1566885.857142857,113858.80831309537,0.0
2014-04-13,1335868,6,1,1558337.2857142857,129960.7725504383,0.0
2014-04-14,1553182,0,0,1541849.4285714286,120627.00136904544,0.0
2014-04-15,1590662,1,0,1538515.7142857143,118606.2786206534,0.0
2014-04-16,1562368,2,0,1527844.857142857,111403.76455403776,0.0
2014-04-17,1552185,3,0,1514809.0,100421.10318388566,0.0
2014-04-18,1412697,4,0,1488342.142857143,99259.64798351574,1.0
2014-04-19,1364252,5,1,1481602.0,106677.24446979591,0.0
2014-04-20,1336370,6,1,1481673.7142857143,106563.05331699179,0.0
2014-04-21,1351965,0,0,1452928.4285714286,111101.29122691444,1.0
2014-04-22,1596311,1,0,1453735.4285714286,112282.71447684037,0.0
2014-04-23,1610102,2,0,1460554.5714285714,121084.2763957718,0.0
2014-04-24,1609278,3,0,1468710.7142857143,129887.94917379122,0.0
2014-04-25,1640555,4,0,1501261.857142857,141539.84131618723,0.0
2014-04-26,1394181,5,1,1505537.4285714286,137093.52374305524,0.0
2014-04-27,1397467,6,1,1514265.5714285714,126026.54535964891,0.0
2014-04-28,1619354,0,0,1552464.0,107845.88040966273,0.0
2014-04-29,1627507,1,0,1556920.5714285714,110569.93922831975,0.0
2014-04-30,1613099,2,0,1557348.7142857143,110815.71572768925,0.0
2014-05-01,1644349,3,0,1562358.857142857,114293.06292222987,0.0
2014-05-02,1611593,4,0,1558221.4285714286,111480.16359553684,0.0
2014-05-03,1412394,5,1,1560823.2857142857,107141.61216620443,0.0
2014-05-04,1324447,6,1,1550391.857142857,127346.45643340371,0.0
2014-05-05,1351514,0,0,1512129.0,142507.9068297683,1.0
2014-05-06,1523940,1,0,1497333.7142857143,133632.66475394406,0.0
2014-05-07,1535622,2,0,1486265.5714285714,125401.35530748575,0.0
2014-05-08,1621084,3,0,1482942.0,120734.77466607773,0.0
2014-05-09,1500122,4,0,1467017.5714285714,107571.89495381343,0.0
2014-05-10,1361655,5,1,1459769.142857143,113416.66131927626,0.0
2014-05-11,1323924,6,1,1459694.4285714286,113520.7879668783,0.0
2014-05-12,1567623,0,0,1490567.142857143,108470.82234166974,0.0
2014-05-13,1589059,1,0,1499869.857142857,114438.21526255153,0.0
2014-05-14,1554756,2,0,1502603.2857142857,115656.53332997083,0.0
2014-05-15,1548001,3,0,1492162.857142857,106080.83173918877,0.0
2014-05-16,1495917,4,0,1491562.142857143,106040.14711802042,0.0
2014-05-17,1312588,5,1,1484552.5714285714,117103.24234745854,0.0
2014-05-18,1242170,6,1,1472873.4285714286,138004.81425040073,0.0
2014-05-19,1495652,0,0,1462591.857142857,132333.78227728332,0.0
2014-05-20,1541904,1,0,1455855.4285714286,125865.14018565379,0.0
2014-05-21,1517799,2,0,1450575.857142857,121732.47100018723,0.0
2014-05-22,1551111,3,0,1451020.142857143,122152.25590417106,0.0
2014-05-23,1502324,4,0,1451935.4285714286,122568.03245254293,0.0
2014-05-24,1363821,5,1,1459254.4285714286,114097.18651346146,0.0
2014-05-25,1274620,6,1,1463890.142857143,104021.4737276784,0.0
2014-05-26,1344454,0,0,1442290.4285714286,111738.64224887003,1.0
2014-05-27,1527147,1,0,1440182.2857142857,109666.0151455622,0.0
2014-05-28,1557550,2,0,1445861.0,115242.42615461508,0.0
2014-05-29,1546140,3,0,1445150.857142857,114498.67971354416,0.0
2014-05-30,1522169,4,0,1447985.857142857,116380.44754659079,0.0
2014-05-31,1343930,5,1,1445144.2857142857,118991.47585537382,0.0
2014-06-01,1274214,6,1,1445086.2857142857,119088.50697796162,0.0
2014-06-02,1511561,0,0,1468958.7142857143,112097.58825493675,0.0
2014-06-03,1544612,1,0,1471453.7142857143,113790.14575483534,0.0
2014-06-04,1557807,2,0,1471490.4285714286,113822.59129139356,0.0
2014-06-05,1498786,3,0,1464725.5714285714,109989.12096939841,0.0
2014-06-06,1460353,4,0,1455894.7142857143,107050.70762605919,0.0
2014-06-07,1319270,5,1,1452371.857142857,111656.068405669,0.0
2014-06-08,1246936,6,1,1448475.0,119135.66254485646,0.0
2014-06-09,1506114,0,0,1447696.857142857,118671.82263204454,0.0
2014-06-10,1487476,1,0,1439534.5714285714,112710.16210892862,0.0
2014-06-11,1495794,2,0,1430675.5714285714,103962.22601801569,0.0
2014-06-12,1512471,3,0,1432630.5714285714,105572.70331523978,0.0
2014-06-13,1499097,4,0,1438165.4285714286,108250.0074578333,0.0
2014-06-14,1330774,5,1,1439808.857142857,106212.26755956572,0.0
2014-06-15,1280117,6,1,1444549.0,96462.8963349911,0.0
2014-06-16,1482811,0,0,1441220.0,94363.39151388058,0.0
2014-06-17,1489826,1,0,1441555.7142857143,94559.35941640046,0.0
2014-06-18,1518272,2,0,1444766.857142857,97056.90041316708,0.0
2014-06-19,1499697,3,0,1442942.0,95682.12164594061,0.0
2014-06-20,1459595,4,0,1437298.857142857,92943.91980370799,0.0
2014-06-21,1279691,5,1,1430001.2857142857,104044.33588094394,0.0
2014-06-22,1255350,6,1,1426463.142857143,110228.16207520702,0.0
2014-06-23,1491297,0,0,1427675.4285714286,110995.1551928625,0.0
2014-06-24,1522317,1,0,1432317.0,114646.60997605606,0.0
2014-06-25,1494650,2,0,1428942.4285714286,112012.27448493148,0.0
2014-06-26,1499551,3,0,1428921.5714285714,111996.9164365146,0.0
2014-06-27,1487992,4,0,1432978.2857142857,113793.02376349797,0.0
2014-06-28,1325552,5,1,1439529.857142857,104431.8492501758,0.0
2014-06-29,1244943,6,1,1438043.142857143,107519.31592886672,0.0
2014-06-30,1479248,0,0,1436321.857142857,106617.34299733535,0.0
2014-07-01,1498851,1,0,1432969.5714285714,103794.3570573772,0.0
2014-07-02,1465984,2,0,1428874.4285714286,101495.23568598829,0.0
2014-07-03,1475748,3,0,1425474.0,99103.23804835338,0.0
2014-07-04,1450295,4,0,1420088.7142857143,96119.09570201625,0.0
2014-07-05,1313297,5,1,1418338.0,98216.68921319804,0.0
2014-07-06,1265593,6,1,1421288.0,92270.79687890745,0.0
2014-07-07,1483108,0,0,1421839.4285714286,92685.50949827222,0.0
2014-07-08,1521561,1,0,1425083.7142857143,96162.66944734855,0.0
2014-07-09,1446098,2,0,1422242.857142857,95040.19107625706,0.0
2014-07-10,1491437,3,0,1424484.142857143,96683.06735658586,0.0
2014-07-11,1491874,4,0,1430424.0,99761.30868228385,0.0
2014-07-12,1322167,5,1,1431691.142857143,98067.59286572765,0.0
2014-07-13,1252147,6,1,1429770.2857142857,101919.24495357434,0.0
2014-07-14,1445156,0,0,1424348.5714285714,99591.86587411465,0.0
2014-07-15,1499367,1,0,1421178.0,96279.43635066591,0.0
2014-07-16,1508132,2,0,1430040.0,101660.07540820498,0.0
2014-07-17,1532809,3,0,1435950.2857142857,106892.45452278979,0.0
2014-07-18,1471972,4,0,1433107.142857143,105411.49435653642,0.0
2014-07-19,1375438,5,1,1440717.2857142857,97708.84783839525,0.0
2014-07-20,1302149,6,1,1447860.4285714286,82226.67794753493,0.0
2014-07-21,1506605,0,0,1456638.857142857,85119.0778447744,0.0
2014-07-22,1530313,1,0,1461059.7142857143,88446.70878316123,0.0
2014-07-23,1512817,2,0,1461729.0,88878.94642528436,0.0
2014-07-24,1519145,3,0,1459777.0,87191.7056777874,0.0
2014-07-25,1499535,4,0,1463714.5714285714,88447.54612360714,0.0
2014-07-26,1334155,5,1,1457817.0,96339.04585370306,0.0
2014-07-27,1257794,6,1,1451480.5714285714,108921.14315084842,0.0
2014-07-28,1467809,0,0,1445938.2857142857,106611.27910110324,0.0
2014-07-29,1455268,1,0,1435217.5714285714,100298.89010994897,0.0
2014-07-30,1442095,2,0,1425114.4285714286,94578.28977776889,0.0
2014-07-31,1477314,3,0,1419138.5714285714,88791.31732863463,0.0
2014-08-01,1469095,4,0,1414790.0,84855.83530515297,0.0
2014-08-02,1290799,5,1,1408596.2857142857,92921.38872136315,0.0
2014-08-03,1191719,6,1,1399157.0,112158.39526462232,0.0
2014-08-04,1416009,0,0,1391757.0,108523.88874499133,0.0
2014-08-05,1465340,1,0,1393195.857142857,109568.03454845508,0.0
2014-08-06,1473115,2,0,1397627.2857142857,112464.3687851402,0.0
2014-08-07,1466007,3,0,1396012.0,111203.23311697636,0.0
2014-08-08,1467479,4,0,1395781.142857143,111027.76564810917,0.0
2014-08-09,1250176,5,1,1389977.857142857,118255.97159049286,0.0
2014-08-10,1237842,6,1,1396566.857142857,106020.19386801483,0.0
2014-08-11,1343886,0,0,1386263.5714285714,107312.51943251688,0.0
2014-08-12,1395683,1,0,1376312.5714285714,101848.21077934711,0.0
2014-08-13,1430035,2,0,1370158.2857142857,96167.05149498988,0.0
2014-08-14,1498002,3,0,1374729.0,102061.5908883876,0.0
2014-08-15,1460731,4,0,1373765.0,101066.55104435857,0.0
2014-08-16,1241732,5,1,1372558.7142857143,102822.64077157342,0.0
2014-08-17,1164874,6,1,1362134.7142857143,120870.93787689428,0.0
2014-08-18,1428960,0,0,1374288.142857143,122988.72861287517,0.0
2014-08-19,1474786,1,0,1385588.5714285714,128779.8805272818,0.0
2014-08-20,1495637,2,0,1394960.2857142857,134799.79858382585,0.0
2014-08-21,1483276,3,0,1392856.5714285714,133026.94301013224,0.0
2014-08-22,1457397,4,0,1392380.2857142857,132749.10315418337,0.0
2014-08-23,1285978,5,1,1398701.142857143,125220.3485200313,0.0
2014-08-24,1251781,6,1,1411116.4285714286,99926.83532275475,0.0
2014-08-25,1330940,0,0,1397113.5714285714,103802.32905682303,1.0
2014-08-26,1479102,1,0,1397730.142857143,104351.9495448525,0.0
2014-08-27,1492184,2,0,1397236.857142857,103818.79356268518,0.0
2014-08-28,1485040,3,0,1397488.857142857,104064.29474517876,0.0
2014-08-29,1437550,4,0,1394653.5714285714,102417.36694829138,0.0
2014-08-30,1288757,5,1,1395050.5714285714,101930.12563166807,0.0
2014-08-31,1263437,6,1,1396715.7142857143,99259.8074494741,0.0
2014-09-01,1533024,0,0,1425584.857142857,106093.17331860424,0.0
2014-09-02,1546669,1,0,1435237.2857142857,114513.22192905628,0.0
2014-09-03,1563944,2,0,1445488.7142857143,123333.23119327282,0.0
2014-09-04,1568293,3,0,1457382.0,131524.99900019707,0.0
2014-09-05,1540497,4,0,1472088.7142857143,134656.18877808744,0.0
2014-09-06,1372335,5,1,1484028.4285714286,118417.4281005722,0.0
2014-09-07,1287616,6,1,1487482.5714285714,111032.93031478325,0.0
2014-09-08,1506892,0,0,1483749.4285714286,109677.57245499578,0.0
2014-09-09,1543527,1,0,1483300.5714285714,109383.19086718725,0.0
2014-09-10,1543584,2,0,1480392.0,107128.898482164,0.0
2014-09-11,1552467,3,0,1478131.142857143,105112.67354515978,0.0
2014-09-12,1523061,4,0,1475640.2857142857,103583.94838603084,0.0
2014-09-13,1356435,5,1,1473368.857142857,106363.84767302907,0.0
2014-09-14,1300377,6,1,1475191.857142857,102695.67010417071,0.0
2014-09-15,1540311,0,0,1479966.0,105162.14510460407,0.0
2014-09-16,1559503,1,0,1482248.2857142857,106929.9867743994,0.0
2014-09-17,1568728,2,0,1485840.2857142857,109719.70828543018,0.0
2014-09-18,1573892,3,0,1488901.0,112159.77877267382,0.0
2014-09-19,1580781,4,0,1497146.7142857143,117102.50639036961,0.0
2014-09-20,1399174,5,1,1503252.2857142857,109404.37392797976,0.0
2014-09-21,1307604,6,1,1504284.7142857143,107182.32985232785,0.0
2014-09-22,1527565,0,0,1502463.857142857,106574.84130167856,0.0
2014-09-23,1565137,1,0,1503268.7142857143,107097.38966896693,0.0
2014-09-24,1542891,2,0,1499577.7142857143,104887.83557960005,0.0
2014-09-25,1546709,3,0,1495694.4285714286,102145.26746397749,0.0
2014-09-26,1504621,4,0,1484814.4285714286,95405.51366991761,0.0
2014-09-27,1375329,5,1,1481408.0,99318.36185218618,0.0
2014-09-28,1345213,6,1,1486780.7142857143,88810.6667799907,0.0
2014-09-29,1580156,0,0,1494293.7142857143,94854.69329579786,0.0
2014-09-30,1556828,1,0,1493106.7142857143,93867.26445486669,0.0
2014-10-01,1571480,2,0,1497190.857142857,96965.21306364448,0.0
2014-10-02,1567552,3,0,1500168.4285714286,99037.1123179967,0.0
2014-10-03,1497283,4,0,1499120.142857143,99020.96216026501,0.0
2014-10-04,1381772,5,1,1500040.5714285714,97699.63744706268,0.0
2014-10-05,1332809,6,1,1498268.5714285714,101031.47749070167,0.0
2014-10-06,1582959,0,0,1498669.0,101414.94958503461,0.0
2014-10-07,1623150,1,0,1508143.5714285714,110449.5582832008,0.0
2014-10-08,1640234,2,0,1517965.5714285714,119691.06475821065,0.0
2014-10-09,1609755,3,0,1523994.5714285714,123604.03803390694,0.0
2014-10-10,1594302,4,0,1537854.4285714286,125533.99691831502,0.0
2014-10-11,1460091,5,1,1549042.857142857,112072.79336132988,0.0
2014-10-12,1437183,6,1,1563953.4285714286,81200.50980312594,0.0
2014-10-13,1628745,0,0,1570494.2857142857,84752.96755024728,0.0
2014-10-14,1680646,1,0,1578708.0,93083.21836579985,0.0
2014-10-15,1688026,2,0,1585535.4285714286,99854.55525390031,0.0
2014-10-16,1658365,3,0,1592479.7142857143,103445.30788089559,0.0
2014-10-17,1594021,4,0,1592439.5714285714,103444.53738737278,0.0
2014-10-18,1366708,5,1,1579099.142857143,126752.68743427638,0.0
2014-10-19,1293464,6,1,1558567.857142857,160672.52929009992,0.0
2014-10-20,1579430,0,0,1551522.857142857,158143.89199969548,0.0
2014-10-21,1562534,1,0,1534649.7142857143,148049.81259553568,0.0
2014-10-22,1675398,2,0,1532845.7142857143,145931.20300187083,0.0
2014-10-23,1658304,3,0,1532837.0,145922.459942493,0.0
2014-10-24,1639243,4,0,1539297.2857142857,150025.9943217838,0.0
2014-10-25,1413619,5,1,1545998.857142857,141856.9622148005,0.0
2014-10-26,1359895,6,1,1555489.0,123133.2193628855,0.0
2014-10-27,1575023,0,0,1554859.4285714286,123001.60528608639,0.0
2014-10-28,1603203,1,0,1560669.2857142857,124377.30915071786,0.0
2014-10-29,1694206,2,0,1563356.142857143,127434.38308980042,0.0
2014-10-30,1661352,3,0,1563791.5714285714,127817.51133010245,0.0
2014-10-31,1543715,4,0,1550144.7142857143,123443.90824273147,0.0
2014-11-01,1363262,5,1,1542950.857142857,133762.23188109318,0.0
2014-11-02,1381968,6,1,1546104.142857143,128899.46925858411,0.0
2014-11-03,1682054,0,0,1561394.2857142857,138864.43216883595,0.0
2014-11-04,1765570,1,0,1584589.5714285714,159098.28612513145,0.0
2014-11-05,1768849,2,0,1595252.857142857,169810.3961564525,0.0
2014-11-06,1763641,3,0,1609865.5714285714,180510.4677914484,0.0
2014-11-07,1694884,4,0,1631461.142857143,180320.00630955517,0.0
2014-11-08,1555725,5,1,1658955.857142857,143530.07580461327,0.0
2014-11-09,1556868,6,1,1683941.5714285714,93928.12154845262,0.0
2014-11-10,1771703,0,0,1696748.5714285714,99570.17858586421,0.0
2014-11-11,1732569,1,0,1692034.142857143,96502.55264056336,0.0
2014-11-12,1720397,2,0,1685112.4285714286,91692.43378793162,0.0
2014-11-13,1726830,3,0,1679853.7142857143,87392.8440886701,0.0
2014-11-14,1715152,4,0,1682749.142857143,88304.80368857647,0.0
2014-11-15,1613286,5,1,1690972.142857143,76379.64538067738,0.0
2014-11-16,1578214,6,1,1694021.5714285714,70318.8996853209,0.0
2014-11-17,1778661,0,0,1695015.5714285714,71636.81338265188,0.0
2014-11-18,1799678,1,0,1704602.5714285714,81334.27748467571,0.0
2014-11-19,1821342,2,0,1719023.2857142857,92749.23123620276,0.0
2014-11-20,1848912,3,0,1736463.5714285714,105115.41888144147,0.0
2014-11-21,1803150,4,0,1749034.7142857143,107379.5208357097,0.0
2014-11-22,1628298,5,1,1751179.2857142857,104322.90848565627,0.0
2014-11-23,1621614,6,1,1757379.2857142857,93006.0111045156,0.0
2014-11-24,1873335,0,0,1770904.142857143,102966.88188997816,0.0
2014-11-25,1942493,1,0,1791306.2857142857,122006.92712945973,0.0
2014-11-26,1931983,2,0,1807112.142857143,133199.82455873606,0.0
2014-11-27,1894158,3,0,1813575.857142857,136620.18856844722,0.0
2014-11-28,1806658,4,0,1814077.0,136581.99966077233,0.0
2014-11-29,1629322,5,1,1814223.2857142857,136350.21035030828,0.0
2014-11-30,1590901,6,1,1809835.7142857143,143868.01245553733,0.0
2014-12-01,1868309,0,0,1809117.7142857143,143510.38710109677,0.0
2014-12-02,1862587,1,0,1797702.5714285714,133995.7999999288,0.0
2014-12-03,1925444,2,0,1796768.4285714286,132922.14339086215,0.0
2014-12-04,1985488,3,0,1809815.5714285714,147732.03764571267,0.0
2014-12-05,1907664,4,0,1824245.0,152236.3379398468,0.0
2014-12-06,1735301,5,1,1839384.857142857,133770.30551338656,0.0
2014-12-07,1623905,6,1,1844099.7142857143,123759.64625800561,0.0
2014-12-08,1913119,0,0,1850501.142857143,126352.30147149986,0.0
2014-12-09,1957117,1,0,1864005.4285714286,132748.97202723517,0.0
2014-12-10,1863356,2,0,1855135.7142857143,130005.61418867018,0.0
2014-12-11,1891915,3,0,1841768.142857143,118686.50023547234,0.0
2014-12-12,1908536,4,0,1841892.7142857143,118767.62056037558,0.0
2014-12-13,1769617,5,1,1846795.0,114257.19863974403,0.0
2014-12-14,1653630,6,1,1851041.4285714286,104749.53037422641,0.0
2014-12-15,1906162,0,0,1850047.5714285714,104093.32586492268,0.0
2014-12-16,1922206,1,0,1845060.2857142857,98810.75184870667,0.0
2014-12-17,1840491,2,0,1841793.857142857,98482.52502082851,0.0
2014-12-18,1775891,3,0,1825219.0,98404.62624627253,0.0
2014-12-19,1731673,4,0,1799952.857142857,96126.05318267316,0.0
2014-12-20,1614642,5,1,1777813.5714285714,119324.57301112638,0.0
2014-12-21,1551202,6,1,1763181.0,141340.3588340402,0.0
2014-12-22,1686493,0,0,1731799.7142857143,128066.75963694356,0.0
2014-12-23,1674679,1,0,1696438.7142857143,97178.52099567416,0.0
2014-12-24,1555912,2,0,1655784.5714285714,85721.80852980746,0.0
2014-12-25,1453274,3,0,1609696.4285714286,96441.28586669176,1.0
2014-12-26,1518733,4,0,1579276.4285714286,84383.99954743165,1.0
2014-12-27,1599471,5,1,1577109.142857143,83514.64288661054,0.0
2014-12-28,1622479,6,1,1587291.5714285714,84172.08997417703,0.0
2014-12-29,1771486,0,0,1599433.4285714286,104534.15359403339,0.0
2014-12-30,1759098,1,0,1611493.2857142857,118586.91178164094,0.0
2014-12-31,1657121,2,0,1625951.7142857143,116837.79337714336,0.0
2015-01-01,1442497,3,0,1624412.142857143,119532.3296496732,1.0
2015-01-02,1564952,4,0,1631014.857142857,113864.04428884246,0.0
2015-01-03,1653984,5,1,1638802.4285714286,113209.3681413086,0.0
2015-01-04,1684648,6,1,1647683.7142857143,114150.03844169332,0.0
2015-01-05,1884492,0,0,1663827.4285714286,139706.96076414504,0.0
2015-01-06,1866443,1,0,1679162.4285714286,156758.12671422932,0.0
2015-01-07,1874308,2,0,1710189.142857143,172383.30943224044,0.0
2015-01-08,1848398,3,0,1768175.0,130513.16643032129,0.0
2015-01-09,1779718,4,0,1798855.857142857,95259.79199437522,0.0
2015-01-10,1587671,5,1,1789382.5714285714,113599.84941577967,0.0
2015-01-11,1594502,6,1,1776504.5714285714,131198.17148352772,0.0
2015-01-12,1820246,0,0,1767326.5714285714,124458.92177724533,0.0
2015-01-13,1869934,1,0,1767825.2857142857,124928.39031050354,0.0
2015-01-14,1898386,2,0,1771265.0,128625.6366787045,0.0
2015-01-15,1846049,3,0,1770929.4285714286,128393.7207549022,0.0
2015-01-16,1901125,4,0,1788273.2857142857,137645.47900520932,0.0
2015-01-17,1783148,5,1,1816198.5714285714,106461.188380028,0.0
2015-01-18,1750644,6,1,1838504.5714285714,57255.329282852006,0.0
2015-01-19,2011761,0,0,1865863.857142857,85745.49297666686,0.0
2015-01-20,2050129,1,0,1891606.0,110613.59829907339,0.0
2015-01-21,2059287,2,0,1914591.857142857,127661.47339276495,0.0
2015-01-22,2044431,3,0,1942932.142857143,131860.14556141786,0.0
2015-01-23,1974853,4,0,1953464.7142857143,130905.27518364905,0.0
2015-01-24,1726507,5,1,1945373.142857143,144257.20816009498,0.0
2015-01-25,1691978,6,1,1936992.2857142857,158460.74204538338,0.0
2015-01-26,1874228,0,0,1917344.7142857143,156154.64882686065,0.0
2015-01-27,1927915,1,0,1899885.5714285714,145288.19568001537,0.0
2015-01-28,1864864,2,0,1872110.857142857,127193.82229683259,0.0
2015-01-29,1953951,3,0,1859185.142857143,110229.81243964001,0.0
2015-01-30,1935617,4,0,1853580.0,104200.54504656882,0.0
2015-01-31,1735985,5,1,1854934.0,102318.72182223228,0.0
2015-02-01,1701452,6,1,1856287.4285714286,99836.50719862484,0.0
2015-02-02,2030495,0,0,1878611.2857142857,119959.646460411,0.0
2015-02-03,2034935,1,0,1893899.857142857,133361.6418895562,0.0
2015-02-04,2010252,2,0,1914669.5714285714,139276.1274661039,0.0
2015-02-05,2034146,3,0,1926126.0,146173.34239183986,0.0
2015-02-06,1977960,4,0,1932175.0,147501.654128585,0.0
2015-02-07,1815117,5,1,1943479.5714285714,132198.0419306117,0.0
2015-02-08,1701189,6,1,1943442.0,132278.3048046884,0.0
2015-02-09,1913228,0,0,1926689.5714285714,126725.06558012801,0.0
2015-02-10,1990376,1,0,1920324.0,121388.28770932565,0.0
2015-02-11,2003293,2,0,1919329.857142857,120554.68323190467,0.0
2015-02-12,1987587,3,0,1912678.5714285714,114285.60974865146,0.0
2015-02-13,1893495,4,0,1900612.142857143,110645.34722923595,0.0
2015-02-14,1717330,5,1,1886642.5714285714,128043.76799733119,0.0
2015-02-15,1632378,6,1,1876812.4285714286,146032.1096572749,0.0
2015-02-16,1877342,0,0,1871685.857142857,145167.99278012873,0.0
2015-02-17,1843018,1,0,1850634.7142857143,135446.7413656504,0.0
2015-02-18,1807013,2,0,1822594.7142857143,117735.2460958061,0.0
2015-02-19,1850938,3,0,1803073.4285714286,94941.08029696257,0.0
2015-02-20,1860489,4,0,1798358.2857142857,90413.59745215319,0.0
2015-02-21,1668613,5,1,1791398.7142857143,99143.7662046384,0.0
2015-02-22,1670049,6,1,1796780.2857142857,89640.35054170642,0.0
2015-02-23,1816209,0,0,1788047.0,83232.3533309128,0.0
2015-02-24,1834478,1,0,1786827.0,82350.22360424152,0.0
2015-02-25,1890369,2,0,1798735.0,91296.42552879736,0.0
2015-02-26,1812310,3,0,1793216.7142857143,88747.01024207335,0.0
2015-02-27,1787569,4,0,1782799.5714285714,83668.90019169383,0.0
2015-02-28,1590445,5,1,1771632.7142857143,104156.71391501052,0.0
2015-03-01,1501992,6,1,1747624.5714285714,143436.31202832726,0.0
2015-03-02,1787758,0,0,1743560.142857143,141559.81352939873,0.0
2015-03-03,1815605,1,0,1740864.0,139707.19692032793,0.0
2015-03-04,1817320,2,0,1730428.4285714286,128996.17053859003,0.0
2015-03-05,1831254,3,0,1733134.7142857143,131180.5424592638,0.0
2015-03-06,1693394,4,0,1719681.142857143,129485.68205331232,0.0
2015-03-07,1466367,5,1,1701955.7142857143,155919.84573568587,0.0
2015-03-08,1507279,6,1,1702711.0,154798.54253405827,0.0
2015-03-09,1786092,0,0,1702473.0,154647.19798518386,0.0
2015-03-10,1757819,1,0,1694217.857142857,149042.4065352258,0.0
2015-03-11,1772012,2,0,1687745.2857142857,143693.17166300362,0.0
2015-03-12,1740546,3,0,1674787.0,132227.14652446378,0.0
2015-03-13,1775984,4,0,1686585.5714285714,137734.2114446796,0.0
2015-03-14,1627035,5,1,1709538.142857143,104232.58097708611,0.0
2015-03-15,1605879,6,1,1723623.857142857,74871.21300703492,0.0
2015-03-16,1872723,0,0,1735999.7142857143,92096.27559556006,0.0
2015-03-17,1855600,1,0,1749968.4285714286,102755.87260892175,0.0
2015-03-18,1820792,2,0,1756937.0,106099.59821476812,0.0
2015-03-19,1838122,3,0,1770876.4285714286,109927.9567942307,0.0
2015-03-20,1732521,4,0,1764667.4285714286,110815.25463410228,0.0
2015-03-21,1550006,5,1,1753663.2857142857,129079.64554196758,0.0
2015-03-22,1514772,6,1,1740648.0,149450.324528482,0.0
2015-03-23,1741408,0,0,1721888.7142857143,137904.43151052124,0.0
2015-03-24,1773116,1,0,1710105.2857142857,127723.25286430841,0.0
2015-03-25,1772933,2,0,1703268.2857142857,121961.69952997571,0.0
2015-03-26,1706863,3,0,1684517.0,106937.72301049189,0.0
2015-03-27,1702472,4,0,1680224.2857142857,105279.83809308785,0.0
2015-03-28,1473590,5,1,1669307.7142857143,123430.00123514063,0.0
2015-03-29,1394722,6,1,1652157.7142857143,153224.75932946842,0.0
2015-03-30,1640422,0,0,1637731.142857143,148089.04583440663,0.0
2015-03-31,1612025,1,0,1614718.142857143,135527.82741985144,0.0
2015-04-01,1663603,2,0,1599099.5714285714,119622.29575747128,0.0
2015-04-02,1692412,3,0,1597035.142857143,117559.47543326771,0.0
2015-04-03,1560389,4,0,1576737.5714285714,108215.41070609118,1.0
2015-04-04,1471366,5,1,1576419.857142857,108571.39790852748,0.0
2015-04-05,1386285,6,1,1575214.5714285714,110945.53789865247,0.0
2015-04-06,1383953,0,0,1538576.142857143,127007.76426717089,1.0
2015-04-07,1543790,1,0,1528828.2857142857,122985.86488118808,0.0
2015-04-08,1560888,2,0,1514154.7142857143,109627.81242568222,0.0
2015-04-09,1543145,3,0,1492830.857142857,79573.2075040257,0.0
2015-04-10,1488600,4,0,1482575.2857142857,73834.19756843035,0.0
2015-04-11,1278783,5,1,1455063.4285714286,107095.17887509402,0.0
2015-04-12,1313442,6,1,1444657.2857142857,117887.23860780746,0.0
2015-04-13,1578176,0,0,1472403.4285714286,123920.47437485188,0.0
2015-04-14,1510749,1,0,1467683.2857142857,121350.79030332154,0.0
2015-04-15,1528970,2,0,1463123.5714285714,117813.05209648187,0.0
2015-04-16,1567694,3,0,1466630.5714285714,120916.59909742887,0.0
2015-04-17,1527948,4,0,1472251.7142857143,123004.6978435134,0.0
2015-04-18,1317245,5,1,1477746.2857142857,113406.7458380409,0.0
2015-04-19,1361195,6,1,1484568.142857143,102817.86466277188,0.0
2015-04-20,1542355,0,0,1479450.857142857,98168.78612104134,0.0
2015-04-21,1520210,1,0,1480802.4285714286,98735.00744731633,0.0
2015-04-22,1526471,2,0,1480445.4285714286,98536.13678048075,0.0
2015-04-23,1535964,3,0,1475912.5714285714,94500.78704233967,0.0
2015-04-24,1508334,4,0,1473110.5714285714,92979.29633860239,0.0
2015-04-25,1329918,5,1,1474921.0,89496.73167218221,0.0
2015-04-26,1334067,6,1,1471045.5714285714,95619.99746717024,0.0
2015-04-27,1532574,0,0,1469648.2857142857,94468.82163042309,0.0
2015-04-28,1508744,1,0,1468010.2857142857,93540.86110487062,0.0
2015-04-29,1538693,2,0,1469756.2857142857,94917.8658538038,0.0
2015-04-30,1548778,3,0,1471586.857142857,96517.63267651554,0.0
2015-05-01,1545461,4,0,1476890.7142857143,99836.56701116079,0.0
2015-05-02,1386518,5,1,1484976.4285714286,87476.3186903838,0.0
2015-05-03,1292508,6,1,1479039.4285714286,99946.93806526346,0.0
2015-05-04,1305173,0,0,1446553.5714285714,115406.96889539086,1.0
2015-05-05,1475403,1,0,1441790.5714285714,113077.00013540211,0.0
2015-05-06,1509647,2,0,1437641.142857143,109401.6588013129,0.0
2015-05-07,1546002,3,0,1437244.5714285714,108935.69292150487,0.0
2015-05-08,1565727,4,0,1440139.7142857143,112501.98311396164,0.0
2015-05-09,1327592,5,1,1431721.7142857143,119188.81232974067,0.0
2015-05-10,1273476,6,1,1429002.857142857,123048.32415415325,0.0
2015-05-11,1409685,0,0,1443933.142857143,111298.61673808977,0.0
2015-05-12,1420681,1,0,1436115.7142857143,110639.66847341624,0.0
2015-05-13,1485679,2,0,1432691.7142857143,108331.60536015085,0.0
2015-05-14,1574462,3,0,1436757.4285714286,113694.25605084485,0.0
2015-05-15,1481699,4,0,1424753.4285714286,101600.70991363745,0.0
2015-05-16,1225444,5,1,1410160.857142857,122969.86667396323,0.0
2015-05-17,1233210,6,1,1404408.5714285714,131102.22652173063,0.0
2015-05-18,1489586,0,0,1415823.0,135056.83505844034,0.0
2015-05-19,1497220,1,0,1426757.142857143,138568.31964827166,0.0
2015-05-20,1505969,2,0,1429655.7142857143,140208.77071320283,0.0
2015-05-21,1465567,3,0,1414099.2857142857,126871.154509503,0.0
2015-05-22,1465746,4,0,1411820.2857142857,125591.29741443416,0.0
2015-05-23,1286849,5,1,1420592.4285714286,111790.05088537672,0.0
2015-05-24,1217795,6,1,1418390.2857142857,116162.7947662568,0.0
2015-05-25,1281656,0,0,1388686.0,121390.41172735233,1.0
2015-05-26,1411398,1,0,1376425.7142857143,112618.67511166862,0.0
2015-05-27,1424531,2,0,1364791.7142857143,100567.5576013835,0.0
2015-05-28,1374413,3,0,1351769.7142857143,90767.93247199664,0.0
2015-05-29,1438058,4,0,1347814.2857142857,85419.02796551997,0.0
2015-05-30,1256600,5,1,1343493.0,89676.29500599844,0.0
2015-05-31,1227477,6,1,1344876.142857143,87461.76381603781,0.0
2015-06-01,1423367,0,0,1365120.5714285714,86787.60544545062,0.0
2015-06-02,1434256,1,0,1368386.0,89215.09277771424,0.0
2015-06-03,1444402,2,0,1371224.7142857143,91583.98678757975,0.0
2015-06-04,1444100,3,0,1381180.0,95684.07035832107,0.0
2015-06-05,1416760,4,0,1378137.4285714286,93895.93242142347,0.0
2015-06-06,1152582,5,1,1363277.7142857143,120731.73002256254,0.0
2015-06-07,1150024,6,1,1352213.0,137619.77882679578,0.0
2015-06-08,1420507,0,0,1351804.4285714286,137377.35824589836,0.0
2015-06-09,1452757,1,0,1354447.4285714286,139391.23194312435,0.0
2015-06-10,1437814,2,0,1353506.2857142857,138703.1922953023,0.0
2015-06-11,1419295,3,0,1349962.7142857143,136298.99051194135,0.0
2015-06-12,1455282,4,0,1355465.857142857,140168.21524087535,0.0
2015-06-13,1329008,5,1,1380669.5714285714,110283.2259848334,0.0
2015-06-14,1260948,6,1,1396515.857142857,73430.78515499439,0.0
2015-06-15,1426112,0,0,1397316.5714285714,73765.78925189599,0.0
2015-06-16,1433841,1,0,1394614.2857142857,71714.27834288547,0.0
2015-06-17,1439595,2,0,1394868.7142857143,71896.01578604699,0.0
2015-06-18,1395689,3,0,1391496.4285714286,71108.65602926607,0.0
2015-06-19,1401042,4,0,1383747.857142857,65753.17745284739,0.0
2015-06-20,1302868,5,1,1380013.5714285714,69986.1500271435,0.0
2015-06-21,1173592,6,1,1367534.142857143,97238.08329976659,0.0
2015-06-22,1416585,0,0,1366173.142857143,96344.10901803501,0.0
2015-06-23,1449970,1,0,1368477.2857142857,98403.02748683217,0.0
2015-06-24,1447759,2,0,1369643.5714285714,99429.43418134222,0.0
2015-06-25,1462285,3,0,1379157.2857142857,105346.8627213971,0.0
2015-06-26,1445183,4,0,1385463.142857143,108158.73851186952,0.0
2015-06-27,1224869,5,1,1374320.4285714286,121304.90291254452,0.0
2015-06-28,1204842,6,1,1378784.7142857143,112975.51623356668,0.0
2015-06-29,1419158,0,0,1379152.2857142857,113123.08815875837,0.0
2015-06-30,1440169,1,0,1377752.142857143,112157.00781558704,0.0
2015-07-01,1507968,2,0,1386353.4285714286,120424.59674400059,0.0
2015-07-02,1517215,3,0,1394200.5714285714,127763.19552576609,0.0
2015-07-03,1400292,4,0,1387787.5714285714,125890.571715896,0.0
2015-07-04,1226148,5,1,1387970.2857142857,125615.33394019831,0.0
2015-07-05,1224289,6,1,1390748.4285714286,121021.23811252501,0.0
2015-07-06,1406144,0,0,1388889.2857142857,120611.33544810038,0.0
2015-07-07,1384086,1,0,1380877.4285714286,118481.15103518293,0.0
2015-07-08,1419863,2,0,1368291.0,106837.59719625612,0.0
2015-07-09,1402695,3,0,1351931.0,87194.5748388979,0.0
2015-07-10,1386333,4,0,1349936.857142857,86056.41398802896,0.0
2015-07-11,1209086,5,1,1347499.4285714286,90284.6736068119,0.0
2015-07-12,1202640,6,1,1344406.7142857143,95432.71966455886,0.0
2015-07-13,1481372,0,0,1355153.5714285714,107070.0365568656,0.0
2015-07-14,1499667,1,0,1371665.142857143,120362.3543353387,0.0
2015-07-15,1458976,2,0,1377252.7142857143,123830.6529818345,0.0
2015-07-16,1439072,3,0,1382449.4285714286,125823.59146554535,0.0
2015-07-17,1349576,4,0,1377198.4285714286,126400.17549284418,0.0
2015-07-18,1161024,5,1,1370332.4285714286,137841.4713984456,0.0
2015-07-19,1161887,6,1,1364510.5714285714,146681.6935701993,0.0
2015-07-20,1427219,0,0,1356774.4285714286,140801.23907701194,0.0
2015-07-21,1389150,1,0,1340986.2857142857,127694.27422914322,0.0
2015-07-22,1444312,2,0,1338891.4285714286,125538.0935518057,0.0
2015-07-23,1409419,3,0,1334655.2857142857,122045.93035099933,0.0
2015-07-24,1466309,4,0,1351331.4285714286,131994.11052374725,0.0
2015-07-25,1199991,5,1,1356898.142857143,123156.24295508667,0.0
2015-07-26,1232910,6,1,1367044.2857142857,106166.43011442397,0.0
2015-07-27,1385543,0,0,1361090.5714285714,103360.97304570608,0.0
2015-07-28,1394790,1,0,1361896.2857142857,103637.76678045938,0.0
2015-07-29,1393083,2,0,1354577.857142857,98530.93053188431,0.0
2015-07-30,1386668,3,0,1351327.7142857143,96780.11843645501,0.0
2015-07-31,1337739,4,0,1332960.5714285714,82462.96288004256,0.0
2015-08-01,1192751,5,1,1331926.2857142857,84430.61278099503,0.0
2015-08-02,1158094,6,1,1321238.2857142857,101968.11230269175,0.0
2015-08-03,1333488,0,0,1313801.857142857,98330.08313064289,0.0
2015-08-04,1318977,1,0,1302971.4285714286,91887.11102011007,0.0
2015-08-05,1395766,2,0,1303354.7142857143,92330.1646767787,0.0
2015-08-06,1384608,3,0,1303060.4285714286,92023.13340471529,0.0
2015-08-07,1382516,4,0,1309457.142857143,96292.69730780461,0.0
2015-08-08,1199459,5,1,1310415.4285714286,94961.87024251015,0.0
2015-08-09,1178480,6,1,1313327.7142857143,89677.48756279009,0.0
2015-08-10,1406039,0,0,1323692.142857143,96340.80683946496,0.0
2015-08-11,1444268,1,0,1341590.857142857,106429.21224682174,0.0
2015-08-12,1435676,2,0,1347292.2857142857,110794.54507138088,0.0
2015-08-13,1483051,3,0,1361355.5714285714,122001.44892700452,0.0
2015-08-14,1488320,4,0,1376470.4285714286,131262.530374393,0.0
2015-08-15,1228840,5,1,1380667.7142857143,124978.32373752187,0.0
2015-08-16,1229440,6,1,1387947.7142857143,112053.89282650615,0.0
2015-08-17,1413720,0,0,1389045.0,112297.92015439422,0.0
2015-08-18,1455427,1,0,1390639.142857143,113287.34732298608,0.0
2015-08-19,1461957,2,0,1394393.5714285714,115443.62728891415,0.0
2015-08-20,1474162,3,0,1393123.7142857143,114349.58190088604,0.0
2015-08-21,1423176,4,0,1383817.4285714286,107772.53799223821,0.0
2015-08-22,1288454,5,1,1392333.7142857143,95094.6983778492,0.0
2015-08-23,1209140,6,1,1389433.7142857143,101015.44003884154,0.0
2015-08-24,1477276,0,0,1398513.142857143,106281.15706376267,0.0
2015-08-25,1448545,1,0,1397530.0,105697.16149296222,0.0
2015-08-26,1426479,2,0,1392461.7142857143,102906.69990938774,0.0
2015-08-27,1403274,3,0,1382334.857142857,96835.62490536347,0.0
2015-08-28,1360901,4,0,1373438.4285714286,95306.71163645895,0.0
2015-08-29,1233418,5,1,1365576.142857143,105238.51818517927,0.0
2015-08-30,1243921,6,1,1370544.857142857,97130.29427773271,0.0
2015-08-31,1321808,0,0,1348335.142857143,85767.71821502755,1.0
2015-09-01,1444596,1,0,1347771.0,85008.35084078216,0.0
2015-09-02,1466454,2,0,1353481.7142857143,92214.36773215396,0.0
2015-09-03,1482540,3,0,1364805.4285714286,103521.432205873,0.0
2015-09-04,1453716,4,0,1378064.7142857143,108749.94720415954,0.0
2015-09-05,1284097,5,1,1385304.5714285714,98741.79860941233,0.0
2015-09-06,1228962,6,1,1383167.5714285714,102405.54570247527,0.0
2015-09-07,1474203,0,0,1404938.2857142857,103381.23539392465,0.0
2015-09-08,1531012,1,0,1417283.4285714286,113564.30502563281,0.0
2015-09-09,1509229,2,0,1423394.142857143,117725.6453672921,0.0
2015-09-10,1439856,3,0,1417296.4285714286,115230.53049556051,0.0
2015-09-11,1411649,4,0,1411286.857142857,114106.05781090446,0.0
2015-09-12,1263621,5,1,1408361.7142857143,118102.50135330488,0.0
2015-09-13,1278050,6,1,1415374.2857142857,106569.11469671075,0.0
2015-09-14,1508280,0,0,1420242.4285714286,110413.32925401244,0.0
2015-09-15,1535028,1,0,1420816.142857143,111093.16291509017,0.0
2015-09-16,1564534,2,0,1428716.857142857,120035.54003493606,0.0
2015-09-17,1525994,3,0,1441022.2857142857,125651.62304393019,0.0
2015-09-18,1517126,4,0,1456090.4285714286,127847.32115022262,0.0
2015-09-19,1326833,5,1,1465120.7142857143,113403.26614744028,0.0
2015-09-20,1306588,6,1,1469197.5714285714,105816.37290114789,0.0
2015-09-21,1532114,0,0,1472602.4285714286,107651.07062459453,0.0
2015-09-22,1541350,1,0,1473505.5714285714,108286.72200823193,0.0
2015-09-23,1514547,2,0,1466364.5714285714,102792.1461524248,0.0
2015-09-24,1461788,3,0,1457192.2857142857,99392.91753896355,0.0
2015-09-25,1467545,4,0,1450109.2857142857,96122.88896983504,0.0
2015-09-26,1337479,5,1,1451630.142857143,93905.98693983958,0.0
2015-09-27,1293329,6,1,1449736.0,97388.32962596601,0.0
2015-09-28,1485376,0,0,1443059.142857143,92266.76202807465,0.0
2015-09-29,1509555,1,0,1438517.0,87268.8577882694,0.0
2015-09-30,1501097,2,0,1436595.5714285714,85444.8882065017,0.0
2015-10-01,1527034,3,0,1445916.4285714286,91961.29238591748,0.0
2015-10-02,1504658,4,0,1451218.2857142857,94452.1793214635,0.0
2015-10-03,1400769,5,1,1460259.7142857143,84225.4498072912,0.0
2015-10-04,1342532,6,1,1467288.7142857143,68570.71997026505,0.0
2015-10-05,1552139,0,0,1476826.2857142857,75770.8453424346,0.0
2015-10-06,1592442,1,0,1488667.2857142857,87332.39729852321,0.0
2015-10-07,1581191,2,0,1500109.2857142857,94208.44801771795,0.0
2015-10-08,1594488,3,0,1509745.5714285714,100651.03536619974,0.0
2015-10-09,1564701,4,0,1518323.142857143,102683.1519342151,0.0
2015-10-10,1420249,5,1,1521106.0,99170.16443468387,0.0
2015-10-11,1357886,6,1,1523299.4285714286,94627.99630282757,0.0
2015-10-12,1575149,0,0,1526586.5714285714,96183.64910049905,0.0
2015-10-13,1637181,1,0,1532977.857142857,102563.8147308545,0.0
2015-10-14,1638538,2,0,1541170.2857142857,109136.49096997874,0.0
2015-10-15,1681225,3,0,1553561.2857142857,120528.30105929561,0.0
2015-10-16,1655121,4,0,1566478.4285714286,126612.75765875423,0.0
2015-10-17,1475308,5,1,1574344.0,117388.7226128161,0.0
2015-10-18,1459842,6,1,1588909.142857143,88930.97671309364,0.0
2015-10-19,1670728,0,0,1602563.2857142857,93676.96821830487,0.0
2015-10-20,1641616,1,0,1603196.857142857,93964.67838933624,0.0
2015-10-21,1637488,2,0,1603046.857142857,93899.67457244672,0.0
2015-10-22,1580028,3,0,1588590.142857143,87424.21761814518,0.0
2015-10-23,1629229,4,0,1584891.2857142857,84643.71792543179,0.0
2015-10-24,1441837,5,1,1580109.7142857143,92451.19620772944,0.0
2015-10-25,1433438,6,1,1576337.7142857143,98515.6627694641,0.0
2015-10-26,1627816,0,0,1570207.4285714286,92834.47627159371,0.0
2015-10-27,1674857,1,0,1574956.142857143,97812.69227701593,0.0
2015-10-28,1679041,2,0,1580892.2857142857,103344.64702105643,0.0
2015-10-29,1656713,3,0,1591847.2857142857,107229.22950191029,0.0
2015-10-30,1639101,4,0,1593257.5714285714,107865.84612975336,0.0
2015-10-31,1448011,5,1,1594139.5714285714,106437.13023793728,0.0
2015-11-01,1460087,6,1,1597946.5714285714,100014.01590421016,0.0
2015-11-02,1705601,0,0,1609058.7142857143,107896.36652782421,0.0
2015-11-03,1753440,1,0,1620284.857142857,119362.2726107847,0.0
2015-11-04,1741335,2,0,1629184.0,126577.11897891224,0.0
2015-11-05,1712038,3,0,1637087.5714285714,130256.33489375495,0.0
2015-11-06,1642248,4,0,1637537.142857143,130269.87244874073,0.0
2015-11-07,1461922,5,1,1639524.4285714286,126960.82889991713,0.0
2015-11-08,1421717,6,1,1634043.0,136471.16618783746,0.0
2015-11-09,1597123,0,0,1618546.142857143,133108.81899838432,0.0
2015-11-10,1602862,1,0,1597035.0,119106.59157802831,0.0
2015-11-11,1620076,2,0,1579712.2857142857,102246.55137904058,0.0
2015-11-12,1606439,3,0,1564626.7142857143,85962.5353971536,0.0
2015-11-13,1584376,4,0,1556359.2857142857,79816.31267629615,0.0
2015-11-14,1523058,5,1,1565093.0,70569.69717474669,0.0
2015-11-15,1406864,6,1,1562971.142857143,75640.28476597849,0.0
2015-11-16,1606681,0,0,1564336.5714285714,76441.5545539281,0.0
2015-11-17,1693853,1,0,1577335.2857142857,90523.84417695404,0.0
2015-11-18,1641710,2,0,1580425.857142857,92572.37884206173,0.0
2015-11-19,1697116,3,0,1593379.7142857143,102618.35514942417,0.0
2015-11-20,1696586,4,0,1609409.7142857143,109510.2012915079,0.0
2015-11-21,1592336,5,1,1619306.5714285714,103363.56854305162,0.0
2015-11-22,1656392,6,1,1654953.4285714286,43689.735063901215,0.0
2015-11-23,1856223,0,0,1690602.2857142857,82397.49552568936,0.0
2015-11-24,1818429,1,0,1708398.857142857,95610.45939371535,0.0
2015-11-25,1796031,2,0,1730444.7142857143,95462.04284726141,0.0
2015-11-26,1805281,3,0,1745896.857142857,97891.34723326517,0.0
2015-11-27,1688309,4,0,1744714.4285714286,98633.41968768272,0.0
2015-11-28,1560413,5,1,1740154.0,107217.50276424497,0.0
2015-11-29,1521527,6,1,1720887.5714285714,133639.367322233,0.0
2015-11-30,1803055,0,0,1713292.142857143,125955.58564752333,0.0
2015-12-01,1767096,1,0,1705958.857142857,120175.92250035211,0.0
2015-12-02,1724271,2,0,1695707.4285714286,114119.97724304703,0.0
2015-12-03,1766660,3,0,1690190.142857143,108746.67196506486,0.0
2015-12-04,1670694,4,0,1687673.7142857143,109000.96786988947,0.0
2015-12-05,1524741,5,1,1682577.7142857143,116516.99550669013,0.0
2015-12-06,1514648,6,1,1681595.0,118119.68346272617,0.0
2015-12-07,1705864,0,0,1667710.5714285714,106615.01535253109,0.0
2015-12-08,1688366,1,0,1656463.4285714286,98204.09423892257,0.0
2015-12-09,1729866,2,0,1657262.7142857143,98868.48461250376,0.0
2015-12-10,1758748,3,0,1656132.4285714286,97444.35828694164,0.0
2015-12-11,1747643,4,0,1667125.142857143,103512.22530122189,0.0
2015-12-12,1654725,5,1,1685694.2857142857,83422.13201686568,0.0
2015-12-13,1664156,6,1,1707052.5714285714,40351.2576749908,0.0
2015-12-14,1839852,0,0,1726193.7142857143,64341.45378814823,0.0
2015-12-15,1811547,1,0,1743791.0,68951.10854318582,0.0
2015-12-16,1721391,2,0,1742580.2857142857,69309.84272024882,0.0
2015-12-17,1676621,3,0,1730847.857142857,72971.23749905718,0.0
2015-12-18,1640685,4,0,1715568.142857143,79751.4736717171,0.0
2015-12-19,1436057,5,1,1684329.857142857,132762.67221679498,0.0
2015-12-20,1394681,6,1,1645833.4285714286,172661.13905939367,0.0
2015-12-21,1641735,0,0,1617531.0,150353.81187054014,0.0
2015-12-22,1602999,1,0,1587738.4285714286,123823.39711980008,0.0
2015-12-23,1541199,2,0,1561996.7142857143,109283.92656092485,0.0
2015-12-24,1451864,3,0,1529888.5714285714,102820.08367672218,0.0
2015-12-25,1352551,4,0,1488726.5714285714,108585.15214009903,1.0
2015-12-26,1248036,5,1,1461866.4285714286,141922.51882143997,0.0
2015-12-27,1371959,6,1,1458620.4285714286,143960.47859264017,0.0
2015-12-28,1355858,0,0,1417780.857142857,122271.41439905776,1.0
2015-12-29,1405989,1,0,1389636.5714285714,91278.3055621059,0.0
2015-12-30,1467863,2,0,1379160.0,73450.96882503909,0.0
2015-12-31,1451906,3,0,1379166.0,73457.89902615554,0.0
2016-01-01,1409280,4,0,1387270.142857143,73160.93268368256,1.0
2016-01-02,1443410,5,1,1415180.7142857143,41688.66646033884,0.0
2016-01-03,1480766,6,1,1430724.5714285714,43146.460109208965,0.0
2016-01-04,1732697,0,0,1484558.7142857143,112890.24290540308,0.0
2016-01-05,1780970,1,0,1538127.4285714286,151692.91452565664,0.0
2016-01-06,1794515,2,0,1584792.0,174937.5427488398,0.0
2016-01-07,1738208,3,0,1625692.2857142857,172136.9656394968,0.0
2016-01-08,1807356,4,0,1682560.2857142857,153469.025837701,0.0
2016-01-09,1617150,5,1,1707380.2857142857,118384.8743642508,0.0
2016-01-10,1555424,6,1,1718045.7142857143,95769.07084356295,0.0
2016-01-11,1855789,0,0,1735630.2857142857,109258.34987270275,0.0
2016-01-12,1837395,1,0,1743691.0,115086.82496272588,0.0
2016-01-13,1885572,2,0,1756699.142857143,126380.72136792543,0.0
2016-01-14,1879008,3,0,1776813.4285714286,133926.57387770334,0.0
2016-01-15,1873298,4,0,1786233.7142857143,138668.18579943123,0.0
2016-01-16,1786940,5,1,1810489.4285714286,117378.31514077194,0.0
2016-01-17,1751028,6,1,1838432.857142857,51116.623885744455,0.0
2016-01-18,1956345,0,0,1852798.0,68111.41835013453,0.0
2016-01-19,1984551,1,0,1873820.2857142857,83529.47282389812,0.0
2016-01-20,1978255,2,0,1887060.7142857143,92560.23363143008,0.0
2016-01-21,1935659,3,0,1895153.7142857143,94200.89500939754,0.0
2016-01-22,1792970,4,0,1883678.2857142857,101886.28687203988,0.0
2016-01-23,1600333,5,1,1857020.142857143,146194.24958188285,0.0
2016-01-24,1518704,6,1,1823831.0,193110.2428709238,0.0
2016-01-25,1672560,0,0,1783290.2857142857,190423.87107513286,0.0
2016-01-26,1723766,1,0,1746035.2857142857,168764.73977672495,0.0
2016-01-27,1725535,2,0,1709932.4285714286,134325.21251656435,0.0
2016-01-28,1722321,3,0,1679455.5714285714,92158.10346873288,0.0
2016-01-29,1674051,4,0,1662467.142857143,77547.97780607118,0.0
2016-01-30,1512407,5,1,1649906.2857142857,94547.25627205092,0.0
2016-01-31,1575236,6,1,1657982.2857142857,83206.73187052135,0.0
2016-02-01,1660790,0,0,1656300.857142857,82981.66912323229,0.0
2016-02-02,1694545,1,0,1652126.4285714286,79691.94067127373,0.0
2016-02-03,1792773,2,0,1661731.857142857,92962.01942806662,0.0
2016-02-04,1773427,3,0,1669032.7142857143,100235.77657822297,0.0
2016-02-05,1684655,4,0,1670547.5714285714,100404.24502290916,0.0
2016-02-06,1565167,5,1,1678084.7142857143,87735.43502811575,0.0
2016-02-07,1465465,6,1,1662403.142857143,114813.57531005451,0.0
2016-02-08,1742507,0,0,1674077.0,118710.44293293933,0.0
2016-02-09,1772464,1,0,1685208.2857142857,124463.3410965093,0.0
2016-02-10,1799936,2,0,1686231.5714285714,125520.04523297054,0.0
2016-02-11,1834280,3,0,1694924.857142857,134361.43572150482,0.0
2016-02-12,1836365,4,0,1716597.7142857143,144297.04740767408,0.0
2016-02-13,1666761,5,1,1731111.142857143,131026.57932830743,0.0
2016-02-14,1576983,6,1,1747042.2857142857,95235.48792286278,0.0
2016-02-15,1828337,0,0,1759303.7142857143,99962.20310650262,0.0
2016-02-16,1804293,1,0,1763850.7142857143,101374.52716324909,0.0
2016-02-17,1883099,2,0,1775731.142857143,110748.0340418903,0.0
2016-02-18,1826458,3,0,1774613.7142857143,110096.37225436755,0.0
2016-02-19,1743508,4,0,1761348.4285714286,106965.59932965967,0.0
2016-02-20,1523304,5,1,1740854.5714285714,137494.37425201584,0.0
2016-02-21,1448659,6,1,1722522.5714285714,168127.0066436487,0.0
2016-02-22,1717804,0,0,1706732.142857143,161596.38525189043,0.0
2016-02-23,1779035,1,0,1703123.857142857,159320.84744463736,0.0
2016-02-24,1836763,2,0,1696504.4285714286,151360.74193667364,0.0
2016-02-25,1862846,3,0,1701702.7142857143,157084.3073190508,0.0
2016-02-26,1846109,4,0,1716360.0,166159.82211112636,0.0
2016-02-27,1657113,5,1,1735475.5714285714,146819.77119341513,0.0
2016-02-28,1606649,6,1,1758045.5714285714,100085.77724442155,0.0
2016-02-29,1799946,0,0,1769780.142857143,99394.28011448671,0.0
2016-03-01,1727983,1,0,1762487.0,100469.19657122558,0.0
2016-03-02,1769024,2,0,1752810.0,95249.36976869869,0.0
2016-03-03,1792369,3,0,1742741.857142857,84835.20822636403,0.0
2016-03-04,1752146,4,0,1729318.5714285714,72254.70551426728,0.0
2016-03-05,1610549,5,1,1722666.5714285714,81554.96882238502,0.0
2016-03-06,1609271,6,1,1723041.142857143,80936.98603529374,0.0
2016-03-07,1806621,0,0,1723994.7142857143,82026.05747508472,0.0
2016-03-08,1872656,1,0,1744662.2857142857,99552.2279303973,0.0
2016-03-09,1845147,2,0,1755537.0,106567.46323495873,0.0
2016-03-10,1843409,3,0,1762828.4285714286,111154.90914913874,0.0
2016-03-11,1752036,4,0,1762812.7142857143,111156.67881675997,0.0
2016-03-12,1554087,5,1,1754746.7142857143,125207.56506526425,0.0
2016-03-13,1479451,6,1,1736201.0,156140.18718553658,0.0
2016-03-14,1664372,0,0,1715879.7142857143,154697.7130812625,0.0
2016-03-15,1758441,1,0,1699563.2857142857,140805.64204216408,0.0
2016-03-16,1720007,2,0,1681686.142857143,126453.91447537024,0.0
2016-03-17,1713027,3,0,1663060.142857143,106726.30618304793,0.0
2016-03-18,1784359,4,0,1667677.7142857143,111796.30466271937,0.0
2016-03-19,1596018,5,1,1673667.857142857,105650.03077524852,0.0
2016-03-20,1525807,6,1,1680290.142857143,92021.04543424248,0.0
2016-03-21,1695382,0,0,1684720.142857143,91873.31803164737,0.0
2016-03-22,1719379,1,0,1679139.857142857,87742.74317274103,0.0
2016-03-23,1743012,2,0,1682426.2857142857,89932.06404043447,0.0
2016-03-24,1671167,3,0,1676446.2857142857,88944.46006304258,0.0
2016-03-25,1356432,4,0,1615313.857142857,136668.9883446302,1.0
2016-03-26,1348724,5,1,1579986.142857143,170309.50467842817,0.0
2016-03-27,1203729,6,1,1533975.0,222802.919439286,0.0
2016-03-28,1363940,0,0,1486626.142857143,217949.96640317576,1.0
2016-03-29,1601764,1,0,1469824.0,200881.29858949708,0.0
2016-03-30,1619107,2,0,1452123.2857142857,176814.54525360992,0.0
2016-03-31,1603404,3,0,1442442.857142857,164230.54493854774,0.0
2016-04-01,1546680,4,0,1469621.142857143,163364.07767563895,0.0
2016-04-02,1401409,5,1,1477147.5714285714,157991.12772649084,0.0
2016-04-03,1374009,6,1,1501473.2857142857,116551.02296665574,0.0
2016-04-04,1596611,0,0,1534712.0,103204.44179395714,0.0
2016-04-05,1538725,1,0,1525706.4285714286,99044.91580736518,0.0
2016-04-06,1498971,2,0,1508544.142857143,90174.53458420862,0.0
2016-04-07,1591871,3,0,1506896.5714285714,88237.03994329613,0.0
2016-04-08,1584716,4,0,1512330.2857142857,92178.37492731425,0.0
2016-04-09,1420273,5,1,1515025.142857143,88601.4421147417,0.0
2016-04-10,1335647,6,1,1509544.857142857,99316.01426496448,0.0
2016-04-11,1548574,0,0,1502682.4285714286,93803.99282167148,0.0
2016-04-12,1589938,1,0,1509998.5714285714,98940.15074926939,0.0
2016-04-13,1556702,2,0,1518245.857142857,100264.98178898379,0.0
2016-04-14,1579942,3,0,1516541.7142857143,98897.10402015739,0.0
2016-04-15,1621200,4,0,1521753.7142857143,103922.4807484268,0.0
2016-04-16,1413243,5,1,1520749.4285714286,105093.98305304999,0.0
2016-04-17,1338297,6,1,1521128.0,104317.98187753813,0.0
2016-04-18,1542121,0,0,1520206.142857143,104063.21992493427,0.0
2016-04-19,1541638,1,0,1513306.142857143,100198.50718022333,0.0
2016-04-20,1494263,2,0,1504386.2857142857,98455.52207252714,0.0
2016-04-21,1516197,3,0,1495279.857142857,93105.0273265557,0.0
2016-04-22,1561263,4,0,1486717.4285714286,81645.53791005103,0.0
2016-04-23,1351726,5,1,1477929.2857142857,93344.82409632583,0.0
2016-04-24,1345651,6,1,1478979.857142857,91535.2216989655,0.0
2016-04-25,1545058,0,0,1479399.4285714286,91878.96533821884,0.0
2016-04-26,1539686,1,0,1479120.5714285714,91661.28974084402,0.0
2016-04-27,1612932,2,0,1496073.2857142857,104940.61482845391,0.0
2016-04-28,1610359,3,0,1509525.0,113625.71315215479,0.0
2016-04-29,1505422,4,0,1501547.7142857143,111324.87778977,0.0
2016-04-30,1369076,5,1,1504026.2857142857,107562.83147494408,0.0
2016-05-01,1272689,6,1,1493603.142857143,127208.68129237628,0.0
2016-05-02,1290885,0,0,1457292.7142857143,145092.04212926622,1.0
2016-05-03,1454386,1,0,1445107.0,140529.09435654024,0.0
2016-05-04,1430983,2,0,1419114.2857142857,119579.44816693047,0.0
2016-05-05,1415740,3,0,1391311.5714285714,85460.88301452326,0.0
2016-05-06,1427608,4,0,1380195.2857142857,72171.80118237175,0.0
2016-05-07,1228818,5,1,1360158.4285714286,92406.464349753,0.0
2016-05-08,1149321,6,1,1342534.4285714286,119625.11626029426,0.0
2016-05-09,1367948,0,0,1353543.4285714286,117608.68038806577,0.0
2016-05-10,1472727,1,0,1356163.5714285714,120400.89538823563,0.0
2016-05-11,1464658,2,0,1360974.2857142857,124491.86519437545,0.0
2016-05-12,1352229,3,0,1351901.2857142857,122127.19343335426,0.0
2016-05-13,1344305,4,0,1340000.857142857,117491.250612458,0.0
2016-05-14,1210609,5,1,1337399.5714285714,120525.53117060142,0.0
2016-05-15,1196740,6,1,1344173.7142857143,108971.52908554276,0.0
2016-05-16,1396791,0,0,1348294.142857143,110554.12059324625,0.0
2016-05-17,1414107,1,0,1339919.857142857,101398.69910480149,0.0
2016-05-18,1455969,2,0,1338678.5714285714,99655.39860249552,0.0
2016-05-19,1432404,3,0,1350132.142857143,105884.95532170449,0.0
2016-05-20,1359416,4,0,1352290.857142857,105900.39082307178,0.0
2016-05-21,1225833,5,1,1354465.7142857143,102610.98676022906,0.0
2016-05-22,1211258,6,1,1356539.7142857143,98973.92398627645,0.0
2016-05-23,1382733,0,0,1354531.4285714286,98160.34120231817,0.0
2016-05-24,1365662,1,0,1347610.7142857143,94914.06851765761,0.0
2016-05-25,1469743,2,0,1349578.4285714286,97638.58206820129,0.0
2016-05-26,1450412,3,0,1352151.0,100383.23501131295,0.0
2016-05-27,1395292,4,0,1357276.142857143,101722.87456522576,0.0
2016-05-28,1204089,5,1,1354169.857142857,106619.82079244305,0.0
2016-05-29,1119746,6,1,1341096.7142857143,130090.42595533807,0.0
2016-05-30,1172301,0,0,1311035.0,142579.55660146373,1.0
2016-05-31,1343339,1,0,1307846.0,141398.8631519717,0.0
2016-06-01,1406625,2,0,1298829.142857143,130983.05058726584,0.0
2016-06-02,1365748,3,0,1286734.2857142857,117909.66112766815,0.0
2016-06-03,1398692,4,0,1287220.0,118437.20569146947,0.0
2016-06-04,1252831,5,1,1294183.142857143,114088.17701152447,0.0
2016-06-05,1159571,6,1,1299872.4285714286,104532.45843256426,0.0
2016-06-06,1368891,0,0,1327956.7142857143,89935.35945467377,0.0
2016-06-07,1426608,1,0,1339852.2857142857,97497.98493938906,0.0
2016-06-08,1425805,2,0,1342592.2857142857,99926.52544365446,0.0
2016-06-09,1406545,3,0,1348420.4285714286,102654.6432946683,0.0
2016-06-10,1431484,4,0,1353105.0,106024.02579763005,0.0
2016-06-11,1272766,5,1,1355952.857142857,103109.38535593824,0.0
2016-06-12,1239717,6,1,1367402.2857142857,79389.95198748115,0.0
2016-06-13,1448532,0,0,1378779.5714285714,85137.44056693741,0.0
2016-06-14,1435122,1,0,1379995.857142857,85991.14095734477,0.0
2016-06-15,1433515,2,0,1381097.2857142857,86721.95704995653,0.0
2016-06-16,1427831,3,0,1384138.142857143,88124.8292772583,0.0
2016-06-17,1402133,4,0,1379945.142857143,86173.30325461943,0.0
2016-06-18,1240274,5,1,1375303.4285714286,93474.4796417119,0.0
2016-06-19,1183827,6,1,1367319.142857143,108211.3452330484,0.0
2016-06-20,1375560,0,0,1356894.5714285714,102444.9878046207,0.0
2016-06-21,1388587,1,0,1350246.7142857143,97933.11882219053,0.0
2016-06-22,1427668,2,0,1349411.4285714286,97126.15399034174,0.0
2016-06-23,1454199,3,0,1353178.2857142857,101104.25327967801,0.0
2016-06-24,1354109,4,0,1346317.7142857143,98832.56066318076,0.0
2016-06-25,1212899,5,1,1342407.0,104127.7088179217,0.0
2016-06-26,1180868,6,1,1341984.2857142857,104882.04467515551,0.0
2016-06-27,1312257,0,0,1332941.0,104231.6135520789,0.0
2016-06-28,1429610,1,0,1338801.4285714286,108929.16770829693,0.0
2016-06-29,1424637,2,0,1338368.4285714286,108522.30711374019,0.0
2016-06-30,1388808,3,0,1329026.857142857,99313.57849330633,0.0
2016-07-01,1306598,4,0,1322239.5714285714,98936.50341652974,0.0
2016-07-02,1106231,5,1,1307001.2857142857,123699.56558765584,0.0
2016-07-03,1124094,6,1,1298890.7142857143,134718.53063545044,0.0
2016-07-04,1383976,0,0,1309136.2857142857,138576.4176026165,0.0
2016-07-05,1347507,1,0,1297407.2857142857,129881.96621512988,0.0
2016-07-06,1370177,2,0,1289627.2857142857,122406.61965177715,0.0
2016-07-07,1379936,3,0,1288359.857142857,121248.97825746656,0.0
2016-07-08,1310424,4,0,1288906.4285714286,121353.47387812645,0.0
2016-07-09,1190152,5,1,1300895.142857143,103066.33284837914,0.0
2016-07-10,1121475,6,1,1300521.0,103817.12885969263,0.0
2016-07-11,1321669,0,0,1291620.0,97976.08869857006,0.0
2016-07-12,1406180,1,0,1300001.857142857,105755.00923272093,0.0
2016-07-13,1367053,2,0,1299555.5714285714,105415.56080084073,0.0
2016-07-14,1357953,3,0,1296415.142857143,102919.75278412904,0.0
2016-07-15,1355050,4,0,1302790.2857142857,105287.03176511393,0.0
2016-07-16,1173489,5,1,1300409.857142857,108400.43691861312,0.0
2016-07-17,1139764,6,1,1303022.5714285714,103477.49572550735,0.0
2016-07-18,1370408,0,0,1309985.2857142857,106535.83409933677,0.0
2016-07-19,1413009,1,0,1310960.857142857,107589.57830173963,0.0
2016-07-20,1427643,2,0,1319616.5714285714,115034.08798970115,0.0
2016-07-21,1411709,3,0,1327296.0,119718.81408813689,0.0
2016-07-22,1387051,4,0,1331867.5714285714,121552.21603062436,0.0
2016-07-23,1211094,5,1,1337239.7142857143,113981.07413619709,0.0
2016-07-24,1194723,6,1,1345091.0,99022.69847028232,0.0
2016-07-25,1313383,0,0,1336944.5714285714,98938.41987126239,0.0
2016-07-26,1368581,1,0,1330597.7142857143,94574.44484765049,0.0
2016-07-27,1343657,2,0,1318599.7142857143,85059.82908659847,0.0
2016-07-28,1382203,3,0,1314384.5714285714,80273.19395636162,0.0
2016-07-29,1351237,4,0,1309268.2857142857,75891.55750306742,0.0
2016-07-30,1172559,5,1,1303763.2857142857,85045.35481283748,0.0
2016-07-31,1106504,6,1,1291160.5714285714,107475.51449185578,0.0
2016-08-01,1364577,0,0,1298474.0,110926.13855025341,0.0
2016-08-02,1399267,1,0,1302857.7142857143,114700.60158622281,0.0
2016-08-03,1265977,2,0,1291760.5714285714,113850.00903215788,0.0
2016-08-04,1289752,3,0,1278553.2857142857,106750.58316893737,0.0
2016-08-05,1308774,4,0,1272487.142857143,103075.13818155347,0.0
2016-08-06,1128137,5,1,1266141.142857143,111292.6567380483,0.0
2016-08-07,1002314,6,1,1251256.857142857,139574.52182906854,0.0
2016-08-08,1221436,0,0,1230808.142857143,130388.56173944061,0.0
2016-08-09,1306484,1,0,1217553.4285714286,114109.3765090736,0.0
2016-08-10,1358429,2,0,1230760.857142857,125436.3915914354,0.0
2016-08-11,1319668,3,0,1235034.5714285714,128259.11448557081,0.0
2016-08-12,1239337,4,0,1225115.0,124227.36210675877,0.0
2016-08-13,1146812,5,1,1227782.857142857,121977.75075048157,0.0
2016-08-14,1188442,6,1,1254372.5714285714,76413.1721059224,0.0
2016-08-15,1319260,0,0,1268347.4285714286,78307.42988560688,0.0
2016-08-16,1333894,1,0,1272263.142857143,81165.41409253712,0.0
2016-08-17,1354097,2,0,1271644.2857142857,80411.9508297218,0.0
2016-08-18,1391112,3,0,1281850.5714285714,91317.73354952745,0.0
2016-08-19,1371111,4,0,1300675.4285714286,94615.85877618888,0.0
2016-08-20,1118869,5,1,1296683.5714285714,102454.0895114607,0.0
2016-08-21,1111177,6,1,1285645.7142857143,118900.97628660657,0.0
2016-08-22,1355431,0,0,1290813.0,121365.70972204926,0.0
2016-08-23,1389886,1,0,1298811.857142857,126418.23954429812,0.0
2016-08-24,1424526,2,0,1308873.142857143,134119.61088202635,0.0
2016-08-25,1485958,3,0,1322422.5714285714,147895.86879610806,0.0
2016-08-26,1316431,4,0,1314611.142857143,146331.4360045241,0.0
2016-08-27,1230301,5,1,1330530.0,126159.07853976733,0.0
2016-08-28,1183965,6,1,1340928.2857142857,106540.57817208058,0.0
2016-08-29,1167815,0,0,1314126.0,124388.31142569872,1.0
2016-08-30,1317153,1,0,1303735.5714285714,119964.27954724294,0.0
2016-08-31,1357998,2,0,1294231.5714285714,111108.33422965673,0.0
2016-09-01,1351541,3,0,1275029.142857143,79597.51457685743,0.0
2016-09-02,1376008,4,0,1283540.142857143,87550.12081552476,0.0
2016-09-03,1237005,5,1,1284497.857142857,86904.96207627987,0.0
2016-09-04,1188074,6,1,1285084.857142857,86123.09744282486,0.0
2016-09-05,1428898,0,0,1322382.4285714286,83362.02802808728,0.0
2016-09-06,1472444,1,0,1344566.857142857,100615.9799277064,0.0
2016-09-07,1480391,2,0,1362051.5714285714,113188.07950319692,0.0
2016-09-08,1354898,3,0,1362531.142857143,113143.22751927828,0.0
2016-09-09,1324990,4,0,1355242.857142857,113771.86058722611,0.0
2016-09-10,1261699,5,1,1358770.5714285714,109808.44422579129,0.0
2016-09-11,1109800,6,1,1347588.5714285714,131859.2258254567,0.0
2016-09-12,1361844,0,0,1338009.4285714286,127325.57142730147,0.0
2016-09-13,1477470,1,0,1338727.4285714286,128221.029967613,0.0
2016-09-14,1441952,2,0,1333236.142857143,121805.4872196351,0.0
2016-09-15,1480703,3,0,1351208.2857142857,134186.2590887798,0.0
2016-09-16,1384159,4,0,1359661.0,134123.03132076032,0.0
2016-09-17,1237735,5,1,1356237.5714285714,137308.2190874071,0.0
2016-09-18,1222040,6,1,1372271.857142857,106926.06909361447,0.0
2016-09-19,1470987,0,0,1387863.7142857143,112940.47301672188,0.0
2016-09-20,1490826,1,0,1389771.7142857143,114804.0107193162,0.0
2016-09-21,1463061,2,0,1392787.2857142857,116665.22385972974,0.0
2016-09-22,1424273,3,0,1384725.857142857,111409.0942733686,0.0
2016-09-23,1340045,4,0,1378423.857142857,112686.85886182872,0.0
2016-09-24,1151130,5,1,1366051.7142857143,133533.7800579852,0.0
2016-09-25,1141910,6,1,1354604.5714285714,150316.6087373206,0.0
2016-09-26,1458222,0,0,1352781.0,148738.5407955955,0.0
2016-09-27,1418933,1,0,1342510.5714285714,139833.36169987766,0.0
2016-09-28,1381768,2,0,1330897.2857142857,131266.18966781942,0.0
2016-09-29,1335349,3,0,1318193.857142857,124870.61928177017,0.0
2016-09-30,1394549,4,0,1325980.142857143,128117.31670548185,0.0
2016-10-01,1333291,5,1,1352003.142857143,102652.14846824142,0.0
2016-10-02,1247488,6,1,1367085.7142857143,68819.42578885467,0.0
2016-10-03,1429255,0,0,1362947.5714285714,63055.54181795064,0.0
2016-10-04,1430712,1,0,1364630.2857142857,64927.956227712035,0.0
2016-10-05,1387285,2,0,1365418.4285714286,65203.557729789325,0.0
2016-10-06,1481942,3,0,1386360.2857142857,76499.09165413356,0.0
2016-10-07,1551739,4,0,1408816.0,99050.42193416407,0.0
2016-10-08,1381662,5,1,1415726.142857143,94485.43104880632,0.0
2016-10-09,1320693,6,1,1426184.0,74751.40821417657,0.0
2016-10-10,1527197,0,0,1440175.7142857143,84014.34086654766,0.0
2016-10-11,1546534,1,0,1456721.7142857143,92787.02232122951,0.0
2016-10-12,1542575,2,0,1478906.0,91979.09247578363,0.0
2016-10-13,1547012,3,0,1488201.7142857143,95555.61951680352,0.0
2016-10-14,1535604,4,0,1485896.7142857143,93948.6183750111,0.0
2016-10-15,1388124,5,1,1486819.857142857,92778.15836254186,0.0
2016-10-16,1305971,6,1,1484716.7142857143,97231.62552331835,0.0
2016-10-17,1484383,0,0,1478600.4285714286,95444.23157506416,0.0
2016-10-18,1521768,1,0,1475062.4285714286,92932.28272396968,0.0
2016-10-19,1573034,2,0,1479413.7142857143,97233.73962557192,0.0
2016-10-20,1604272,3,0,1487593.7142857143,105891.51461868946,0.0
2016-10-21,1586364,4,0,1494845.142857143,111325.78055783623,0.0
2016-10-22,1409726,5,1,1497931.142857143,108127.84013754962,0.0
2016-10-23,1344489,6,1,1503433.7142857143,97154.1949595591,0.0
2016-10-24,1626182,0,0,1523690.7142857143,106821.82609173658,0.0
2016-10-25,1639690,1,0,1540536.7142857143,115420.27451985968,0.0
2016-10-26,1570318,2,0,1540148.7142857143,115297.32304888856,0.0
2016-10-27,1539182,3,0,1530850.142857143,111836.73439801103,0.0
2016-10-28,1561100,4,0,1527241.0,110141.43566494442,0.0
2016-10-29,1448324,5,1,1532755.0,104076.97743658323,0.0
2016-10-30,1414680,6,1,1542782.2857142857,84445.14694111445,0.0
2016-10-31,1578276,0,0,1535938.5714285714,78275.51073582387,0.0
2016-11-01,1652604,1,0,1537783.4285714286,81224.9677272167,0.0
2016-11-02,1656174,2,0,1550048.5714285714,92637.0743400681,0.0
2016-11-03,1711987,3,0,1574735.0,110551.49572183423,0.0
2016-11-04,1684679,4,0,1592389.142857143,117650.53323923977,0.0
2016-11-05,1445498,5,1,1591985.4285714286,118230.6991970373,0.0
2016-11-06,1463542,6,1,1598965.7142857143,106919.29824049218,0.0
2016-11-07,1725356,0,0,1619977.142857143,116222.84424677705,0.0
2016-11-08,1852022,1,0,1648465.4285714286,146142.4670813379,0.0
2016-11-09,1822751,2,0,1672262.142857143,160466.91100600848,0.0
2016-11-10,1751628,3,0,1677925.142857143,162785.2190202688,0.0
2016-11-11,1716796,4,0,1682513.2857142857,163458.5251949418,0.0
2016-11-12,1569081,5,1,1700168.0,138335.91482209967,0.0
2016-11-13,1519094,6,1,1708104.0,123272.07098257831,0.0
2016-11-14,1691677,0,0,1703292.7142857143,123143.6806061871,0.0
2016-11-15,1679866,1,0,1678699.0,104227.83655371224,0.0
2016-11-16,1605526,2,0,1647666.857142857,84698.48824788479,0.0
2016-11-17,1692006,3,0,1639149.4285714286,74936.88200492457,0.0
2016-11-18,1752665,4,0,1644273.5714285714,82022.57283792848,0.0
2016-11-19,1639017,5,1,1654264.4285714286,75322.8638260204,0.0
2016-11-20,1614794,6,1,1667935.857142857,51671.586561767755,0.0
2016-11-21,1801310,0,0,1683597.7142857143,72488.7127781885,0.0
2016-11-22,1797244,1,0,1700366.0,84123.92208918431,0.0
2016-11-23,1836959,2,0,1733427.857142857,86093.38231523041,0.0
2016-11-24,1794267,3,0,1748036.5714285714,86568.03893827776,0.0
2016-11-25,1762083,4,0,1749382.0,86725.00672816415,0.0
2016-11-26,1662404,5,1,1752723.0,82091.37596199388,0.0
2016-11-27,1603268,6,1,1751076.4285714286,85369.1724665242,0.0
2016-11-28,1806974,0,0,1751885.5714285714,85949.51759968842,0.0
2016-11-29,1889384,1,0,1765048.4285714286,99966.26315388801,0.0
2016-11-30,1891821,2,0,1772885.857142857,108343.3586572929,0.0
2016-12-01,1883188,3,0,1785588.857142857,116196.34688524439,0.0
2016-12-02,1894796,4,0,1804547.857142857,122384.03704517966,0.0
2016-12-03,1686852,5,1,1808040.4285714286,117918.87565872876,0.0
2016-12-04,1620962,6,1,1810568.142857143,112879.75385105985,0.0
2016-12-05,1933969,0,0,1828710.2857142857,122039.55999690281,0.0
2016-12-06,1909118,1,0,1831529.4285714286,123888.6550978414,0.0
2016-12-07,1711696,2,0,1805797.2857142857,127919.4850660803,0.0
2016-12-08,1752981,3,0,1787196.2857142857,124203.21045865904,0.0
2016-12-09,1668609,4,0,1754883.857142857,120923.68079830195,0.0
2016-12-10,1563854,5,1,1737312.7142857143,139903.58392563905,0.0
2016-12-11,1531601,6,1,1724546.857142857,155497.65683703998,0.0
2016-12-12,1844795,0,0,1711807.7142857143,138168.44146875644,0.0
2016-12-13,1816326,1,0,1698551.7142857143,119237.70499540797,0.0
2016-12-14,1724465,2,0,1700375.857142857,119569.51632478637,0.0
2016-12-15,1778064,3,0,1703959.142857143,121764.44632627099,0.0
2016-12-16,1764561,4,0,1717666.5714285714,122520.18856615465,0.0
2016-12-17,1608503,5,1,1724045.0,114047.33474746499,0.0
2016-12-18,1582065,6,1,1731254.142857143,100664.94959092335,0.0
2016-12-19,1824018,0,0,1728286.0,96998.73736635427,0.0
2016-12-20,1753992,1,0,1719381.142857143,90191.65868199723,0.0
2016-12-21,1722528,2,0,1719104.4285714286,90176.43158988982,0.0
2016-12-22,1674281,3,0,1704278.2857142857,87354.58391657853,0.0
2016-12-23,1575479,4,0,1677266.5714285714,94545.19323734216,0.0
2016-12-24,1409317,5,1,1648811.4285714286,138463.85772330593,0.0
2016-12-25,1225506,6,1,1597874.4285714286,212761.13120967438,1.0
2016-12-26,1266749,0,0,1518264.5714285714,218228.78773958198,0.0
2016-12-27,1519475,1,0,1484762.142857143,192492.4147011467,1.0
2016-12-28,1631436,2,0,1471749.0,176122.6857628951,0.0
2016-12-29,1636129,3,0,1466298.7142857143,169267.45932470393,0.0
2016-12-30,1606577,4,0,1470741.2857142857,172978.00644660075,0.0
2016-12-31,1470224,5,1,1479442.2857142857,170892.615984152,0.0
2017-01-01,1412325,6,1,1506130.7142857143,135561.1205873816,0.0
2017-01-02,1551177,0,0,1546763.2857142857,85077.8331739411,1.0
2017-01-03,1745797,1,0,1579095.0,111789.84511872233,0.0
2017-01-04,1814631,2,0,1605265.7142857143,143134.6102109449,0.0
2017-01-05,1902997,3,0,1643389.7142857143,182776.00147787132,0.0
2017-01-06,1866061,4,0,1680458.857142857,199604.1400626332,0.0
2017-01-07,1677338,5,1,1710046.5714285714,177357.40333937545,0.0
2017-01-08,1593695,6,1,1735956.5714285714,134743.0570231816,0.0
2017-01-09,1720755,0,0,1760182.0,108714.95337655471,0.0
2017-01-10,1761631,1,0,1762444.0,108530.33477174224,0.0
2017-01-11,1690998,2,0,1744782.142857143,108681.84527698011,0.0
2017-01-12,1846230,3,0,1736672.5714285714,96323.95999413835,0.0
2017-01-13,1809517,4,0,1728594.857142857,85418.60712871388,0.0
2017-01-14,1689988,5,1,1730402.0,84279.6874697577,0.0
2017-01-15,1639472,6,1,1736941.5714285714,72913.75431484582,0.0
2017-01-16,1863077,0,0,1757273.2857142857,86267.97823780213,0.0
2017-01-17,1879064,1,0,1774049.4285714286,97891.86214365343,0.0
2017-01-18,1887954,2,0,1802186.0,98346.28029400045,0.0
2017-01-19,1897871,3,0,1809563.2857142857,103976.53578526329,0.0
2017-01-20,1864078,4,0,1817357.7142857143,105997.8773981068,0.0
2017-01-21,1736569,5,1,1824012.142857143,97815.38936422761,0.0
2017-01-22,1724325,6,1,1836134.0,73326.8806554993,0.0
2017-01-23,1934532,0,0,1846341.857142857,82146.03589832333,0.0
2017-01-24,1864046,1,0,1844196.4285714286,81341.15940255276,0.0
2017-01-25,1855568,2,0,1839569.857142857,79333.74304675579,0.0
2017-01-26,1944443,3,0,1846223.0,86653.10090623284,0.0
2017-01-27,1931726,4,0,1855887.0,92547.97953133484,0.0
2017-01-28,1676078,5,1,1847245.4285714286,107208.9277623439,0.0
2017-01-29,1671542,6,1,1839705.0,118551.5230901701,0.0
2017-01-30,1845617,0,0,1827002.857142857,111235.60771687306,0.0
2017-01-31,1831908,1,0,1822411.7142857143,110109.39892475423,0.0
2017-02-01,1780375,2,0,1811669.857142857,110003.41812178156,0.0
2017-02-02,1674015,3,0,1773037.2857142857,102856.96799879112,0.0
2017-02-03,1670815,4,0,1735764.2857142857,80642.9239998026,0.0
2017-02-04,1574042,5,1,1721187.7142857143,100103.27758489251,0.0
2017-02-05,1636235,6,1,1716143.857142857,103841.36968862412,0.0
2017-02-06,1837579,0,0,1714995.5714285714,102202.53554561338,0.0
2017-02-07,1813280,1,0,1712334.4285714286,98838.15964133345,0.0
2017-02-08,1879370,2,0,1726476.5714285714,115819.724959175,0.0
2017-02-09,1926964,3,0,1762612.142857143,134652.5083433,0.0
2017-02-10,1928456,4,0,1799418.0,140465.03698666792,0.0
2017-02-11,1730242,5,1,1821732.2857142857,107151.01948917971,0.0
2017-02-12,1629814,6,1,1820815.0,109014.93885243045,0.0
2017-02-13,1720034,0,0,1804022.857142857,114896.68343839237,0.0
2017-02-14,1808417,1,0,1803328.142857143,114846.07277631287,0.0
2017-02-15,1784854,2,0,1789825.857142857,109863.90859669186,0.0
2017-02-16,1682721,3,0,1754934.0,97093.56209862579,0.0
2017-02-17,1713299,4,0,1724197.2857142857,59962.944545538936,0.0
2017-02-18,1478948,5,1,1688298.142857143,110047.53721222679,0.0
2017-02-19,1449365,6,1,1662519.7142857143,142407.70274779812,0.0
2017-02-20,1560624,0,0,1639746.857142857,144409.34017741666,0.0
2017-02-21,1613538,1,0,1611907.0,123784.91343455747,0.0
2017-02-22,1596688,2,0,1585026.142857143,97638.03779851364,0.0
2017-02-23,1642814,3,0,1579325.142857143,91984.38279119649,0.0
2017-02-24,1665100,4,0,1572439.5714285714,81489.48206948928,0.0
2017-02-25,1471233,5,1,1571337.4285714286,83002.81849403445,0.0
2017-02-26,1405823,6,1,1565117.142857143,94501.95440736043,0.0
2017-02-27,1713055,0,0,1586893.0,109643.22587678533,0.0
2017-02-28,1744107,1,0,1605545.7142857143,124967.08993666706,0.0
2017-03-01,1748870,2,0,1627286.0,135926.1766646418,0.0
2017-03-02,1635261,3,0,1626207.0,135812.30011183606,0.0
2017-03-03,1744504,4,0,1637550.4285714286,142741.42491916296,0.0
2017-03-04,1491127,5,1,1640392.4285714286,139027.86349488728,0.0
2017-03-05,1488931,6,1,1652265.0,117546.81537299877,0.0
2017-03-06,1694364,0,0,1649594.857142857,116139.65507587582,0.0
2017-03-07,1692704,1,0,1642251.5714285714,110663.8325603853,0.0
2017-03-08,1634378,2,0,1625895.5714285714,100250.33307153216,0.0
2017-03-09,1560572,3,0,1615225.7142857143,103023.71285083971,0.0
2017-03-10,1649060,4,0,1601590.857142857,88330.65802696795,0.0
2017-03-11,1461110,5,1,1597302.7142857143,95059.38599057835,0.0
2017-03-12,1422034,6,1,1587746.0,109964.46352042285,0.0
2017-03-13,1544690,0,0,1566364.0,99865.90272961663,0.0
2017-03-14,1539010,1,0,1544407.7142857143,82916.71273777999,0.0
2017-03-15,1547843,2,0,1532045.5714285714,73141.96054218066,0.0
2017-03-16,1557747,3,0,1531642.0,72965.91049479796,0.0
2017-03-17,1520929,4,0,1513337.5714285714,51521.13073572239,0.0
2017-03-18,1386199,5,1,1502636.0,68994.43598823824,0.0
2017-03-19,1296995,6,1,1484773.2857142857,101750.83597481322,0.0
2017-03-20,1529345,0,0,1482581.142857143,100401.18057146933,0.0
2017-03-21,1530941,1,0,1481428.4285714286,99689.13429065874,0.0
2017-03-22,1679418,2,0,1500224.857142857,123789.72492420895,0.0
2017-03-23,1609883,3,0,1507672.857142857,129274.37128633783,0.0
2017-03-24,1576848,4,0,1515661.2857142857,131930.50478530896,0.0
2017-03-25,1346560,5,1,1509998.5714285714,139070.8725996237,0.0
2017-03-26,1228746,6,1,1500248.7142857143,157644.809158352,0.0
2017-03-27,1561236,0,0,1504804.5714285714,159080.10532628148,0.0
2017-03-28,1587428,1,0,1512874.142857143,162032.18385702852,0.0
2017-03-29,1568920,2,0,1497088.7142857143,147866.2656464953,0.0
2017-03-30,1452367,3,0,1474586.4285714286,139594.41601757467,0.0
2017-03-31,1397321,4,0,1448939.7142857143,134057.10579540455,0.0
2017-04-01,1320744,5,1,1445251.7142857143,137650.02212219336,0.0
2017-04-02,1272397,6,1,1451487.5714285714,126765.53032648329,0.0
2017-04-03,1417669,0,0,1430978.0,117311.18064931262,0.0
2017-04-04,1492708,1,0,1417446.5714285714,100518.46606281593,0.0
2017-04-05,1450743,2,0,1400564.142857143,78308.26898532968,0.0
2017-04-06,1459297,3,0,1401554.142857143,79112.01104433346,0.0
2017-04-07,1445247,4,0,1408400.7142857143,80741.6448034961,0.0
2017-04-08,1236492,5,1,1396364.7142857143,99975.1041088431,0.0
2017-04-09,1132977,6,1,1376447.5714285714,136136.19065953197,0.0
2017-04-10,1377183,0,0,1370663.857142857,134947.86009719563,0.0
2017-04-11,1363218,1,0,1352165.2857142857,123848.58876698723,0.0
2017-04-12,1374750,2,0,1341309.142857143,116903.34350712906,0.0
2017-04-13,1440693,3,0,1338651.4285714286,113948.03117337608,0.0
2017-04-14,1317490,4,0,1320400.4285714286,103809.4569020029,1.0
2017-04-15,1158060,5,1,1309195.857142857,117681.35895351486,0.0
2017-04-16,1213251,6,1,1320663.5714285714,100270.62063380677,0.0
2017-04-17,1297170,0,0,1309233.142857143,97269.4739584111,1.0
2017-04-18,1418626,1,0,1317148.5714285714,104388.662947446,0.0
2017-04-19,1460743,2,0,1329433.2857142857,116638.32533337598,0.0
2017-04-20,1481759,3,0,1335299.857142857,123969.40227792441,0.0
2017-04-21,1434497,4,0,1352015.142857143,128955.7759536672,0.0
2017-04-22,1265826,5,1,1367410.2857142857,106402.10747556124,0.0
2017-04-23,1220670,6,1,1368470.142857143,104632.8611948097,0.0
2017-04-24,1432478,0,0,1387799.857142857,101723.51766338103,0.0
2017-04-25,1448865,1,0,1392119.7142857143,103870.20482589831,0.0
2017-04-26,1524285,2,0,1401197.142857143,113222.36685896228,0.0
2017-04-27,1550766,3,0,1411055.2857142857,123905.99627637323,0.0
2017-04-28,1519611,4,0,1423214.4285714286,130585.9176492173,0.0
2017-04-29,1291867,5,1,1426934.5714285714,125631.89923590851,0.0
2017-04-30,1155008,6,1,1417554.2857142857,144616.33329574924,0.0
2017-05-01,1271064,0,0,1394495.142857143,154379.36024118893,1.0
2017-05-02,1443357,1,0,1393708.2857142857,154069.78230628927,0.0
2017-05-03,1436488,2,0,1381165.857142857,144973.345227593,0.0
2017-05-04,1372905,3,0,1355757.142857143,124424.30023302925,0.0
2017-05-05,1318368,4,0,1327008.142857143,101367.94811220738,0.0
2017-05-06,1274125,5,1,1324473.5714285714,102607.28039287486,0.0
2017-05-07,1207789,6,1,1332013.7142857143,89133.09988199883,0.0
2017-05-08,1399737,0,0,1350395.5714285714,87725.50372205654,0.0
2017-05-09,1476372,1,0,1355112.0,94204.65707173302,0.0
2017-05-10,1398684,2,0,1349711.4285714286,89739.8156614734,0.0
2017-05-11,1399532,3,0,1353515.2857142857,91435.10391478532,0.0
2017-05-12,1437268,4,0,1370501.0,94799.66015763314,0.0
2017-05-13,1191136,5,1,1358645.4285714286,112413.99766616481,0.0
2017-05-14,1123070,6,1,1346542.7142857143,133874.4635105626,0.0
2017-05-15,1396546,0,0,1346086.857142857,133668.41673264626,0.0
2017-05-16,1385532,1,0,1333109.7142857143,122886.35059778216,0.0
2017-05-17,1505577,2,0,1348380.142857143,138093.57138843354,0.0
2017-05-18,1423553,3,0,1351811.7142857143,139863.63771989112,0.0
2017-05-19,1418071,4,0,1349069.2857142857,138085.65742046115,0.0
2017-05-20,1219857,5,1,1353172.2857142857,132941.6805040501,0.0
2017-05-21,1139254,6,1,1355484.2857142857,128333.87196128018,0.0
2017-05-22,1318805,0,0,1344378.4285714286,127549.61213565202,0.0
2017-05-23,1394863,1,0,1345711.4285714286,128098.95824695555,0.0
2017-05-24,1367307,2,0,1325958.5714285714,108500.53674501045,0.0
2017-05-25,1350967,3,0,1315589.142857143,100815.23736756873,0.0
2017-05-26,1263962,4,0,1293573.5714285714,91060.69921736569,0.0
2017-05-27,1148042,5,1,1283314.2857142857,103891.64261178399,0.0
2017-05-28,1097997,6,1,1277420.4285714286,114095.5798353102,0.0
2017-05-29,1242449,0,0,1266512.4285714286,113125.47225959196,1.0
2017-05-30,1315019,1,0,1255106.142857143,101449.92989391166,0.0
2017-05-31,1337099,2,0,1250790.7142857143,96398.44869554794,0.0
2017-06-01,1282232,3,0,1240971.4285714286,87592.14490060852,0.0
2017-06-02,1354839,4,0,1253953.857142857,97717.07150141642,0.0
2017-06-03,1122869,5,1,1250357.7142857143,102605.35151853203,0.0
2017-06-04,1096495,6,1,1250143.142857143,102977.97035035999,0.0
2017-06-05,1331252,0,0,1262829.2857142857,107253.32441891072,0.0
2017-06-06,1316412,1,0,1263028.2857142857,107367.52875012124,0.0
2017-06-07,1247249,2,0,1250192.5714285714,102287.13147616605,0.0
2017-06-08,1346177,3,0,1259327.5714285714,108303.81000049085,0.0
2017-06-09,1283596,4,0,1249150.0,100928.79873126785,0.0
2017-06-10,1122942,5,1,1249160.4285714286,100913.57855589017,0.0
2017-06-11,1020381,6,1,1238287.0,122002.03258963967,0.0
2017-06-12,1246503,0,0,1226180.0,115257.63244721325,0.0
2017-06-13,1354312,1,0,1231594.2857142857,120952.28066986433,0.0
2017-06-14,1326531,2,0,1242920.2857142857,126258.12640740491,0.0
2017-06-15,1257758,3,0,1230289.0,118383.59259347084,0.0
2017-06-16,1265627,4,0,1227722.0,117224.18802165745,0.0
2017-06-17,1123953,5,1,1227866.4285714286,117074.10223709859,0.0
2017-06-18,1117848,6,1,1241790.2857142857,91227.56113098848,0.0
2017-06-19,1368810,0,0,1259262.7142857143,103206.5931997958,0.0
2017-06-20,1387871,1,0,1264056.857142857,108975.87124288661,0.0
2017-06-21,1390187,2,0,1273150.5714285714,117389.2158687884,0.0
2017-06-22,1387269,3,0,1291652.142857143,124546.70842758559,0.0
2017-06-23,1259650,4,0,1290798.2857142857,124775.14513679368,0.0
2017-06-24,1108877,5,1,1288644.5714285714,128217.6252170071,0.0
2017-06-25,1085412,6,1,1284010.857142857,135781.85115524853,0.0
2017-06-26,1317730,0,0,1276713.7142857143,131778.61139517804,0.0
2017-06-27,1391335,1,0,1277208.5714285714,132271.184386304,0.0
2017-06-28,1389856,2,0,1277161.2857142857,132224.11498629142,0.0
2017-06-29,1380409,3,0,1276181.2857142857,131294.17254359776,0.0
2017-06-30,1356061,4,0,1289954.2857142857,134293.56841601885,0.0
2017-07-01,1116885,5,1,1291098.2857142857,132516.2934708078,0.0
2017-07-02,1043887,6,1,1285166.142857143,143714.79141739744,0.0
2017-07-03,1300430,0,0,1282694.7142857143,143209.32957355806,0.0
2017-07-04,1385672,1,0,1281885.7142857143,142507.60259687193,0.0
2017-07-05,1356687,2,0,1277147.2857142857,138823.0177825037,0.0
2017-07-06,1387151,3,0,1278110.4285714286,139679.58787151263,0.0
2017-07-07,1358355,4,0,1278438.142857143,139895.4797273525,0.0
2017-07-08,1152207,5,1,1283484.142857143,133592.11562119247,0.0
2017-07-09,1140853,6,1,1297336.4285714286,106985.02344388592,0.0
2017-07-10,1369795,0,0,1307245.7142857143,110474.79971577742,0.0
2017-07-11,1432700,1,0,1313964.0,117260.56185977306,0.0
2017-07-12,1331349,2,0,1310344.2857142857,116107.35217995937,0.0
2017-07-13,1324559,3,0,1301402.5714285714,111526.23782749717,0.0
2017-07-14,1272039,4,0,1289071.7142857143,108921.14906776027,0.0
2017-07-15,1158482,5,1,1289968.142857143,107625.11994331378,0.0
2017-07-16,1134018,6,1,1288991.7142857143,109222.59076113599,0.0
2017-07-17,1276490,0,0,1275662.4285714286,103247.98534736143,0.0
2017-07-18,1323043,1,0,1259997.142857143,81473.09406881641,0.0
2017-07-19,1384882,2,0,1267644.7142857143,91216.713497261,0.0
2017-07-20,1324378,3,0,1267618.857142857,91197.9148490404,0.0
2017-07-21,1282993,4,0,1269183.7142857143,91380.19770665883,0.0
2017-07-22,1165833,5,1,1270233.857142857,89926.65918669212,0.0
2017-07-23,1143372,6,1,1271570.142857143,87604.69511664014,0.0
2017-07-24,1286176,0,0,1272953.857142857,87771.6915742929,0.0
2017-07-25,1331995,1,0,1274232.7142857143,88683.618404085,0.0
2017-07-26,1309964,2,0,1263530.142857143,76833.53233113476,0.0
2017-07-27,1265391,3,0,1255103.4285714286,72139.08397179098,0.0
2017-07-28,1245749,4,0,1249782.857142857,71105.3237515515,0.0
2017-07-29,1137392,5,1,1245719.857142857,77248.91894268154,0.0
2017-07-30,1083559,6,1,1237175.142857143,92298.74285788715,0.0
2017-07-31,1241287,0,0,1230762.4285714286,89853.87270056464,0.0
2017-08-01,1273623,1,0,1222423.5714285714,81183.4855248036,0.0
2017-08-02,1322978,2,0,1224282.7142857143,83634.3445376461,0.0
2017-08-03,1239968,3,0,1220650.857142857,82089.40841838134,0.0
2017-08-04,1207666,4,0,1215210.4285714286,81407.95184924737,0.0
2017-08-05,1116816,5,1,1212271.0,84979.21492147566,0.0
2017-08-06,1075782,6,1,1211160.0,86969.94666935447,0.0
2017-08-07,1304170,0,0,1220143.2857142857,93595.72440150098,0.0
2017-08-08,1363912,1,0,1233041.7142857143,107397.80794430412,0.0
2017-08-09,1320791,2,0,1232729.2857142857,107095.32613630546,0.0
2017-08-10,1286574,3,0,1239387.2857142857,109051.21488353495,0.0
2017-08-11,1257780,4,0,1246546.4285714286,108263.78548998959,0.0
2017-08-12,1144883,5,1,1250556.0,103052.74981129842,0.0
2017-08-13,1107610,6,1,1255102.857142857,94394.65550979508,0.0
2017-08-14,1314514,0,0,1256580.5714285714,95366.76556303947,0.0
2017-08-15,1290426,1,0,1246082.5714285714,85071.48101423772,0.0
2017-08-16,1281086,2,0,1240410.4285714286,80458.70532115125,0.0
2017-08-17,1296909,3,0,1241886.857142857,81534.62856242729,0.0
2017-08-18,1227970,4,0,1237628.2857142857,81344.4454541402,0.0
2017-08-19,1052553,5,1,1224438.2857142857,103388.30808933392,0.0
2017-08-20,1139216,6,1,1228953.4285714286,97984.80964902644,0.0
2017-08-21,1386111,0,0,1239181.5714285714,111244.26881247651,0.0
2017-08-22,1392022,1,0,1253695.2857142857,124840.82791795908,0.0
2017-08-23,1365924,2,0,1265815.0,131863.7015077941,0.0
2017-08-24,1334693,3,0,1271212.7142857143,134102.951411374,0.0
2017-08-25,1306201,4,0,1282388.5714285714,133155.02167382024,0.0
2017-08-26,1168747,5,1,1298987.7142857143,103716.64511177131,0.0
2017-08-27,1092920,6,1,1292374.0,116313.92042515693,0.0
2017-08-28,1106928,0,0,1252490.7142857143,126255.31467325037,1.0
2017-08-29,1360244,1,0,1247951.0,120858.01224854757,0.0
2017-08-30,1389025,2,0,1251251.142857143,124865.23595118955,0.0
2017-08-31,1364973,3,0,1255576.857142857,128703.20996701237,0.0
2017-09-01,1314647,4,0,1256783.4285714286,129295.13059259317,0.0
2017-09-02,1163814,5,1,1256078.7142857143,129867.11818075727,0.0
2017-09-03,1159419,6,1,1265578.5714285714,117815.82634613366,0.0
2017-09-04,1402683,0,0,1307829.2857142857,103614.00656719973,0.0
2017-09-05,1413261,1,0,1315403.142857143,109834.85714234386,0.0
2017-09-06,1344416,2,0,1309030.4285714286,106081.30740123503,0.0
2017-09-07,1380440,3,0,1311240.0,107591.07989049521,0.0
2017-09-08,1339783,4,0,1314830.857142857,108141.7882896297,0.0
2017-09-09,1203257,5,1,1320465.5714285714,99656.29489043115,0.0
2017-09-10,1162810,6,1,1320950.0,98747.0683143025,0.0
2017-09-11,1281402,0,0,1303624.142857143,92455.72340213727,0.0
2017-09-12,1329633,1,0,1291677.2857142857,80566.21828807145,0.0
2017-09-13,1323259,2,0,1288654.857142857,78631.60978774777,0.0
2017-09-14,1362510,3,0,1286093.4285714286,75367.68052878397,0.0
2017-09-15,1392215,4,0,1293583.7142857143,83733.91466569068,0.0
2017-09-16,1279544,5,1,1304481.857142857,74470.37714294536,0.0
2017-09-17,1257949,6,1,1318073.142857143,48436.13111936605,0.0
2017-09-18,1453708,0,0,1342688.2857142857,66941.58863696623,0.0
2017-09-19,1455423,1,0,1360658.2857142857,78703.33194497341,0.0
2017-09-20,1446581,2,0,1378275.7142857143,82640.46273612304,0.0
2017-09-21,1453346,3,0,1391252.2857142857,86780.30373251242,0.0
2017-09-22,1385094,4,0,1390235.0,86808.87077176514,0.0
2017-09-23,1236345,5,1,1384063.7142857143,96934.4465050505,0.0
2017-09-24,1223545,6,1,1379148.857142857,104936.46271821804,0.0
2017-09-25,1489285,0,0,1384231.2857142857,109893.92905998266,0.0
2017-09-26,1474085,1,0,1386897.2857142857,112112.83807058173,0.0
2017-09-27,1431813,2,0,1384787.5714285714,110935.30407383747,0.0
2017-09-28,1427052,3,0,1381031.2857142857,108648.59728918357,0.0
2017-09-29,1406808,4,0,1384133.2857142857,109092.98990726747,0.0
2017-09-30,1293774,5,1,1392337.4285714286,97689.94325733528,0.0
2017-10-01,1222891,6,1,1392244.0,97878.40857582269,0.0
2017-10-02,1317350,0,0,1367681.857142857,90783.77306809153,0.0
2017-10-03,1384170,1,0,1354836.857142857,78788.14693517578,0.0
2017-10-04,1437094,2,0,1355591.2857142857,79668.43731935133,0.0
2017-10-05,1367088,3,0,1347025.0,73704.62607147571,0.0
2017-10-06,1437350,4,0,1351388.142857143,78576.47108907482,0.0
2017-10-07,1271852,5,1,1348256.4285714286,81632.84263061709,0.0
2017-10-08,1306356,6,1,1360180.0,64585.18963355775,0.0
2017-10-09,1500557,0,0,1386352.4285714286,79690.86253321715,0.0
2017-10-10,1430920,1,0,1393031.0,81417.73316464301,0.0
2017-10-11,1411928,2,0,1389435.857142857,79684.95980722187,0.0
2017-10-12,1416222,3,0,1396455.0,79552.23554580758,0.0
2017-10-13,1377723,4,0,1387936.857142857,77612.20326820547,0.0
2017-10-14,1267505,5,1,1387315.857142857,78705.53056263104,0.0
2017-10-15,1215228,6,1,1374297.5714285714,99197.41681257739,0.0
2017-10-16,1420847,0,0,1362910.4285714286,85983.04276011811,0.0
2017-10-17,1424328,1,0,1361968.7142857143,85146.0611218982,0.0
2017-10-18,1572789,2,0,1384948.857142857,116727.43481209526,0.0
2017-10-19,1548345,3,0,1403823.5714285714,132273.87647587364,0.0
2017-10-20,1468544,4,0,1416798.0,133733.20072443568,0.0
2017-10-21,1237447,5,1,1412504.0,139676.24837221098,0.0
2017-10-22,1212531,6,1,1412118.7142857143,140313.379971074,0.0
2017-10-23,1531903,0,0,1427983.857142857,147556.33976037192,0.0
2017-10-24,1487257,1,0,1436973.7142857143,149204.2547837477,0.0
2017-10-25,1436292,2,0,1417474.142857143,136909.03170406635,0.0
2017-10-26,1544501,3,0,1416925.0,136302.98850600765,0.0
2017-10-27,1462738,4,0,1416095.5714285714,135953.7434814549,0.0
2017-10-28,1255211,5,1,1418633.2857142857,132176.63402523258,0.0
2017-10-29,1282008,6,1,1428558.5714285714,115702.7174398013,0.0
2017-10-30,1602466,0,0,1438639.0,128565.89131129894,0.0
2017-10-31,1577928,1,0,1451592.0,138466.83392664348,0.0
2017-11-01,1565618,2,0,1470067.142857143,144578.06826352127,0.0
2017-11-02,1647027,3,0,1484713.7142857143,157950.22660395238,0.0
2017-11-03,1602459,4,0,1504673.857142857,163443.06535450774,0.0
2017-11-04,1411206,5,1,1526958.857142857,131218.63963430567,0.0
2017-11-05,1383673,6,1,1541482.4285714286,101950.44864845155,0.0
2017-11-06,1631055,0,0,1545566.5714285714,105317.65591590299,0.0
2017-11-07,1659008,1,0,1557149.4285714286,113602.67711467225,0.0
2017-11-08,1679521,2,0,1573421.2857142857,122802.74218805581,0.0
2017-11-09,1642149,3,0,1572724.4285714286,122328.36901806708,0.0
2017-11-10,1539274,4,0,1563698.0,122099.57053160094,0.0
2017-11-11,1525511,5,1,1580027.2857142857,104712.10423938296,0.0
2017-11-12,1402911,6,1,1582775.5714285714,98784.31916024769,0.0
2017-11-13,1752690,0,0,1600152.0,117598.5247895052,0.0
2017-11-14,1739224,1,0,1611611.4285714286,127759.0447689981,0.0
2017-11-15,1730915,2,0,1618953.4285714286,133652.87042541767,0.0
2017-11-16,1631381,3,0,1617415.142857143,133403.13862803468,0.0
2017-11-17,1656296,4,0,1634132.5714285714,129246.37989367468,0.0
2017-11-18,1508796,5,1,1631744.7142857143,131718.42292015368,0.0
2017-11-19,1541748,6,1,1651578.5714285714,97535.74061484665,0.0
2017-11-20,1689068,0,0,1642489.7142857143,89146.89112305453,0.0
2017-11-21,1639266,1,0,1628210.0,78430.97581313811,0.0
2017-11-22,1586509,2,0,1607580.5714285714,64704.6506774195,0.0
2017-11-23,1606114,3,0,1603971.0,63854.83315824932,0.0
2017-11-24,1707524,4,0,1611289.2857142857,73115.26898151464,0.0
2017-11-25,1550646,5,1,1617267.857142857,64546.606702526406,0.0
2017-11-26,1527509,6,1,1615233.7142857143,67480.89368287302,0.0
2017-11-27,1694267,0,0,1615976.4285714286,68450.61870394959,0.0
2017-11-28,1758513,1,0,1633011.7142857143,87422.14302588959,0.0
2017-11-29,1790698,2,0,1662181.5714285714,102145.39054187998,0.0
2017-11-30,1802621,3,0,1690254.0,110804.11895472991,0.0
2017-12-01,1821782,4,0,1706576.5714285714,121656.41110775681,0.0
2017-12-02,1670079,5,1,1723638.4285714286,103103.24518956432,0.0
2017-12-03,1583976,6,1,1731705.142857143,85989.35308015272,0.0
2017-12-04,1769050,0,0,1742388.4285714286,85204.76191476986,0.0
2017-12-05,1747410,1,0,1740802.2857142857,84957.55033096435,0.0
2017-12-06,1663983,2,0,1722700.142857143,86047.00214694628,0.0
2017-12-07,1638493,3,0,1699253.2857142857,82945.4973696905,0.0
2017-12-08,1736718,4,0,1687101.2857142857,66628.76564396766,0.0
2017-12-09,1729286,5,1,1695559.4285714286,67854.45835477319,0.0
2017-12-10,1743034,6,1,1718282.0,47982.864556010165,0.0
2017-12-11,1930463,0,0,1741341.0,93573.05195763841,0.0
2017-12-12,1955975,1,0,1771136.0,124064.6493674433,0.0
2017-12-13,1865077,2,0,1799863.7142857143,118264.11010349327,0.0
2017-12-14,1857870,3,0,1831203.2857142857,95190.54489411008,0.0
2017-12-15,1818915,4,0,1842945.7142857143,86241.69464497721,0.0
2017-12-16,1740155,5,1,1844498.4285714286,83920.89848155681,0.0
2017-12-17,1673788,6,1,1834606.142857143,100347.9962869662,0.0
2017-12-18,1850923,0,0,1823243.2857142857,91826.12487869475,0.0
2017-12-19,1856123,1,0,1808978.7142857143,73746.4630896815,0.0
2017-12-20,1785343,2,0,1797588.142857143,69683.40120006543,0.0
2017-12-21,1750808,3,0,1782293.5714285714,65893.43730058102,0.0
2017-12-22,1635784,4,0,1756132.0,83050.78890654865,0.0
2017-12-23,1421036,5,1,1710543.5714285714,152135.10014551601,0.0
2017-12-24,1332133,6,1,1661735.7142857143,209777.1326445575,0.0
2017-12-25,1266655,0,0,1578268.857142857,236491.2261652519,1.0
2017-12-26,1338826,1,0,1504369.2857142857,215046.712309768,1.0
2017-12-27,1537454,2,0,1468956.5714285714,178344.46011381457,0.0
2017-12-28,1611597,3,0,1449069.2857142857,146616.2871031292,0.0
2017-12-29,1619252,4,0,1446707.5714285714,143200.7575129691,0.0
2017-12-30,1463990,5,1,1452843.857142857,142837.21297037855,0.0
2017-12-31,1351016,6,1,1455541.4285714286,140333.934878993,0.0
2018-01-01,1395458,0,0,1473941.857142857,118126.75731382139,1.0
2018-01-02,1673444,1,0,1521744.4285714286,121978.68261006771,0.0
2018-01-03,1655986,2,0,1538677.5714285714,132312.56153752314,0.0
2018-01-04,1747879,3,0,1558146.4285714286,153207.06223263356,0.0
2018-01-05,1774844,4,0,1580373.857142857,173493.49653751016,0.0
2018-01-06,1615620,5,1,1602035.2857142857,165837.53395690056,0.0
2018-01-07,1602230,6,1,1637923.0,124489.88303607039,0.0
2018-01-08,1865447,0,0,1705064.2857142857,95226.58460170396,0.0
2018-01-09,1881876,1,0,1734840.2857142857,114356.81228610137,0.0
2018-01-10,1843121,2,0,1761573.857142857,114723.44349119125,0.0
2018-01-11,1868712,3,0,1778835.7142857143,121225.71335971456,0.0
2018-01-12,1812973,4,0,1784282.7142857143,121871.36203625379,0.0
2018-01-13,1615568,5,1,1784275.2857142857,121883.35718179481,0.0
2018-01-14,1581018,6,1,1781245.0,127306.76616739671,0.0
2018-01-15,1702627,0,0,1757985.0,124194.5357037379,0.0
2018-01-16,1738363,1,0,1737483.142857143,111534.3416253936,0.0
2018-01-17,1768166,2,0,1726775.2857142857,102971.62198022641,0.0
2018-01-18,1794042,3,0,1716108.142857143,88695.35315793124,0.0
2018-01-19,1780244,4,0,1711432.5714285714,83445.36623415964,0.0
2018-01-20,1728232,5,1,1727527.4285714286,71946.3557517192,0.0
2018-01-21,1676824,6,1,1741214.0,42528.88818595914,0.0
2018-01-22,1733157,0,0,1745575.4285714286,39359.54405163805,0.0
2018-01-23,1658828,1,0,1734213.2857142857,51420.57216949864,0.0
2018-01-24,1645633,2,0,1716708.5714285714,58328.41861351127,0.0
2018-01-25,1722173,3,0,1706441.5714285714,47827.377602022054,0.0
2018-01-26,1783047,4,0,1706842.0,48554.46960545805,0.0
2018-01-27,1514455,5,1,1676302.4285714286,85801.8908297087,0.0
2018-01-28,1415478,6,1,1638967.2857142857,130667.20264182282,0.0
2018-01-29,1638634,0,0,1625464.0,124026.57296187716,0.0
2018-01-30,1728024,1,0,1635349.142857143,129754.20967022216,0.0
2018-01-31,1672884,2,0,1639242.142857143,130520.71942981804,0.0
2018-02-01,1695772,3,0,1635470.5714285714,128083.61437469989,0.0
2018-02-02,1748012,4,0,1630465.5714285714,121890.58914160213,0.0
2018-02-03,1678627,5,1,1653918.7142857143,111171.50075254194,0.0
2018-02-04,1614948,6,1,1682414.4285714286,46789.097183922706,0.0
2018-02-05,1867247,0,0,1715073.4285714286,79493.60483682348,0.0
2018-02-06,1892542,1,0,1738576.0,104384.05031261817,0.0
2018-02-07,1857116,2,0,1764894.857142857,108215.60023463925,0.0
2018-02-08,1810788,3,0,1781325.7142857143,104643.91726344351,0.0
2018-02-09,1754212,4,0,1782211.4285714286,104340.75189470647,0.0
2018-02-10,1606434,5,1,1771898.142857143,118845.40276682934,0.0
2018-02-11,1469413,6,1,1751107.4285714286,157365.55968811235,0.0
2018-02-12,1736415,0,0,1732417.142857143,148809.55177724117,0.0
2018-02-13,1792031,1,0,1718058.4285714286,134991.5611916279,0.0
2018-02-14,1803874,2,0,1710452.4285714286,127121.12008744413,0.0
2018-02-15,1658723,3,0,1688728.857142857,119905.50934719517,0.0
2018-02-16,1689438,4,0,1679475.4285714286,116459.62557450205,0.0
2018-02-17,1554753,5,1,1672092.4285714286,123299.18856972762,0.0
2018-02-18,1573398,6,1,1686947.4285714286,98601.11705056815,0.0
2018-02-19,1764943,0,0,1691022.857142857,101532.49595971871,0.0
2018-02-20,1661487,1,0,1672373.7142857143,91367.64073732907,0.0
2018-02-21,1779742,2,0,1668926.2857142857,85868.80004929412,0.0
2018-02-22,1787317,3,0,1687296.857142857,96428.39645635331,0.0
2018-02-23,1755247,4,0,1696698.142857143,99820.30694274389,0.0
2018-02-24,1536706,5,1,1694120.0,104232.98943553059,0.0
2018-02-25,1528213,6,1,1687665.0,113905.48619360176,0.0
2018-02-26,1858685,0,0,1701056.7142857143,129013.78721247388,0.0
2018-02-27,1916687,1,0,1737513.857142857,150274.27076119868,0.0
2018-02-28,1893258,2,0,1753730.4285714286,161310.42556703984,0.0
2018-03-01,1934267,3,0,1774723.2857142857,175360.01818422513,0.0
2018-03-02,1905090,4,0,1796129.4285714286,181620.21257269965,0.0
2018-03-03,1764218,5,1,1828631.142857143,143897.36136731706,0.0
2018-03-04,1693376,6,1,1852225.857142857,89800.3553879907,0.0
2018-03-05,1836138,0,0,1849004.857142857,89934.32576131752,0.0
2018-03-06,1799439,1,0,1832255.142857143,86063.08629222447,0.0
2018-03-07,1769638,2,0,1814595.142857143,84120.50654949111,0.0
2018-03-08,1737445,3,0,1786477.7142857143,68985.77191159333,0.0
2018-03-09,1759473,4,0,1765675.2857142857,45065.53263014324,0.0
2018-03-10,1513275,5,1,1729826.2857142857,105588.14511063912,0.0
2018-03-11,1489074,6,1,1700640.2857142857,139978.22443951375,0.0
2018-03-12,1737593,0,0,1686562.4285714286,128570.33742127272,0.0
2018-03-13,1714823,1,0,1674474.4285714286,119872.63470014051,0.0
2018-03-14,1597394,2,0,1649868.142857143,114647.06230054023,0.0
2018-03-15,1625904,3,0,1633933.7142857143,108005.34362045526,0.0
2018-03-16,1571081,4,0,1607020.5714285714,94084.2318791361,0.0
2018-03-17,1542187,5,1,1611150.857142857,89820.93402140451,0.0
2018-03-18,1629611,6,1,1631227.5714285714,71906.53396333498,0.0
2018-03-19,1785205,0,0,1638029.2857142857,84749.53161466986,0.0
2018-03-20,1813182,1,0,1652080.5714285714,105272.68323242012,0.0
2018-03-21,1690478,2,0,1665378.2857142857,103069.52669552293,0.0
2018-03-22,1656364,3,0,1669729.7142857143,101759.89517768002,0.0
2018-03-23,1564940,4,0,1668852.4285714286,102773.52575584195,0.0
2018-03-24,1545159,5,1,1669277.0,102167.39305995656,0.0
2018-03-25,1354978,6,1,1630043.7142857143,157620.2039277937,0.0
2018-03-26,1603951,0,0,1604150.2857142857,141996.0620166608,0.0
2018-03-27,1619580,1,0,1576492.857142857,109671.15602933592,0.0
2018-03-28,1690436,2,0,1576486.857142857,109663.8815873802,0.0
2018-03-29,1683871,3,0,1580416.4285714286,113431.26186794268,0.0
2018-03-30,1527547,4,0,1575074.5714285714,115149.04514419768,1.0
2018-03-31,1459225,5,1,1562798.2857142857,123171.32176731013,0.0
2018-04-01,1440405,6,1,1575002.142857143,101468.67609009992,0.0
2018-04-02,1462913,0,0,1554853.857142857,108520.05886844626,1.0
2018-04-03,1554706,1,0,1545586.142857143,104776.69401864974,0.0
2018-04-04,1587802,2,0,1530924.142857143,86760.98530720947,0.0
2018-04-05,1509919,3,0,1506073.857142857,54605.447598915736,0.0
2018-04-06,1441738,4,0,1493815.4285714286,58475.99592671206,0.0
2018-04-07,1424284,5,1,1488823.857142857,63219.67508994342,0.0
2018-04-08,1414132,6,1,1485070.5714285714,67226.2865647624,0.0
2018-04-09,1608367,0,0,1505849.7142857143,80420.64775648834,0.0
2018-04-10,1599780,1,0,1512288.857142857,86554.99938273104,0.0
2018-04-11,1612928,2,0,1515878.2857142857,90633.347300574,0.0
2018-04-12,1626259,3,0,1532498.2857142857,99583.49935057711,0.0
2018-04-13,1639273,4,0,1560717.5714285714,97545.16355832595,0.0
2018-04-14,1345980,5,1,1549531.2857142857,118118.95688629459,0.0
2018-04-15,1320640,6,1,1536175.2857142857,139356.91754594163,0.0
2018-04-16,1408515,0,0,1507625.0,142537.58337365527,0.0
2018-04-17,1385667,1,0,1477037.4285714286,142439.3374397942,0.0
2018-04-18,1342399,2,0,1438390.4285714286,135977.8866113447,0.0
2018-04-19,1371724,3,0,1402028.2857142857,108654.10593518116,0.0
2018-04-20,1346051,4,0,1360139.4285714286,29999.8778045513,0.0
2018-04-21,1206005,5,1,1340143.0,66027.63130439437,0.0
2018-04-22,1143226,6,1,1314798.142857143,100047.73358158588,0.0
2018-04-23,1296219,0,0,1298755.857142857,91120.93126615885,0.0
2018-04-24,1434920,1,0,1305792.0,100381.53929882974,0.0
2018-04-25,1352542,2,0,1307241.0,101068.88198650708,0.0
2018-04-26,1327287,3,0,1300892.857142857,97682.48379219296,0.0
2018-04-27,1536386,4,0,1328083.5714285714,132598.15465139336,0.0
2018-04-28,1388352,5,1,1354133.142857143,122115.15629442521,0.0
2018-04-29,1339270,6,1,1382139.4285714286,81364.70796330969,0.0
2018-04-30,1478253,0,0,1408144.2857142857,78361.36868534336,0.0
2018-05-01,1410578,1,0,1404666.857142857,77510.60264771362,0.0
2018-05-02,1419440,2,0,1414223.7142857143,74059.96615968461,0.0
2018-05-03,1419379,3,0,1427379.7142857143,63464.28635256413,0.0
2018-05-04,1398817,4,0,1407727.0,41625.60895252926,0.0
2018-05-05,1149330,5,1,1373581.0,106948.68060274972,0.0
2018-05-06,1084507,6,1,1337186.2857142857,153700.26450608502,0.0
2018-05-07,1147842,0,0,1289984.7142857143,153892.90112035908,1.0
2018-05-08,1323911,1,0,1277603.7142857143,145850.02472142622,0.0
2018-05-09,1333514,2,0,1265328.5714285714,135146.24945204717,0.0
2018-05-10,1302888,3,0,1248687.0,119252.97709771978,0.0
2018-05-11,1280447,4,0,1231777.0,101485.36781232378,0.0
2018-05-12,1255233,5,1,1246906.0,94821.01465393954,0.0
2018-05-13,1163258,6,1,1258156.142857143,74926.34341235035,0.0
2018-05-14,1288327,0,0,1278225.4285714286,57162.602176786975,0.0
2018-05-15,1314196,1,0,1276837.5714285714,55974.110184575045,0.0
2018-05-16,1349039,2,0,1279055.4285714286,58828.851433246135,0.0
2018-05-17,1320452,3,0,1281564.5714285714,60369.165205604826,0.0
2018-05-18,1322683,4,0,1287598.2857142857,62318.07240740027,0.0
2018-05-19,1125704,5,1,1269094.142857143,87622.9401078589,0.0
2018-05-20,1071217,6,1,1255945.4285714286,110159.37811320602,0.0
2018-05-21,1310706,0,0,1259142.4285714286,111571.45682605516,0.0
2018-05-22,1248692,1,0,1249784.7142857143,108899.40915316,0.0
2018-05-23,1287588,2,0,1241006.0,101810.85591266415,0.0
2018-05-24,1360947,3,0,1246791.0,108037.50527788606,0.0
2018-05-25,1355442,4,0,1251470.857142857,112490.55662356188,0.0
2018-05-26,1092655,5,1,1246749.5714285714,119145.4939207591,0.0
2018-05-27,1067012,6,1,1246148.857142857,120184.07914311605,0.0
2018-05-28,1152560,0,0,1223556.5714285714,120888.13503106215,1.0
2018-05-29,1312820,1,0,1232717.7142857143,125454.062834067,0.0
2018-05-30,1389017,2,0,1247207.5714285714,138070.85018794387,0.0
2018-05-31,1388000,3,0,1251072.2857142857,142104.80653696184,0.0
2018-06-01,1356262,4,0,1251189.4285714286,142205.48449323245,0.0
2018-06-02,1195635,5,1,1265900.857142857,127653.53206816794,0.0
2018-06-03,1130337,6,1,1274947.2857142857,112561.43676191838,0.0
2018-06-04,1360035,0,0,1304586.5714285714,101761.42269194298,0.0
2018-06-05,1343411,1,0,1308956.7142857143,102825.24232684307,0.0
2018-06-06,1304273,2,0,1296850.4285714286,96630.33987981357,0.0
2018-06-07,1340999,3,0,1290136.0,90691.60439093894,0.0
2018-06-08,1343108,4,0,1288256.857142857,89217.40236156528,0.0
2018-06-09,1177299,5,1,1285637.4285714286,92595.24565164396,0.0
2018-06-10,1126223,6,1,1285049.7142857143,93751.08547766617,0.0
2018-06-11,1282104,0,0,1273916.7142857143,87800.7920479119,0.0
2018-06-12,1348239,1,0,1274606.4285714286,88454.2169446335,0.0
2018-06-13,1285856,2,0,1271975.4285714286,87695.3849429278,0.0
2018-06-14,1193333,3,0,1250880.2857142857,86069.95801424563,0.0
2018-06-15,1276211,4,0,1241323.5714285714,77400.04772148587,0.0
2018-06-16,1146162,5,1,1236875.4285714286,82424.39103983897,0.0
2018-06-17,1123437,6,1,1236477.4285714286,83052.0817817849,0.0
2018-06-18,1236737,0,0,1229996.4285714286,80633.06761675562,0.0
2018-06-19,1341591,1,0,1229046.7142857143,79031.51115582947,0.0
2018-06-20,1298519,2,0,1230855.7142857143,80676.38512956565,0.0
2018-06-21,1202406,3,0,1232151.857142857,80043.47460065331,0.0
2018-06-22,1220216,4,0,1224152.5714285714,77669.25986700456,0.0
2018-06-23,1116121,5,1,1219861.0,83321.11743731341,0.0
2018-06-24,1081391,6,1,1213854.4285714286,92446.60845386174,0.0
2018-06-25,1300025,0,0,1222895.5714285714,97986.2336791328,0.0
2018-06-26,1329595,1,0,1221181.857142857,95641.18492301715,0.0
2018-06-27,1314599,2,0,1223479.0,97972.96257813122,0.0
2018-06-28,1314028,3,0,1239425.0,102929.85802478579,0.0
2018-06-29,1267179,4,0,1246134.0,102999.64247997446,0.0
2018-06-30,1096103,5,1,1243274.2857142857,107395.09077656818,0.0
2018-07-01,1111688,6,1,1247602.4285714286,100149.76767133112,0.0
2018-07-02,1279549,0,0,1244677.2857142857,98651.2527319039,0.0
2018-07-03,1289018,1,0,1238880.5714285714,93908.0094753456,0.0
2018-07-04,1342937,2,0,1242928.857142857,98227.64804513413,0.0
2018-07-05,1343921,3,0,1247199.2857142857,102395.22606502371,0.0
2018-07-06,1319267,4,0,1254640.4285714286,105921.09180559017,0.0
2018-07-07,1182235,5,1,1266945.0,87905.51615040556,0.0
2018-07-08,1135751,6,1,1270382.5714285714,81023.34018019082,0.0
2018-07-09,1360127,0,0,1281893.7142857143,87968.91884963671,0.0
2018-07-10,1342891,1,0,1289589.857142857,91000.442503386,0.0
2018-07-11,1360339,2,0,1292075.857142857,92918.19467222442,0.0
2018-07-12,1372346,3,0,1296136.5714285714,96127.25645355874,0.0
2018-07-13,1347546,4,0,1300176.4285714286,97840.3172689472,0.0
2018-07-14,1156291,5,1,1296470.142857143,103386.85136005156,0.0
2018-07-15,1112068,6,1,1293086.857142857,109716.6253421911,0.0
2018-07-16,1358437,0,0,1292845.4285714286,109546.24568474077,0.0
2018-07-17,1361220,1,0,1295463.857142857,111149.15600434727,0.0
2018-07-18,1376546,2,0,1297779.142857143,112881.0695502663,0.0
2018-07-19,1345570,3,0,1293954.0,110358.61467205842,0.0
2018-07-20,1334052,4,0,1292026.2857142857,109379.97802572142,0.0
2018-07-21,1171634,5,1,1294218.142857143,106317.51389499314,0.0
2018-07-22,1122494,6,1,1295707.5714285714,103372.67569311975,0.0
2018-07-23,1351886,0,0,1294771.7142857143,102737.82515659602,0.0
2018-07-24,1362158,1,0,1294905.7142857143,102839.49909401199,0.0
2018-07-25,1328935,2,0,1288104.142857143,98000.6818521112,0.0
2018-07-26,1354028,3,0,1289312.4285714286,98875.52139241328,0.0
2018-07-27,1346191,4,0,1291046.5714285714,99892.19544065949,0.0
2018-07-28,1017996,5,1,1269098.2857142857,139520.5276900402,0.0
2018-07-29,1071331,6,1,1261789.2857142857,149466.27168218902,0.0
2018-07-30,1281729,0,0,1251766.857142857,144693.9465347878,0.0
2018-07-31,1227911,1,0,1232588.7142857143,136275.65100281336,0.0
2018-08-01,1238312,2,0,1219642.5714285714,129745.42333722167,0.0
2018-08-02,1300845,3,0,1212045.0,121883.5363602039,0.0
2018-08-03,1338455,4,0,1210939.857142857,120491.60967530202,0.0
2018-08-04,1142507,5,1,1228727.142857143,93408.04677049346,0.0
2018-08-05,1097204,6,1,1232423.2857142857,86390.14240201599,0.0
2018-08-06,1291121,0,0,1233765.0,87351.11814397402,0.0
2018-08-07,1342779,1,0,1250174.7142857143,96389.95354413566,0.0
2018-08-08,1287543,2,0,1257207.7142857143,97173.00896634812,0.0
2018-08-09,1319352,3,0,1259851.5714285714,98796.36608341556,0.0
2018-08-10,1273269,4,0,1250539.2857142857,93058.07278024814,0.0
2018-08-11,1137516,5,1,1249826.2857142857,94037.72224613177,0.0
2018-08-12,1155516,6,1,1258156.5714285714,79763.89273529882,0.0
2018-08-13,1326864,0,0,1263262.7142857143,83291.87618594014,0.0
2018-08-14,1326643,1,0,1260957.5714285714,80913.78639198799,0.0
2018-08-15,1279675,2,0,1259833.5714285714,80536.69811306475,0.0
2018-08-16,1286270,3,0,1255107.5714285714,77370.38014396456,0.0
2018-08-17,1231122,4,0,1249086.5714285714,77361.44324288149,0.0
2018-08-18,1127573,5,1,1247666.142857143,79804.12449123197,0.0
2018-08-19,1133493,6,1,1244520.0,84347.25833522504,0.0
2018-08-20,1381694,0,0,1252352.857142857,95125.75563858644,0.0
2018-08-21,1355778,1,0,1256515.0,99456.79726395046,0.0
2018-08-22,1348617,2,0,1266363.857142857,105370.23617296024,0.0
2018-08-23,1322106,3,0,1271483.2857142857,107350.5101303234,0.0
2018-08-24,1220921,4,0,1270026.0,108056.65005913597,0.0
2018-08-25,1107728,5,1,1267191.0,112582.53324562636,0.0
2018-08-26,1154197,6,1,1270148.7142857143,108689.32258770404,0.0
2018-08-27,1142055,0,0,1235914.5714285714,105389.77352486124,1.0
2018-08-28,1351881,1,0,1235357.857142857,104658.83281156293,0.0
2018-08-29,1354815,2,0,1236243.2857142857,105796.7511831401,0.0
2018-08-30,1348373,3,0,1239995.7142857143,109741.98334080687,0.0
2018-08-31,1279287,4,0,1248333.7142857143,110267.19226908464,0.0
2018-09-01,1152595,5,1,1254743.2857142857,101703.39098529257,0.0
2018-09-02,1112529,6,1,1248790.7142857143,109490.32999268605,0.0
2018-09-03,1351867,0,0,1278763.857142857,103980.98952442578,0.0
2018-09-04,1394525,1,0,1284855.857142857,110050.75757945549,0.0
2018-09-05,1378968,2,0,1288306.2857142857,112950.20364851344,0.0
2018-09-06,1395229,3,0,1295000.0,118361.94983609628,0.0
2018-09-07,1291198,4,0,1296701.5714285714,118183.89373608242,0.0
2018-09-08,1218222,5,1,1306076.857142857,106912.47491825002,0.0
2018-09-09,1104230,6,1,1304891.2857142857,109432.78411536769,0.0
2018-09-10,1296136,0,0,1296929.7142857143,107454.98002531411,0.0
2018-09-11,1339714,1,0,1289099.5714285714,100958.66624823048,0.0
2018-09-12,1370362,2,0,1287870.142857143,99726.77768522722,0.0
2018-09-13,1328625,3,0,1278355.2857142857,90529.81806513965,0.0
2018-09-14,1318958,4,0,1282321.0,91785.47871896293,0.0
2018-09-15,1198110,5,1,1279447.857142857,94403.80526658896,0.0
2018-09-16,1121467,6,1,1281910.2857142857,89150.32209087798,0.0
2018-09-17,1335476,0,0,1287530.2857142857,91407.97154647199,0.0
2018-09-18,1284035,1,0,1279576.142857143,88486.06466451113,0.0
2018-09-19,1279032,2,0,1266529.0,79104.70963224939,0.0
2018-09-20,1382986,3,0,1274294.857142857,88345.43035614253,0.0
2018-09-21,1237856,4,0,1262708.857142857,86816.70019536566,0.0
2018-09-22,1295304,5,1,1276593.7142857143,82424.45307213515,0.0
2018-09-23,1250820,6,1,1295072.7142857143,49954.00478013741,0.0
2018-09-24,1392878,0,0,1303273.0,61148.93182225332,0.0
2018-09-25,1373820,1,0,1316099.4285714286,65689.05141362346,0.0
2018-09-26,1347650,2,0,1325902.0,64341.692424140056,0.0
2018-09-27,1345495,3,0,1320546.142857143,60226.83020170898,0.0
2018-09-28,1370918,4,0,1339555.0,49889.768780809994,0.0
2018-09-29,1187090,5,1,1324095.857142857,75881.99579267032,0.0
2018-09-30,1210497,6,1,1318335.4285714286,83517.99711811627,0.0
2018-10-01,1402664,0,0,1319733.4285714286,85041.72234039995,0.0
2018-10-02,1374910,1,0,1319889.142857143,85158.18059046839,0.0
2018-10-03,1447380,2,0,1334136.2857142857,97957.37188308378,0.0
2018-10-04,1423971,3,0,1345347.142857143,103790.93771686217,0.0
2018-10-05,1447798,4,0,1356330.0,110780.03719835718,0.0
2018-10-06,1324404,5,1,1375946.2857142857,84967.44579488986,0.0
2018-10-07,1230309,6,1,1378776.5714285714,78631.50375404149,0.0
2018-10-08,1393863,0,0,1377519.2857142857,78255.3576519901,0.0
2018-10-09,1333184,1,0,1371558.4285714286,80055.70193072959,0.0
2018-10-10,1386705,2,0,1362890.5714285714,73493.85254306512,0.0
2018-10-11,1397973,3,0,1359176.5714285714,70488.15460502416,0.0
2018-10-12,1344519,4,0,1344422.4285714286,58663.97718607571,0.0
2018-10-13,1209568,5,1,1328017.2857142857,78048.97154291921,0.0
2018-10-14,1307943,6,1,1339107.857142857,66514.30194686606,0.0
2018-10-15,1518366,0,0,1356894.0,94397.95385142657,0.0
2018-10-16,1487636,1,0,1378958.5714285714,105348.01961888907,0.0
2018-10-17,1516899,2,0,1397557.7142857143,117711.00861817301,0.0
2018-10-18,1496464,3,0,1411627.857142857,123512.33929644062,0.0
2018-10-19,1449779,4,0,1426665.0,120347.33696542517,0.0
2018-10-20,1278668,5,1,1436536.4285714286,100822.26769066775,0.0
2018-10-21,1219649,6,1,1423923.0,122733.43385294912,0.0
2018-10-22,1400182,0,0,1407039.5714285714,115491.54256317599,0.0
2018-10-23,1395092,1,0,1393819.0,109888.77257179699,0.0
2018-10-24,1422690,2,0,1380360.5714285714,97356.9011145167,0.0
2018-10-25,1494668,3,0,1380104.0,97001.64815267867,0.0
2018-10-26,1437050,4,0,1378285.5714285714,95586.79561854649,0.0
2018-10-27,1384842,5,1,1393453.2857142857,84980.31370210131,0.0
2018-10-28,1404740,6,1,1419894.857142857,37316.85408068426,0.0
2018-10-29,1644753,0,0,1454833.5714285714,91271.4604643135,0.0
2018-10-30,1699874,1,0,1498373.857142857,124624.99608082659,0.0
2018-10-31,1657166,2,0,1531870.4285714286,132174.8174500562,0.0
2018-11-01,1654997,3,0,1554774.5714285714,138398.59572248472,0.0
2018-11-02,1600573,4,0,1578135.0,128674.96633509098,0.0
2018-11-03,1326445,5,1,1569792.5714285714,144246.30625989175,0.0
2018-11-04,1389217,6,1,1567575.0,147293.7787314978,0.0
2018-11-05,1601497,0,0,1561395.5714285714,144395.1202751988,0.0
2018-11-06,1554010,1,0,1540557.857142857,130982.50753750619,0.0
2018-11-07,1543098,2,0,1524262.4285714286,120753.68185120625,0.0
2018-11-08,1568264,3,0,1511872.0,108979.09674491057,0.0
2018-11-09,1523979,4,0,1500930.0,102224.65591693885,0.0
2018-11-10,1413607,5,1,1513381.7142857143,80409.63504399215,0.0
2018-11-11,1394831,6,1,1514183.7142857143,78980.11311236105,0.0
2018-11-12,1533814,0,0,1504514.7142857143,70159.88993179305,0.0
2018-11-13,1533410,1,0,1501571.857142857,68140.77621962297,0.0
2018-11-14,1521859,2,0,1498537.7142857143,66435.05320668171,0.0
2018-11-15,1584322,3,0,1500831.7142857143,69452.6810994937,0.0
2018-11-16,1617874,4,0,1514245.2857142857,82508.26422390273,0.0
2018-11-17,1410964,5,1,1513867.7142857143,83049.8279121718,0.0
2018-11-18,1404634,6,1,1515268.142857143,80759.08626368995,0.0
2018-11-19,1649070,0,0,1531733.2857142857,95562.77320645354,0.0
2018-11-20,1714889,1,0,1557658.857142857,118061.93238076188,0.0
2018-11-21,1768672,2,0,1592917.857142857,140341.40300524188,0.0
2018-11-22,1834361,3,0,1628637.7142857143,167064.7586503761,0.0
2018-11-23,1789774,4,0,1653194.857142857,177525.33794216515,0.0
2018-11-24,1588551,5,1,1678564.4285714286,147246.5096936298,0.0
2018-11-25,1545521,6,1,1698691.142857143,107947.74159663294,0.0
2018-11-26,1766120,0,0,1715412.5714285714,108045.85387520901,0.0
2018-11-27,1765101,1,0,1722585.7142857143,109660.02553000838,0.0
2018-11-28,1644640,2,0,1704866.857142857,110984.84172090107,0.0
2018-11-29,1589509,3,0,1669888.0,101554.4760149473,0.0
2018-11-30,1561471,4,0,1637273.2857142857,92929.56595315532,0.0
2018-12-01,1530980,5,1,1629048.857142857,100221.70278510833,0.0
2018-12-02,1430523,6,1,1612620.5714285714,123026.2379127155,0.0
2018-12-03,1638278,0,0,1594357.4285714286,104541.98809548262,0.0
2018-12-04,1786413,1,0,1597402.0,110484.72977144999,0.0
2018-12-05,1787340,2,0,1617787.7142857143,131768.24784917576,0.0
2018-12-06,1660646,3,0,1627950.142857143,131966.81978113513,0.0
2018-12-07,1535329,4,0,1624215.5714285714,134507.13713513289,0.0
2018-12-08,1413341,5,1,1607410.0,154029.89002139712,0.0
2018-12-09,1454210,6,1,1610793.857142857,149695.42295768394,0.0
2018-12-10,1756626,0,0,1627700.7142857143,159667.91630310443,0.0
2018-12-11,1777229,1,0,1626388.7142857143,158177.1844922917,0.0
2018-12-12,1712283,2,0,1615666.2857142857,147641.37224338055,0.0
2018-12-13,1731810,3,0,1625832.5714285714,153585.24392105328,0.0
2018-12-14,1810597,4,0,1665156.5714285714,161582.23999650922,0.0
2018-12-15,1618253,5,1,1694429.7142857143,122095.15854682884,0.0
2018-12-16,1604684,6,1,1715926.0,78057.1547521678,0.0
2018-12-17,1747892,0,0,1714678.2857142857,77364.88659533234,0.0
2018-12-18,1674825,1,0,1700049.142857143,73131.80321273845,0.0
2018-12-19,1712017,2,0,1700011.142857143,73124.45564797983,0.0
2018-12-20,1678115,3,0,1692340.4285714286,72041.08878010436,0.0
2018-12-21,1614130,4,0,1664273.7142857143,54402.17846657004,0.0
2018-12-22,1434117,5,1,1637968.5714285714,103092.2445626057,0.0
2018-12-23,1497587,6,1,1622669.0,115994.71973184972,0.0
2018-12-24,1537929,0,0,1592674.2857142857,104825.99686261869,0.0
2018-12-25,1392457,1,0,1552336.0,121022.66887517496,1.0
2018-12-26,1338061,2,0,1498913.7142857143,121324.00688339291,1.0
2018-12-27,1509776,3,0,1474865.2857142857,93339.60208958211,0.0
2018-12-28,1504888,4,0,1459259.2857142857,73115.84413956721,0.0
2018-12-29,1360216,5,1,1448702.0,82130.79398944527,0.0
2018-12-30,1386424,6,1,1432821.5714285714,81849.75453611562,0.0
2018-12-31,1387928,0,0,1411392.857142857,68251.77231993912,0.0
2019-01-01,1327420,1,0,1402101.857142857,75319.80907313019,1.0
2019-01-02,1681986,2,0,1451234.0,123406.2205617558,0.0
2019-01-03,1790227,3,0,1491298.4285714286,178711.8494801689,0.0
2019-01-04,1793839,4,0,1532577.142857143,212542.60200599738,0.0
2019-01-05,1648905,5,1,1573818.4285714286,201231.22987156536,0.0
2019-01-06,1571556,6,1,1600265.857142857,183918.56378611337,0.0
2019-01-07,1632522,0,0,1635207.857142857,158304.93688810448,0.0
2019-01-08,1655657,1,0,1682098.857142857,82316.62401046454,0.0
2019-01-09,1786666,2,0,1697053.142857143,91309.92966346478,0.0
2019-01-10,1836461,3,0,1703658.0,100393.25470703054,0.0
2019-01-11,1762441,4,0,1699172.5714285714,96310.97928562669,0.0
2019-01-12,1464630,5,1,1672847.5714285714,131204.15268182772,0.0
2019-01-13,1370309,6,1,1644098.0,172612.77368917575,0.0
2019-01-14,1696303,0,0,1653209.5714285714,173580.54372333802,0.0
2019-01-15,1664456,1,0,1654466.5714285714,173633.07234017854,0.0
2019-01-16,1680614,2,0,1639316.2857142857,164565.56133623066,0.0
2019-01-17,1739304,3,0,1625436.7142857143,148477.8047293332,0.0
2019-01-18,1821611,4,0,1633889.5714285714,158896.17758027714,0.0
2019-01-19,1687026,5,1,1665660.4285714286,140592.1628172176,0.0
2019-01-20,1649587,6,1,1705557.2857142857,58424.46940488343,0.0
2019-01-21,1815389,0,0,1722569.5714285714,71217.9171671227,0.0
2019-01-22,1838723,1,0,1747464.857142857,77683.06913659083,0.0
2019-01-23,1875039,2,0,1775239.857142857,84275.26904227052,0.0
2019-01-24,1893809,3,0,1797312.0,93068.90387415983,0.0
2019-01-25,1707615,4,0,1781026.857142857,97953.72587169461,0.0
2019-01-26,1486081,5,1,1752320.4285714286,147172.2792544729,0.0
2019-01-27,1434553,6,1,1721601.2857142857,188756.63336487595,0.0
2019-01-28,1750908,0,0,1712389.7142857143,184951.87511415553,0.0
2019-01-29,1868122,1,0,1716589.5714285714,188596.63782074646,0.0
2019-01-30,1876710,2,0,1716828.2857142857,188831.53079021396,0.0
2019-01-31,1924096,3,0,1721155.0,193843.05123992477,0.0
2019-02-01,1867471,4,0,1743991.5714285714,201256.57271989042,0.0
2019-02-02,1655163,5,1,1768146.142857143,173355.99084873608,0.0
2019-02-03,1613141,6,1,1793658.7142857143,121449.41856828993,0.0
2019-02-04,1744841,0,0,1792792.0,121826.4167603682,0.0
2019-02-05,1813255,1,0,1784953.857142857,117872.90118943268,0.0
2019-02-06,1730256,2,0,1764031.857142857,111708.46002346337,0.0
2019-02-07,1681919,3,0,1729435.142857143,89084.36380652685,0.0
2019-02-08,1602385,4,0,1691565.7142857143,76010.22831331388,0.0
2019-02-09,1421774,5,1,1658224.4285714286,128027.50421148955,0.0
2019-02-10,1520564,6,1,1644999.142857143,137864.53000130266,0.0
2019-02-11,1724623,0,0,1642110.857142857,135617.68482446062,0.0
2019-02-12,1710341,1,0,1627408.857142857,118465.84019235267,0.0
2019-02-13,1633681,2,0,1613612.4285714286,109798.56302014853,0.0
2019-02-14,1630244,3,0,1606230.2857142857,106116.04958994294,0.0
2019-02-15,1579826,4,0,1603007.5714285714,106593.77307777494,0.0
2019-02-16,1431067,5,1,1604335.142857143,103986.38558554987,0.0
2019-02-17,1319660,6,1,1575634.5714285714,148960.4440255515,0.0
2019-02-18,1564280,0,0,1552728.4285714286,133787.03106413598,0.0
2019-02-19,1607692,1,0,1538064.2857142857,118369.35836429591,0.0
2019-02-20,1559504,2,0,1527467.5714285714,111504.03790875043,0.0
2019-02-21,1549585,3,0,1515944.857142857,102952.80357594209,0.0
2019-02-22,1521712,4,0,1507642.857142857,99218.34145029084,0.0
2019-02-23,1361159,5,1,1497656.0,111026.40299948308,0.0
2019-02-24,1371601,6,1,1505076.142857143,98135.15369706461,0.0
2019-02-25,1548113,0,0,1502766.5714285714,96689.18060615337,0.0
2019-02-26,1549166,1,0,1494405.7142857143,88267.6042530613,0.0
2019-02-27,1550057,2,0,1493056.142857143,87171.8123027534,0.0
2019-02-28,1646271,3,0,1506868.4285714286,103712.2423372607,0.0
2019-03-01,1625006,4,0,1521624.7142857143,113099.73007442782,0.0
2019-03-02,1331442,5,1,1517379.4285714286,120445.94628140339,0.0
2019-03-03,1337944,6,1,1512571.2857142857,127689.2392878445,0.0
2019-03-04,1513922,0,0,1507686.857142857,126753.60511433128,0.0
2019-03-05,1586764,1,0,1513058.0,129569.53696633446,0.0
2019-03-06,1589479,2,0,1518689.7142857143,132274.2222666297,0.0
2019-03-07,1544378,3,0,1504133.5714285714,121022.41786251563,0.0
2019-03-08,1590480,4,0,1499201.2857142857,115869.0520900284,0.0
2019-03-09,1329307,5,1,1498896.2857142857,116385.89733686973,0.0
2019-03-10,1360383,6,1,1502101.857142857,111416.95324237307,0.0
2019-03-11,1506861,0,0,1501093.142857143,111324.02851651785,0.0
2019-03-12,1584894,1,0,1500826.0,111086.17097252455,0.0
2019-03-13,1514107,2,0,1490058.5714285714,104519.76863552004,0.0
2019-03-14,1485361,3,0,1481627.5714285714,101751.48380878424,0.0
2019-03-15,1459558,4,0,1462924.4285714286,89730.8462864874,0.0
2019-03-16,1390312,5,1,1471639.4285714286,76590.94555030152,0.0
2019-03-17,1307745,6,1,1464119.7142857143,90631.6774454437,0.0
2019-03-18,1624240,0,0,1480888.142857143,108879.1629551453,0.0
2019-03-19,1604367,1,0,1483670.0,112178.18526197612,0.0
2019-03-20,1545357,2,0,1488134.2857142857,114195.03605925702,0.0
2019-03-21,1547885,3,0,1497066.2857142857,116366.54010743396,0.0
2019-03-22,1491979,4,0,1501697.857142857,115264.8246003371,0.0
2019-03-23,1366950,5,1,1498360.4285714286,119295.2119517907,0.0
2019-03-24,1225028,6,1,1486543.7142857143,143054.19562264395,0.0
2019-03-25,1446351,0,0,1461131.0,129692.94645560673,0.0
2019-03-26,1526039,1,0,1449941.2857142857,118139.45924869872,0.0
2019-03-27,1549259,2,0,1450498.7142857143,118672.70518913891,0.0
2019-03-28,1486211,3,0,1441688.142857143,112358.91988391348,0.0
2019-03-29,1422896,4,0,1431819.142857143,110218.99069494786,0.0
2019-03-30,1312938,5,1,1424103.142857143,117187.3992791588,0.0
2019-03-31,1232951,6,1,1425235.0,114961.28392493766,0.0
2019-04-01,1458660,0,0,1426993.4285714286,115431.27932651463,0.0
2019-04-02,1586264,1,0,1435597.0,125820.78597223175,0.0
2019-04-03,1587600,2,0,1441074.2857142857,132263.04488244222,0.0
2019-04-04,1587977,3,0,1455612.2857142857,143192.5793174177,0.0
2019-04-05,1482782,4,0,1464167.4285714286,142700.26475549812,0.0
2019-04-06,1370882,5,1,1472445.142857143,133873.31113710863,0.0
2019-04-07,1332485,6,1,1486664.2857142857,106730.57166642415,0.0
2019-04-08,1472311,0,0,1488614.4285714286,106257.27030948357,0.0
2019-04-09,1500881,1,0,1476416.857142857,97738.77573655083,0.0
2019-04-10,1467622,2,0,1459277.142857143,84633.01100524001,0.0
2019-04-11,1497845,3,0,1446401.142857143,66757.97836822989,0.0
2019-04-12,1504528,4,0,1449507.7142857143,69194.62323457627,0.0
2019-04-13,1294866,5,1,1438648.2857142857,87210.41779841985,0.0
2019-04-14,1299294,6,1,1433906.7142857143,94538.82628445102,0.0
2019-04-15,1374782,0,0,1419974.0,95120.57001337911,0.0
2019-04-16,1494573,1,0,1419072.857142857,94252.25088459699,0.0
2019-04-17,1407357,2,0,1410463.5714285714,91798.98711653915,0.0
2019-04-18,1336717,3,0,1387445.2857142857,86271.35157112234,0.0
2019-04-19,1184468,4,0,1341722.4285714286,97906.27787645893,1.0
2019-04-20,1129551,5,1,1318106.0,126774.65296082111,0.0
2019-04-21,1032242,6,1,1279955.7142857143,167136.22231154636,0.0
2019-04-22,1097982,0,0,1240412.857142857,173581.89528427014,1.0
2019-04-23,1288657,1,0,1210996.2857142857,136904.35992780206,0.0
2019-04-24,1351149,2,0,1202966.5714285714,124559.71903049335,0.0
2019-04-25,1355491,3,0,1205648.5714285714,128072.18923308625,0.0
2019-04-26,1315055,4,0,1224303.857142857,133853.10738571832,0.0
2019-04-27,1194049,5,1,1233517.857142857,128350.3629477247,0.0
2019-04-28,1240402,6,1,1263255.0,93263.27529277827,0.0
2019-04-29,1428191,0,0,1310427.7142857143,77995.82880454636,0.0
2019-04-30,1408248,1,0,1327512.142857143,85197.60977171196,0.0
2019-05-01,1440539,2,0,1340282.142857143,95417.20266359873,0.0
2019-05-02,1411156,3,0,1348234.2857142857,99142.8209230243,0.0
2019-05-03,1437430,4,0,1365716.4285714286,103030.2761794926,0.0
2019-05-04,1160090,5,1,1360865.142857143,112797.16614412935,0.0
2019-05-05,1218387,6,1,1357720.142857143,116946.29776873221,0.0
2019-05-06,1292563,0,0,1338344.7142857143,114535.35138655452,1.0
2019-05-07,1428268,1,0,1341204.7142857143,116799.36576843297,0.0
2019-05-08,1440134,2,0,1341146.857142857,116742.04532849172,0.0
2019-05-09,1457018,3,0,1347698.5714285714,122472.17223226324,0.0
2019-05-10,1437239,4,0,1347671.2857142857,122448.86803032602,0.0
2019-05-11,1244013,5,1,1359660.2857142857,103693.86054748637,0.0
2019-05-12,1163970,6,1,1351886.4285714286,117209.22672279613,0.0
2019-05-13,1290800,0,0,1351634.5714285714,117359.74290455178,0.0
2019-05-14,1285223,1,0,1331199.5714285714,114203.43354276089,0.0
2019-05-15,1300987,2,0,1311321.4285714286,103710.053512774,0.0
2019-05-16,1279550,3,0,1285968.857142857,81462.99139167165,0.0
2019-05-17,1355758,4,0,1274328.7142857143,58958.64604315016,0.0
2019-05-18,1235866,5,1,1273164.857142857,59732.162711107536,0.0
2019-05-19,1188875,6,1,1276722.7142857143,52440.8274970447,0.0
2019-05-20,1323908,0,0,1281452.4285714286,55335.23917260223,0.0
2019-05-21,1286564,1,0,1281644.0,55352.78707529891,0.0
2019-05-22,1284308,2,0,1279261.2857142857,54736.93173937931,0.0
2019-05-23,1255830,3,0,1275872.7142857143,55445.70175322999,0.0
2019-05-24,1248802,4,0,1260593.2857142857,43132.148090584466,0.0
2019-05-25,1117949,5,1,1243748.0,69416.49807024741,0.0
2019-05-26,1029025,6,1,1220912.2857142857,106736.85156921235,0.0
2019-05-27,1086006,0,0,1186926.2857142857,106350.66548095204,1.0
2019-05-28,1280825,1,0,1186106.4285714286,105473.04044615214,0.0
2019-05-29,1343695,2,0,1194590.2857142857,116500.46634774203,0.0
2019-05-30,1231121,3,0,1191060.4285714286,114696.06444551177,0.0
2019-05-31,1221638,4,0,1187179.857142857,112861.72229537994,0.0
2019-06-01,1103511,5,1,1185117.2857142857,114458.43264802011,0.0
2019-06-02,1035627,6,1,1186060.4285714286,112975.45017962522,0.0
2019-06-03,1174438,0,0,1198693.5714285714,104552.80335770852,0.0
2019-06-04,1355344,1,0,1209339.142857143,117323.07247857442,0.0
2019-06-05,1296023,2,0,1202528.857142857,109335.99195055952,0.0
2019-06-06,1254597,3,0,1205882.5714285714,110710.58658030712,0.0
2019-06-07,1310799,4,0,1218619.857142857,117731.72767559094,0.0
2019-06-08,1103442,5,1,1218610.0,117742.97382577293,0.0
2019-06-09,1092669,6,1,1226758.857142857,104158.51493027112,0.0
2019-06-10,1348954,0,0,1251689.7142857143,110255.25291752825,0.0
2019-06-11,1320047,1,0,1246647.2857142857,105426.00069673567,0.0
2019-06-12,1373861,2,0,1257767.0,115157.6320802781,0.0
2019-06-13,1395997,3,0,1277967.0,126365.13585506902,0.0
2019-06-14,1327177,4,0,1280306.7142857143,127223.06485948797,0.0
2019-06-15,1154841,5,1,1287649.4285714286,116330.9642956499,0.0
2019-06-16,1093335,6,1,1287744.5714285714,116145.0427868352,0.0
2019-06-17,1231372,0,0,1270947.142857143,114305.30988021902,0.0
2019-06-18,1345031,1,0,1274516.2857142857,116463.63785423104,0.0
2019-06-19,1352484,2,0,1271462.4285714286,113671.29772853431,0.0
2019-06-20,1258734,3,0,1251853.4285714286,99572.87683713068,0.0
2019-06-21,1237599,4,0,1239056.5714285714,93872.05677741581,0.0
2019-06-22,1089400,5,1,1229707.857142857,106116.9291794646,0.0
2019-06-23,1107199,6,1,1231688.4285714286,103237.76862315957,0.0
2019-06-24,1326755,0,0,1245314.5714285714,109305.43727992543,0.0
2019-06-25,1361228,1,0,1247628.4285714286,111908.55713910228,0.0
2019-06-26,1318758,2,0,1242810.4285714286,107271.76093900813,0.0
2019-06-27,1227434,3,0,1238339.0,107149.66393167079,0.0
2019-06-28,1191073,4,0,1231692.4285714286,108635.92995086398,0.0
2019-06-29,1122344,5,1,1236398.7142857143,101952.18763669606,0.0
2019-06-30,1016923,6,1,1223502.142857143,124283.45524839374,0.0
2019-07-01,1182492,0,0,1202893.142857143,115992.6913163618,0.0
2019-07-02,1271505,1,0,1190075.5714285714,99342.3840611631,0.0
2019-07-03,1284070,2,0,1185120.142857143,92481.84227086294,0.0
2019-07-04,1236541,3,0,1186421.142857143,93237.27860936012,0.0
2019-07-05,1229653,4,0,1191932.5714285714,94687.08422811585,0.0
2019-07-06,1139327,5,1,1194358.7142857143,92805.74443916726,0.0
2019-07-07,1097737,6,1,1205903.5714285714,69037.15676809357,0.0
2019-07-08,1280405,0,0,1219891.142857143,73291.16612170593,0.0
2019-07-09,1339377,1,0,1229587.142857143,84837.45545146622,0.0
2019-07-10,1317089,2,0,1234304.142857143,89178.47810512462,0.0
2019-07-11,1313852,3,0,1245348.5714285714,94150.41863222067,0.0
2019-07-12,1251010,4,0,1248399.5714285714,93902.74097502377,0.0
2019-07-13,1145873,5,1,1249334.7142857143,92659.86108832738,0.0
2019-07-14,1113626,6,1,1251604.5714285714,88425.12985357962,0.0
2019-07-15,1284237,0,0,1252152.0,88644.73522627672,0.0
2019-07-16,1296668,1,0,1246050.7142857143,82925.89896955068,0.0
2019-07-17,1304449,2,0,1244245.0,81241.74401954141,0.0
2019-07-18,1270443,3,0,1238043.7142857143,76565.15196381081,0.0
2019-07-19,1305329,4,0,1245803.5714285714,80737.24089057298,0.0
2019-07-20,1065332,5,1,1234297.7142857143,100638.1207987714,0.0
2019-07-21,1047574,6,1,1224861.7142857143,115793.64139382362,0.0
2019-07-22,1193111,0,0,1211843.7142857143,113096.86803757242,0.0
2019-07-23,1289678,1,0,1210845.142857143,112250.79504609086,0.0
2019-07-24,1324051,2,0,1213645.4285714286,115181.33438896408,0.0
2019-07-25,1341748,3,0,1223831.857142857,123867.1332159834,0.0
2019-07-26,1344165,4,0,1229379.857142857,128893.50836697008,0.0
2019-07-27,1185685,5,1,1246573.142857143,110007.1941487444,0.0
2019-07-28,1105584,6,1,1254860.2857142857,93457.69004871382,0.0
2019-07-29,1239200,0,0,1261444.4285714286,89939.65817677847,0.0
2019-07-30,1265189,1,0,1257946.0,89131.05231438724,0.0
2019-07-31,1239781,2,0,1245907.4285714286,84273.04106863438,0.0
2019-08-01,1265379,3,0,1234997.5714285714,74130.76822720595,0.0
2019-08-02,1248648,4,0,1221352.2857142857,57644.99800712488,0.0
2019-08-03,1138929,5,1,1214672.857142857,64738.981259203625,0.0
2019-08-04,1110473,6,1,1215371.2857142857,63378.007522915665,0.0
2019-08-05,1223945,0,0,1213192.0,62680.52192669843,0.0
2019-08-06,1233334,1,0,1208641.2857142857,59343.82321894513,0.0
2019-08-07,1208166,2,0,1204124.857142857,57760.847937677456,0.0
2019-08-08,1260306,3,0,1203400.142857143,56889.465408628144,0.0
2019-08-09,1200883,4,0,1196576.5714285714,53309.64138836125,0.0
2019-08-10,1036123,5,1,1181890.0,79544.27029440863,0.0
2019-08-11,1037936,6,1,1171527.5714285714,93838.91549328368,0.0
2019-08-12,1253209,0,0,1175708.142857143,97156.55843266295,0.0
2019-08-13,1247115,1,0,1177676.857142857,98647.0560997444,0.0
2019-08-14,1347326,2,0,1197556.857142857,117949.27801310533,0.0
2019-08-15,1194425,3,0,1188145.2857142857,114691.25436394314,0.0
2019-08-16,1242230,4,0,1194052.0,116506.92755083973,0.0
2019-08-17,999230,5,1,1188781.5714285714,125341.39095934085,0.0
2019-08-18,975974,6,1,1179929.857142857,139192.30812253768,0.0
2019-08-19,1180825,0,0,1169589.2857142857,135480.29895120556,0.0
2019-08-20,1252422,1,0,1170347.4285714286,136000.28623728082,0.0
2019-08-21,1237545,2,0,1154664.4285714286,117224.05226583112,0.0
2019-08-22,1222080,3,0,1158615.142857143,119236.15908836598,0.0
2019-08-23,1219201,4,0,1155325.2857142857,116838.21395092171,0.0
2019-08-24,1097844,5,1,1169413.0,99545.73786625218,0.0
2019-08-25,1087643,6,1,1185365.7142857143,67010.42965022707,0.0
2019-08-26,1155982,0,0,1181816.7142857143,67942.38105857073,1.0
2019-08-27,1338724,1,0,1194145.5714285714,87813.9963917426,0.0
2019-08-28,1337091,2,0,1208366.4285714286,102795.94956168743,0.0
2019-08-29,1225571,3,0,1208865.142857143,102882.00174866739,0.0
2019-08-30,1168160,4,0,1201573.5714285714,103831.7126554101,0.0
2019-08-31,1036346,5,1,1192788.142857143,115964.2095669153,0.0
2019-09-01,1025319,6,1,1183884.7142857143,127227.94691906867,0.0
2019-09-02,1226511,0,0,1193960.2857142857,127442.48484149502,0.0
2019-09-03,1268246,1,0,1183892.0,116405.72966140138,0.0
2019-09-04,1205709,2,0,1165123.142857143,96472.72609989891,0.0
2019-09-05,1222663,3,0,1164707.7142857143,96174.84507174778,0.0
2019-09-06,1231147,4,0,1173705.857142857,99442.69650815384,0.0
2019-09-07,1149380,5,1,1189853.5714285714,80861.89416502471,0.0
2019-09-08,1120653,6,1,1203472.7142857143,51072.82723955452,0.0
2019-09-09,1392121,0,0,1227131.2857142857,88308.09624401042,0.0
2019-09-10,1339464,1,0,1237305.2857142857,97462.44251800154,0.0
2019-09-11,1271857,2,0,1246755.0,97094.44045019605,0.0
2019-09-12,1307082,3,0,1258814.857142857,98830.5145041055,0.0
2019-09-13,1260568,4,0,1263017.857142857,98080.51990658599,0.0
2019-09-14,1083039,5,1,1253540.5714285714,112966.67955768664,0.0
2019-09-15,1117284,6,1,1253059.2857142857,113632.41124157654,0.0
2019-09-16,1371455,0,0,1250107.0,109614.72084230598,0.0
2019-09-17,1307942,1,0,1245603.857142857,105917.09640002815,0.0
2019-09-18,1353452,2,0,1257260.2857142857,113505.85592635642,0.0
2019-09-19,1341971,3,0,1262244.4285714286,116777.05690597964,0.0
2019-09-20,1268468,4,0,1263373.0,116796.32759068251,0.0
2019-09-21,1081766,5,1,1263191.142857143,117124.44394807692,0.0
2019-09-22,1194215,6,1,1274181.2857142857,104028.9570964489,0.0
2019-09-23,1321105,0,0,1266988.4285714286,97732.32372295811,0.0
2019-09-24,1374735,1,0,1276530.2857142857,105360.05092020481,0.0
2019-09-25,1396804,2,0,1282723.4285714286,111717.48077907259,0.0
2019-09-26,1289793,3,0,1275269.4285714286,108808.35015271469,0.0
2019-09-27,1288116,4,0,1278076.2857142857,108857.0685313613,0.0
2019-09-28,1149876,5,1,1287806.2857142857,89753.40559504238,0.0
2019-09-29,1177365,6,1,1285399.142857143,92854.21491678736,0.0
2019-09-30,1410084,0,0,1298110.4285714286,103980.60655857499,0.0
2019-10-01,1397159,1,0,1301313.857142857,107035.2435064248,0.0
2019-10-02,1387965,2,0,1300051.142857143,105765.58368933779,0.0
2019-10-03,1483466,3,0,1327718.7142857143,126026.10240438938,0.0
2019-10-04,1397806,4,0,1343388.7142857143,127096.07997065982,0.0
2019-10-05,1288036,5,1,1363125.857142857,99841.83324545469,0.0
2019-10-06,1195644,6,1,1365737.142857143,94256.47168663375,0.0
2019-10-07,1418470,0,0,1366935.142857143,94964.69412793996,0.0
2019-10-08,1336813,1,0,1358314.2857142857,94501.6635563015,0.0
2019-10-09,1365478,2,0,1355101.857142857,93704.59127214536,0.0
2019-10-10,1358991,3,0,1337319.7142857143,75285.7252753911,0.0
2019-10-11,1362438,4,0,1332267.142857143,71648.77383561012,0.0
2019-10-12,1313875,5,1,1335958.4285714286,69627.31569067758,0.0
2019-10-13,1325698,6,1,1354537.5714285714,34372.04345039718,0.0
2019-10-14,1520143,0,0,1369062.2857142857,69461.80665115007,0.0
2019-10-15,1499213,1,0,1392262.2857142857,82745.76273084016,0.0
2019-10-16,1449498,2,0,1404265.142857143,84292.36469068022,0.0
2019-10-17,1474942,3,0,1420829.5714285714,85299.4964206875,0.0
2019-10-18,1456315,4,0,1434240.5714285714,81901.03796425859,0.0
2019-10-19,1309340,5,1,1433592.7142857143,83022.1095486536,0.0
2019-10-20,1299979,6,1,1429918.5714285714,88950.25204923771,0.0
2019-10-21,1531811,0,0,1431585.4285714286,91008.2914150661,0.0
2019-10-22,1514447,1,0,1433761.7142857143,93054.15332254284,0.0
2019-10-23,1520400,2,0,1443890.5714285714,98737.74889215184,0.0
2019-10-24,1526361,3,0,1451236.142857143,103242.70496656637,0.0
2019-10-25,1512943,4,0,1459325.857142857,105891.59068034391,0.0
2019-10-26,1374024,5,1,1468566.4285714286,92611.29001345563,0.0
2019-10-27,1289600,6,1,1467083.7142857143,95788.81164611781,0.0
2019-10-28,1601104,0,0,1476982.7142857143,106566.77302631499,0.0
2019-10-29,1596134,1,0,1488652.2857142857,115454.94545597504,0.0
2019-10-30,1573419,2,0,1496226.4285714286,119551.22443938616,0.0
2019-10-31,1607377,3,0,1507800.142857143,126664.69692780882,0.0
2019-11-01,1554822,4,0,1513782.857142857,127930.7942241182,0.0
2019-11-02,1379418,5,1,1514553.4285714286,126961.24663832087,0.0
2019-11-03,1379715,6,1,1527427.0,102576.96605640823,0.0
2019-11-04,1573567,0,0,1523493.142857143,99770.13283784068,0.0
2019-11-05,1586896,1,0,1522173.4285714286,98704.53644230287,0.0
2019-11-06,1674270,2,0,1536580.7142857143,113658.6866921119,0.0
2019-11-07,1623826,3,0,1538930.5714285714,115521.1058434343,0.0
2019-11-08,1641277,4,0,1551281.2857142857,121946.18232882777,0.0
2019-11-09,1571136,5,1,1578669.5714285714,95596.04389455705,0.0
2019-11-10,1478973,6,1,1592849.2857142857,62955.879301109206,0.0
2019-11-11,1590387,0,0,1595252.142857143,62415.93904722789,0.0
2019-11-12,1633007,1,0,1601839.4285714286,63804.85152105189,0.0
2019-11-13,1711058,2,0,1607094.857142857,71781.52783142727,0.0
2019-11-14,1698731,3,0,1617795.5714285714,79824.01576775119,0.0
2019-11-15,1671888,4,0,1622168.5714285714,82129.97057280736,0.0
2019-11-16,1557602,5,1,1620235.142857143,83676.30506390288,0.0
2019-11-17,1544405,6,1,1629582.5714285714,67322.53311452927,0.0
2019-11-18,1710513,0,0,1646743.4285714286,70882.43448807993,0.0
2019-11-19,1795806,1,0,1670000.4285714286,89805.95887963308,0.0
2019-11-20,1713972,2,0,1670416.7142857143,90034.45948400015,0.0
2019-11-21,1740171,3,0,1676336.7142857143,93502.10351239564,0.0
2019-11-22,1691820,4,0,1679184.142857143,93647.42948855663,0.0
2019-11-23,1514799,5,1,1673069.4285714286,103760.60260180816,0.0
2019-11-24,1516050,6,1,1669018.7142857143,109987.33539174435,0.0
2019-11-25,1665647,0,0,1662609.2857142857,108462.98213941952,0.0
2019-11-26,1649280,1,0,1641677.0,91245.5405595503,0.0
2019-11-27,1669806,2,0,1635367.5714285714,86833.65651802435,0.0
2019-11-28,1649192,3,0,1622370.5714285714,74459.61494633755,0.0
2019-11-29,1708683,4,0,1624779.5714285714,77299.62783194278,0.0
2019-11-30,1620665,5,1,1639903.2857142857,60788.58342300768,0.0
2019-12-01,1588257,6,1,1650218.5714285714,38197.68286546035,0.0
2019-12-02,1782485,0,0,1666909.7142857143,63325.336987465445,0.0
2019-12-03,1749127,1,0,1681173.5714285714,69624.30338100625,0.0
2019-12-04,1743089,2,0,1691642.5714285714,73055.18532331414,0.0
2019-12-05,1687929,3,0,1697176.4285714286,70733.9324390385,0.0
2019-12-06,1578355,4,0,1678558.142857143,83246.00285788019,0.0
2019-12-07,1432582,5,1,1651689.142857143,124952.27534868696,0.0
2019-12-08,1330185,6,1,1614821.7142857143,174883.41487471733,0.0
2019-12-09,1623103,0,0,1592052.857142857,159077.5016131461,0.0
2019-12-10,1655624,1,0,1578695.2857142857,147169.93576896863,0.0
2019-12-11,1696530,2,0,1572044.0,139346.08554962793,0.0
2019-12-12,1763442,3,0,1582831.5714285714,152147.5427809795,0.0
2019-12-13,1665004,4,0,1595210.0,155216.4824334205,0.0
2019-12-14,1471286,5,1,1600739.142857143,149023.61667471996,0.0
2019-12-15,1485392,6,1,1622911.5714285714,107944.6872150586,0.0
2019-12-16,1714954,0,0,1636033.142857143,113415.8098494828,0.0
2019-12-17,1783269,1,0,1654268.142857143,126587.16688043115,0.0
2019-12-18,1731414,2,0,1659251.5714285714,129188.1326436643,0.0
2019-12-19,1624573,3,0,1639413.142857143,120919.70949689737,0.0
2019-12-20,1627690,4,0,1634082.5714285714,120425.0057336801,0.0
2019-12-21,1495915,5,1,1637601.0,115118.7725670225,0.0
2019-12-22,1451824,6,1,1632805.5714285714,122948.85920966032,0.0
2019-12-23,1493397,0,0,1601154.5714285714,126736.21999369425,0.0
2019-12-24,1453439,1,0,1554036.0,107614.68555609627,0.0
2019-12-25,1326155,2,0,1496141.857142857,105269.65067615686,1.0
2019-12-26,1321001,3,0,1452774.4285714286,106069.80443693406,1.0
2019-12-27,1461507,4,0,1429034.0,74207.32838251414,0.0
2019-12-28,1378385,5,1,1412244.0,69712.85134275374,0.0
2019-12-29,1328391,6,1,1394610.7142857143,73538.54964965586,0.0
2019-12-30,1447454,0,0,1388047.4285714286,64781.24120419293,0.0
2019-12-31,1490245,1,0,1393305.4285714286,72058.32743425643,0.0
2020-01-01,1390388,2,0,1402481.5714285714,65909.4523617254,1.0
2020-01-02,1483443,3,0,1425687.5714285714,60841.838411485485,0.0
2020-01-03,1531591,4,0,1435699.5714285714,72389.2251647717,0.0
2020-01-04,1427871,5,1,1442769.0,68151.41012239094,0.0
2020-01-05,1410725,6,1,1454531.0,49738.92967958171,0.0
2020-01-06,1571919,0,0,1472311.7142857143,66282.9147989274,0.0
2020-01-07,1568065,1,0,1483428.857142857,75655.47093775401,0.0
2020-01-08,1614032,2,0,1515378.0,77025.80457009593,0.0
2020-01-09,1633934,3,0,1536876.7142857143,86984.83135720919,0.0
2020-01-10,1617280,4,0,1549118.0,92001.7856384904,0.0
2020-01-11,1375504,5,1,1541637.0,104749.86063954473,0.0
2020-01-12,1406510,6,1,1541034.857142857,105636.18081011304,0.0
2020-01-13,1583027,0,0,1542621.7142857143,106259.0381641744,0.0
2020-01-14,1599543,1,0,1547118.5714285714,108164.24167266698,0.0
2020-01-15,1577975,2,0,1541967.5714285714,105266.33025627467,0.0
2020-01-16,1590213,3,0,1535721.7142857143,100068.91291126385,0.0
2020-01-17,1630782,4,0,1537650.5714285714,102014.20204211635,0.0
2020-01-18,1515903,5,1,1557707.5714285714,75063.13787265892,0.0
2020-01-19,1550083,6,1,1578218.0,36650.44957892727,0.0
2020-01-20,1727755,0,0,1598893.4285714286,67583.78403598958,0.0
2020-01-21,1757229,1,0,1621420.0,90298.59124226496,0.0
2020-01-22,1753593,2,0,1646508.2857142857,100082.7098166437,0.0
2020-01-23,1744266,3,0,1668515.857142857,102547.85219015571,0.0
2020-01-24,1718076,4,0,1680986.4285714286,102502.13790920134,0.0
2020-01-25,1535672,5,1,1683810.5714285714,97337.93705243403,0.0
2020-01-26,1454978,6,1,1670224.142857143,122499.7884589223,0.0
2020-01-27,1651327,0,0,1659305.857142857,119895.80808552349,0.0
2020-01-28,1657404,1,0,1645045.142857143,111982.98094568048,0.0
2020-01-29,1617583,2,0,1625615.142857143,101299.87317274348,0.0
2020-01-30,1600526,3,0,1605080.857142857,86765.80239249709,0.0
2020-01-31,1517527,4,0,1576431.0,75632.77748439659,0.0
2020-02-01,1312961,5,1,1544615.142857143,125824.8158081188,0.0
2020-02-02,1394776,6,1,1536014.857142857,134716.0610264431,0.0
2020-02-03,1510493,0,0,1515895.7142857143,124774.14136981881,0.0
2020-02-04,1608441,1,0,1508901.0,116625.5195872845,0.0
2020-02-05,1707899,2,0,1521803.2857142857,134308.23687662967,0.0
2020-02-06,1708270,3,0,1537195.2857142857,150081.30524344314,0.0
2020-02-07,1598796,4,0,1548805.142857143,151443.42956963723,0.0
2020-02-08,1334812,5,1,1551926.7142857143,145895.5506355223,0.0
2020-02-09,1375615,6,1,1549189.4285714286,149471.34320315893,0.0
2020-02-10,1560221,0,0,1556293.4285714286,148504.26980715583,0.0
2020-02-11,1588289,1,0,1553414.5714285714,147516.9151666678,0.0
2020-02-12,1628150,2,0,1542021.857142857,136246.60827758975,0.0
2020-02-13,1673585,3,0,1537066.857142857,129664.55502750287,0.0
2020-02-14,1612611,4,0,1539040.4285714286,130860.32409643184,0.0
2020-02-15,1407899,5,1,1549481.4285714286,113631.17854102893,0.0
2020-02-16,1334321,6,1,1543582.2857142857,124695.05754269322,0.0
2020-02-17,1514955,0,0,1537115.7142857143,124861.99255274695,0.0
2020-02-18,1566165,1,0,1533955.142857143,123624.6566917255,0.0
2020-02-19,1629632,2,0,1534166.857142857,123813.98047937475,0.0
2020-02-20,1565497,3,0,1518725.7142857143,109433.82141539035,0.0
2020-02-21,1536360,4,0,1507832.7142857143,102078.79851161815,0.0
2020-02-22,1330556,5,1,1496783.7142857143,117690.4201733324,0.0
2020-02-23,1367252,6,1,1501488.142857143,110555.88325886126,0.0
2020-02-24,1598114,0,0,1513368.0,116549.6338661664,0.0
2020-02-25,1622183,1,0,1521370.5714285714,122547.81100706435,0.0
2020-02-26,1642050,2,0,1523144.5714285714,124451.29832437733,0.0
2020-02-27,1650392,3,0,1535272.4285714286,133102.30361626542,0.0
2020-02-28,1681907,4,0,1556064.857142857,144205.62777557256,0.0
2020-02-29,1355883,5,1,1559683.0,137779.09436729067,0.0
2020-03-01,1329023,6,1,1554221.7142857143,147119.02177910993,0.0
2020-03-02,1602701,0,0,1554877.0,147357.1296872696,0.0
2020-03-03,1645143,1,0,1558157.0,149347.07135730557,0.0
2020-03-04,1727560,2,0,1570372.7142857143,160437.97429196397,0.0
2020-03-05,1747864,3,0,1584297.2857142857,172329.56612329246,0.0
2020-03-06,1639998,4,0,1578310.2857142857,169070.43908159176,0.0
2020-03-07,1392429,5,1,1583531.142857143,161449.69997436868,0.0
2020-03-08,1278860,6,1,1576365.0,175160.24521183682,0.0
2020-03-09,1537016,0,0,1566981.4285714286,175273.6279990704,0.0
2020-03-10,1478948,1,0,1543239.2857142857,174174.19245181596,0.0
2020-03-11,1449410,2,0,1503503.5714285714,155883.08445313486,0.0
2020-03-12,1444605,3,0,1460180.857142857,112854.0619302069,0.0
2020-03-13,1561614,4,0,1448983.142857143,94421.91812363788,0.0
2020-03-14,1370005,5,1,1445779.7142857143,97005.44144999744,0.0
2020-03-15,1324691,6,1,1452327.0,84617.3259287804,0.0
2020-03-16,1479754,0,0,1444146.7142857143,77537.24392343473,0.0
2020-03-17,1469174,1,0,1442750.4285714286,76891.40981251742,0.0
2020-03-18,1553242,2,0,1457583.5714285714,87652.35877577112,0.0
2020-03-19,1597937,3,0,1479488.142857143,101873.76653067749,0.0
2020-03-20,1487293,4,0,1468870.857142857,95565.64753689988,0.0
2020-03-21,1254173,5,1,1452323.4285714286,121929.45251369679,0.0
2020-03-22,1251481,6,1,1441864.857142857,136920.12307599996,0.0
2020-03-23,1381277,0,0,1427796.7142857143,137436.42979056007,0.0
2020-03-24,1289815,1,0,1402174.0,144950.47584952635,0.0
2020-03-25,1290051,2,0,1364575.2857142857,132864.7344654538,0.0
2020-03-26,1293784,3,0,1321124.857142857,84908.15059510071,0.0
2020-03-27,1239050,4,0,1285661.5714285714,47569.7422453582,0.0
2020-03-28,1137162,5,1,1268945.7142857143,73803.72132380717,0.0
2020-03-29,1105870,6,1,1248144.142857143,96558.85115210108,0.0
2020-03-30,1347461,0,0,1243313.2857142857,89366.09220080164,0.0
2020-03-31,1372834,1,0,1255173.142857143,101280.47124107197,0.0
2020-04-01,1371105,2,0,1266752.2857142857,110175.31322506952,0.0
2020-04-02,1222426,3,0,1256558.2857142857,110557.88863867734,0.0
2020-04-03,1270702,4,0,1261080.0,110369.57893521845,0.0
2020-04-04,1118210,5,1,1258372.5714285714,114085.87315098716,0.0
2020-04-05,987135,6,1,1241410.4285714286,145139.1886809226,0.0
2020-04-06,1095351,0,0,1205394.7142857143,145716.05710619362,0.0
2020-04-07,1154267,1,0,1174170.857142857,125931.62150871228,0.0
2020-04-08,1159681,2,0,1143967.4285714286,91463.84479649006,0.0
2020-04-09,1125235,3,0,1130083.0,84695.06516716725,0.0
2020-04-10,1050770,4,0,1098664.142857143,61436.092948799764,1.0
2020-04-11,991506,5,1,1080563.5714285714,72403.69851020334,0.0
2020-04-12,997651,6,1,1082065.857142857,70218.19784652382,0.0
2020-04-13,981134,0,0,1065749.142857143,79299.71675325764,1.0
2020-04-14,1132510,1,0,1062641.0,75591.71869548521,0.0
2020-04-15,1107425,2,0,1055175.857142857,66437.18105960614,0.0
2020-04-16,1101472,3,0,1051781.142857143,62766.46518760545,0.0
2020-04-17,1101128,4,0,1058975.142857143,65459.38863254753,0.0
2020-04-18,1126671,5,1,1078284.4285714286,62089.0403556841,0.0
2020-04-19,992247,6,1,1077512.4285714286,63280.86996048991,0.0
2020-04-20,1003970,0,0,1080774.7142857143,57838.8577103849,0.0
2020-04-21,999751,1,0,1061809.142857143,59780.78420206243,0.0
2020-04-22,1037058,2,0,1051756.7142857143,56667.01916672619,0.0
2020-04-23,1092864,3,0,1050527.0,55489.51896833627,0.0
2020-04-24,1079062,4,0,1047374.7142857143,52692.10405657354,0.0
2020-04-25,1023312,5,1,1032609.1428571428,39631.01809795176,0.0
2020-04-26,1012697,6,1,1035530.5714285715,36813.38799888397,0.0
2020-04-27,1152126,0,0,1056695.7142857143,54151.076636654114,0.0
2020-04-28,1271792,1,0,1095558.7142857143,91328.54324311127,0.0
2020-04-29,1214888,2,0,1120963.0,96906.24127993059,0.0
2020-04-30,1185571,3,0,1134206.857142857,98743.57294940097,0.0
2020-05-01,1141321,4,0,1143101.0,95705.86407671595,0.0
2020-05-02,1040145,5,1,1145505.7142857143,92346.92683160747,0.0
2020-05-03,1121352,6,1,1161027.857142857,73514.64509751588,0.0
2020-05-04,1114352,0,0,1155631.5714285714,75632.85391254627,0.0
2020-05-05,1086042,1,0,1129095.857142857,58796.862023527014,0.0
2020-05-06,1092530,2,0,1111616.142857143,45790.124763027794,0.0
2020-05-07,1090722,3,0,1098066.2857142857,32307.035006463673,0.0
2020-05-08,1015632,4,0,1080110.7142857143,38579.11870743256,1.0
2020-05-09,959857,5,1,1068641.0,58981.50481580977,0.0
2020-05-10,965128,6,1,1046323.2857142857,64965.165683173,0.0
2020-05-11,1070541,0,0,1040064.5714285715,59170.97782378674,0.0
2020-05-12,1151267,1,0,1049382.4285714286,71474.3854465109,0.0
2020-05-13,1159838,2,0,1058997.857142857,81999.03629807831,0.0
2020-05-14,1135011,3,0,1065324.857142857,86443.05627297993,0.0
2020-05-15,1103114,4,0,1077822.2857142857,84360.09234965406,0.0
2020-05-16,1009489,5,1,1084912.5714285714,74275.92177116657,0.0
2020-05-17,970931,6,1,1085741.5714285714,72732.52334838331,0.0
2020-05-18,1045394,0,0,1082149.142857143,74214.38546858865,0.0
2020-05-19,1098927,1,0,1074672.0,68507.3167868761,0.0
2020-05-20,1077731,2,0,1062942.4285714286,57666.49044829319,0.0
2020-05-21,1079735,3,0,1055045.857142857,49335.864758613694,0.0
2020-05-22,913771,4,0,1027996.8571428572,67244.16381724278,0.0
2020-05-23,866627,5,1,1007588.0,91207.36928745011,0.0
2020-05-24,898407,6,1,997227.4285714285,99781.48651239366,0.0
2020-05-25,937778,0,0,981853.7142857143,99413.13513268098,1.0
2020-05-26,1067918,1,0,977423.8571428572,93862.8167672381,0.0
2020-05-27,1083532,2,0,978252.5714285715,94915.73274027319,0.0
2020-05-28,1049793,3,0,973975.1428571428,90134.39296857466,0.0
2020-05-29,1005565,4,0,987088.5714285715,86520.61312170827,0.0
2020-05-30,904679,5,1,992524.5714285715,78515.81111442669,0.0
2020-05-31,899868,6,1,992733.2857142857,78225.33009992381,0.0
2020-06-01,1066643,0,0,1011142.5714285715,78300.13138530715,0.0
2020-06-02,1084235,1,0,1013473.5714285715,80484.45227468698,0.0
2020-06-03,1139236,2,0,1021431.2857142857,90674.51944312741,0.0
2020-06-04,1151834,3,0,1036008.5714285715,103315.22241965636,0.0
2020-06-05,1033632,4,0,1040018.1428571428,102478.0557899115,0.0
2020-06-06,967998,5,1,1049063.7142857143,90653.15986536523,0.0
2020-06-07,1029265,6,1,1067549.0,64612.51139423947,0.0
2020-06-08,1164046,0,0,1081463.7142857143,74166.67606305522,0.0
2020-06-09,1183084,1,0,1095585.0,83593.56285227601,0.0
2020-06-10,1237255,2,0,1109587.7142857143,98927.37197009158,0.0
2020-06-11,1121450,3,0,1105247.142857143,97419.90795253446,0.0
2020-06-12,1119589,4,0,1117526.7142857143,92164.05287262968,0.0
2020-06-13,1009727,5,1,1123488.0,81627.67031265066,0.0
2020-06-14,1012038,6,1,1121027.0,85126.56507423198,0.0
2020-06-15,1140402,0,0,1117649.2857142857,83590.35637704992,0.0
2020-06-16,1177238,1,0,1116814.142857143,82853.60268457634,0.0
2020-06-17,1190396,2,0,1110120.0,72781.55175824046,0.0
2020-06-18,1225949,3,0,1125048.4285714286,85157.6069627557,0.0
2020-06-19,1134455,4,0,1127172.142857143,85184.12922495398,0.0
2020-06-20,974408,5,1,1122126.5714285714,93900.06430219581,0.0
2020-06-21,918619,6,1,1108781.0,116155.3848572568,0.0
2020-06-22,1034321,0,0,1093626.5714285714,118243.56755565944,0.0
2020-06-23,1077843,1,0,1079427.2857142857,112350.76008158032,0.0
2020-06-24,1125895,2,0,1070212.857142857,104072.9013791786,0.0
2020-06-25,1138231,3,0,1057681.7142857143,85888.03524109424,0.0
2020-06-26,1162297,4,0,1061659.142857143,90553.8593185305,0.0
2020-06-27,985525,5,1,1063247.2857142857,88850.06004448613,0.0
2020-06-28,842889,6,1,1052428.7142857143,111195.87946461319,0.0
2020-06-29,1031292,0,0,1051996.0,111283.94788559589,0.0
2020-06-30,1172184,1,0,1065473.2857142857,120284.6136360568,0.0
2020-07-01,1190534,2,0,1074707.4285714286,127934.12537040208,0.0
2020-07-02,1195680,3,0,1082914.4285714286,134369.1913930537,0.0
2020-07-03,1092622,4,0,1072960.857142857,130018.97732054436,0.0
2020-07-04,1037722,5,1,1080417.5714285714,125590.03185214619,0.0
2020-07-05,893935,6,1,1087709.857142857,110015.77295164047,0.0
2020-07-06,1070085,0,0,1093251.7142857143,107651.82883525705,0.0
2020-07-07,1217452,1,0,1099718.5714285714,114335.88024160704,0.0
2020-07-08,1258957,2,0,1109493.2857142857,125748.94357107801,0.0
2020-07-09,1254392,3,0,1117880.7142857143,134134.15289145726,0.0
2020-07-10,1146890,4,0,1125633.2857142857,133999.15751939948,0.0
2020-07-11,1009682,5,1,1121627.5714285714,137440.06667740594,0.0
2020-07-12,977484,6,1,1133563.142857143,116386.48877259594,0.0
2020-07-13,1158762,0,0,1146231.2857142857,113105.42537050194,0.0
2020-07-14,1199373,1,0,1143648.5714285714,111401.66235424766,0.0
2020-07-15,1234200,2,0,1140111.857142857,107453.82832708633,0.0
2020-07-16,1194159,3,0,1131507.142857143,98843.99001868349,0.0
2020-07-17,1157134,4,0,1132970.5714285714,99184.94368916648,0.0
2020-07-18,1051554,5,1,1138952.2857142857,91473.16386555956,0.0
2020-07-19,997294,6,1,1141782.2857142857,85773.96513069789,0.0
2020-07-20,1118729,0,0,1136063.2857142857,85787.75468508803,0.0
2020-07-21,1164772,1,0,1131120.2857142857,82464.40720441459,0.0
2020-07-22,1166119,2,0,1121394.4285714286,71577.00650085276,0.0
2020-07-23,1171830,3,0,1118204.5714285714,68212.22379180374,0.0
2020-07-24,1163941,4,0,1119177.0,68904.69990746207,0.0
2020-07-25,1049579,5,1,1118894.857142857,69231.01455619629,0.0
2020-07-26,969145,6,1,1114873.5714285714,77763.16216964893,0.0
2020-07-27,1134934,0,0,1117188.5714285714,78137.37713554966,0.0
2020-07-28,1044946,1,0,1100070.5714285714,79095.22027040015,0.0
2020-07-29,1129302,2,0,1094811.0,75094.12213573977,0.0
2020-07-30,1156966,3,0,1092687.5714285714,72726.10500792076,0.0
2020-07-31,1136669,4,0,1088791.5714285714,68902.80758882847,0.0
2020-08-01,1063656,5,1,1090802.5714285714,67763.61327897973,0.0
2020-08-02,1005589,6,1,1096008.857142857,57478.247915887805,0.0
2020-08-03,1152188,0,0,1098473.7142857143,59750.72468382425,0.0
2020-08-04,1142978,1,0,1112478.2857142857,56514.62009287654,0.0
2020-08-05,1144879,2,0,1114703.5714285714,57584.024627406725,0.0
2020-08-06,1260488,3,0,1129492.4285714286,79405.64004920004,0.0
2020-08-07,1218650,4,0,1141204.0,86379.95239832801,0.0
2020-08-08,1082216,5,1,1143855.4285714286,83850.71892331314,0.0
2020-08-09,1045621,6,1,1149574.2857142857,73585.68563411078,0.0
2020-08-10,1241585,0,0,1162345.2857142857,81451.99990940791,0.0
2020-08-11,1290255,1,0,1183384.857142857,93713.86239228591,0.0
2020-08-12,1302048,2,0,1205837.5714285714,101458.61045580692,0.0
2020-08-13,1288351,3,0,1209818.0,104462.10451963331,0.0
2020-08-14,1266751,4,0,1216689.5714285714,106698.03223094845,0.0
2020-08-15,1157983,5,1,1227513.4285714286,93852.76538612589,0.0
2020-08-16,1139196,6,1,1240881.2857142857,66224.6993317114,0.0
2020-08-17,1259957,0,0,1243505.857142857,66620.1093825806,0.0
2020-08-18,1243771,1,0,1236865.2857142857,63423.63054027187,0.0
2020-08-19,1285037,2,0,1234435.142857143,60780.65772497311,0.0
2020-08-20,1113891,3,0,1209512.2857142857,70049.57671708117,0.0
2020-08-21,1080225,4,0,1182865.7142857143,79488.27234405237,0.0
2020-08-22,973042,5,1,1156445.5714285714,112864.9536745421,0.0
2020-08-23,1059413,6,1,1145048.0,118771.08680849404,0.0
2020-08-24,1218917,0,0,1139185.142857143,113027.55238796286,0.0
2020-08-25,1174723,1,0,1129321.142857143,105115.0273881603,0.0
2020-08-26,1196005,2,0,1116602.2857142857,86950.11716060116,0.0
2020-08-27,1313487,3,0,1145116.0,114329.1691987257,0.0
2020-08-28,1186996,4,0,1160369.0,111311.47592381264,0.0
2020-08-29,1042628,5,1,1170309.857142857,93471.26269686878,0.0
2020-08-30,1071197,6,1,1171993.2857142857,91220.12726134308,0.0
2020-08-31,1130430,0,0,1159352.2857142857,89753.15899310893,1.0
2020-09-01,1228349,1,0,1167013.142857143,93494.42398246922,0.0
2020-09-02,1223594,2,0,1170954.4285714286,95480.69034953213,0.0
2020-09-03,1221443,3,0,1157805.2857142857,77160.69336073229,0.0
2020-09-04,1197444,4,0,1159297.857142857,77916.80507960859,0.0
2020-09-05,1061364,5,1,1161974.4285714286,73433.87915866837,0.0
2020-09-06,1125022,6,1,1169663.7142857143,64635.222963765074,0.0
2020-09-07,1246862,0,0,1186296.857142857,67761.75565523957,0.0
2020-09-08,1255777,1,0,1190215.142857143,71299.33376135942,0.0
2020-09-09,1231407,2,0,1191331.2857142857,71966.97221116294,0.0
2020-09-10,1278217,3,0,1199441.857142857,78800.81742689645,0.0
2020-09-11,1208735,4,0,1201054.857142857,78868.637250898,0.0
2020-09-12,1046545,5,1,1198937.857142857,83316.62520457967,0.0
2020-09-13,1004421,6,1,1181709.142857143,109502.97851115155,0.0
2020-09-14,1243655,0,0,1181251.0,109191.22291956832,0.0
2020-09-15,1316004,1,0,1189854.857142857,118055.35481634756,0.0
2020-09-16,1279283,2,0,1196694.2857142857,122178.67277165147,0.0
2020-09-17,1250482,3,0,1192732.142857143,119515.02256542363,0.0
2020-09-18,1201759,4,0,1191735.5714285714,119388.36092331854,0.0
2020-09-19,1078663,5,1,1196323.857142857,113342.5649383925,0.0
2020-09-20,1113508,6,1,1211907.7142857143,86997.11254926208,0.0
2020-09-21,1282935,0,0,1217519.142857143,90579.20456970466,0.0
2020-09-22,1284480,1,0,1213015.7142857143,85508.35926334321,0.0
2020-09-23,1361641,2,0,1224781.142857143,100498.11130470937,0.0
2020-09-24,1325532,3,0,1235502.5714285714,107459.12416491192,0.0
2020-09-25,1211126,4,0,1236840.7142857143,107026.34756253094,0.0
2020-09-26,1139850,5,1,1245581.7142857143,93612.68452997712,0.0
2020-09-27,1191522,6,1,1256726.5714285714,78729.00783461788,0.0
2020-09-28,1400331,0,0,1273497.4285714286,95878.44620467808,0.0
2020-09-29,1377264,1,0,1286752.2857142857,103740.946982901,0.0
2020-09-30,1371357,2,0,1288140.2857142857,104967.65916974498,0.0
2020-10-01,1388880,3,0,1297190.0,111270.18563390792,0.0
2020-10-02,1379804,4,0,1321286.857142857,107734.06803860702,0.0
2020-10-03,1292876,5,1,1343147.7142857143,75478.84984710923,0.0
2020-10-04,1269996,6,1,1354358.2857142857,51093.73466720228,0.0
2020-10-05,1407092,0,0,1355324.142857143,52160.39739253557,0.0
2020-10-06,1375516,1,0,1355074.4285714286,52041.905550143805,0.0
2020-10-07,1349112,2,0,1351896.5714285714,51558.860521641545,0.0
2020-10-08,1408918,3,0,1354759.142857143,54430.69861589045,0.0
2020-10-09,1359431,4,0,1351848.7142857143,53403.32843786488,0.0
2020-10-10,1262003,5,1,1347438.2857142857,59958.042431707734,0.0
2020-10-11,1257730,6,1,1345686.0,62714.400906046845,0.0
2020-10-12,1496377,0,0,1358441.0,83063.05532147073,0.0
2020-10-13,1449069,1,0,1368948.5714285714,89949.8400162933,0.0
2020-10-14,1426431,2,0,1379994.142857143,91835.49586523669,0.0
2020-10-15,1467376,3,0,1388345.2857142857,97393.83805068204,0.0
2020-10-16,1483049,4,0,1406005.0,102358.07830196434,0.0
2020-10-17,1356730,5,1,1419537.4285714286,84924.10378463498,0.0
2020-10-18,1353083,6,1,1433159.2857142857,58034.878325387275,0.0
2020-10-19,1402239,0,0,1419711.0,51481.181937394074,0.0
2020-10-20,1392229,1,0,1411591.0,50553.107260296725,0.0
2020-10-21,1483529,2,0,1419747.857142857,57478.70611058723,0.0
2020-10-22,1420717,3,0,1413082.2857142857,53610.16738992546,0.0
2020-10-23,1426418,4,0,1404992.142857143,44849.0943291752,0.0
2020-10-24,1269874,5,1,1392584.142857143,66980.86346224012,0.0
2020-10-25,1218544,6,1,1373364.2857142857,94041.149769179,0.0
2020-10-26,1401264,0,0,1373225.0,93991.96439769586,0.0
2020-10-27,1480107,1,0,1385779.0,102442.11839214893,0.0
2020-10-28,1433658,2,0,1378654.5714285714,96045.44018999604,0.0
2020-10-29,1465464,3,0,1385047.0,100688.41912721508,0.0
2020-10-30,1416643,4,0,1383650.5714285714,100085.00051101619,0.0
2020-10-31,1210595,5,1,1375182.142857143,112992.0104718939,0.0
2020-11-01,1197546,6,1,1372182.4285714286,118010.78342941137,0.0
2020-11-02,1352051,0,0,1365152.0,117454.11740478796,0.0
2020-11-03,1515304,1,0,1370180.142857143,123778.57495469038,0.0
2020-11-04,1565356,2,0,1388994.142857143,143476.60924280976,0.0
2020-11-05,1561389,3,0,1402697.7142857143,156029.40803336565,0.0
2020-11-06,1519293,4,0,1417362.0,162257.9005554771,0.0
2020-11-07,1398706,5,1,1444235.0,135711.768649607,0.0
2020-11-08,1386066,6,1,1471166.4285714286,89402.7980786407,0.0
2020-11-09,1504179,0,0,1492899.0,72517.09424683607,0.0
2020-11-10,1484366,1,0,1488479.2857142857,71863.83500697179,0.0
2020-11-11,1402890,2,0,1465269.857142857,69078.72115550975,0.0
2020-11-12,1385939,3,0,1440205.5714285714,59565.348766069576,0.0
2020-11-13,1383545,4,0,1420813.0,51008.62811333437,0.0
2020-11-14,1285205,5,1,1404598.5714285714,72654.13180466855,0.0
2020-11-15,1240918,6,1,1383863.142857143,95838.32260886359,0.0
2020-11-16,1408992,0,0,1370265.0,81620.1486971063,0.0
2020-11-17,1390969,1,0,1356922.5714285714,65998.19019455591,0.0
2020-11-18,1371237,2,0,1352400.7142857143,63355.261140985625,0.0
2020-11-19,1501201,3,0,1368866.7142857143,84854.91442599244,0.0
2020-11-20,1521353,4,0,1388553.5714285714,102896.18381629519,0.0
2020-11-21,1284153,5,1,1388403.2857142857,103072.90450732363,0.0
2020-11-22,1341070,6,1,1402710.7142857143,84458.82104064604,0.0
2020-11-23,1514673,0,0,1417808.0,94604.75439957794,0.0
2020-11-24,1464882,1,0,1428367.0,95232.64454134312,0.0
2020-11-25,1590326,2,0,1459665.4285714286,108416.84899939167,0.0
2020-11-26,1618043,3,0,1476357.142857143,123782.89935668577,0.0
2020-11-27,1630498,4,0,1491949.2857142857,136605.3984337466,0.0
2020-11-28,1483401,5,1,1520413.2857142857,102622.76473201602,0.0
2020-11-29,1482809,6,1,1540661.7142857143,70200.50712477852,0.0
2020-11-30,1551184,0,0,1545877.5714285714,69298.31199211882,0.0
2020-12-01,1645328,1,0,1571655.5714285714,67690.60057071254,0.0
2020-12-02,1669608,2,0,1582981.5714285714,77287.61205366034,0.0
2020-12-03,1725332,3,0,1598308.5714285714,94189.67751275684,0.0
2020-12-04,1651037,4,0,1601242.7142857143,95667.85911636947,0.0
2020-12-05,1543414,5,1,1609816.0,85495.63105994422,0.0
2020-12-06,1582811,6,1,1624102.0,67115.42419100189,0.0
2020-12-07,1753604,0,0,1653019.142857143,73741.89922615928,0.0
2020-12-08,1748438,1,0,1667749.142857143,81806.68323236836,0.0
2020-12-09,1746941,2,0,1678796.7142857143,87146.95785038237,0.0
2020-12-10,1692678,3,0,1674131.857142857,85090.52493950822,0.0
2020-12-11,1647078,4,0,1673566.2857142857,85282.55416502042,0.0
2020-12-12,1517099,5,1,1669807.0,92269.67061104934,0.0
2020-12-13,1465333,6,1,1653024.4285714286,117864.24565415883,0.0
2020-12-14,1538163,0,0,1622247.142857143,115324.24636279947,0.0
2020-12-15,1604375,1,0,1601666.7142857143,101018.55735247959,0.0
2020-12-16,1583277,2,0,1578286.142857143,78140.36434187477,0.0
2020-12-17,1562960,3,0,1559755.0,59695.1563110837,0.0
2020-12-18,1463251,4,0,1533494.0,55138.16730424887,0.0
2020-12-19,1308314,5,1,1503667.5714285714,102022.24467221352,0.0
2020-12-20,1346667,6,1,1486715.2857142857,118053.10286297443,0.0
2020-12-21,1543928,0,0,1487538.857142857,118491.13191492764,0.0
2020-12-22,1574542,1,0,1483277.0,114041.37309183563,0.0
2020-12-23,1501446,2,0,1471586.857142857,105992.22073725075,0.0
2020-12-24,1412418,3,0,1450080.857142857,99432.096854155,0.0
2020-12-25,1386317,4,0,1439090.2857142857,101953.64919205171,1.0
2020-12-26,1214724,5,1,1425720.2857142857,125401.8703086571,0.0
2020-12-27,1305266,6,1,1419805.857142857,130619.50094892933,0.0
2020-12-28,1503702,0,0,1414059.2857142857,125013.21198541076,1.0
2020-12-29,1549010,1,0,1410411.857142857,119814.917394068,0.0
2020-12-30,1587679,2,0,1422730.857142857,134293.0917960688,0.0
2020-12-31,1587810,3,0,1447786.857142857,147737.35335434775,0.0
2021-01-01,1467769,4,0,1459422.857142857,145276.12827582547,1.0
2021-01-02,1503966,5,1,1500743.142857143,97284.73628896863,0.0
2021-01-03,1505674,6,1,1529372.857142857,46298.480322226154,0.0
2021-01-04,1684085,0,0,1555141.857142857,72445.22113855608,0.0
2021-01-05,1725007,1,0,1580284.2857142857,96506.85250234613,0.0
2021-01-06,1785909,2,0,1608602.857142857,124160.30390244602,0.0
2021-01-07,1800929,3,0,1639048.4285714286,142923.73197603453,0.0
2021-01-08,1781669,4,0,1683891.2857142857,128770.44876928555,0.0
2021-01-09,1638033,5,1,1703043.7142857143,105398.55797990429,0.0
2021-01-10,1581067,6,1,1713814.142857143,83431.2450812926,0.0
2021-01-11,1602838,0,0,1702207.4285714286,93321.58339825539,0.0
2021-01-12,1679252,1,0,1695671.0,93060.52199333401,0.0
2021-01-13,1731726,2,0,1687930.5714285714,86312.64030811186,0.0
2021-01-14,1712135,3,0,1675245.7142857143,72330.37808032792,0.0
2021-01-15,1741986,4,0,1669576.7142857143,63631.08337316889,0.0
2021-01-16,1469095,5,1,1645442.7142857143,99510.67847845839,0.0
2021-01-17,1444543,6,1,1625939.2857142857,124477.59324168783,0.0
2021-01-18,1619885,0,0,1628374.5714285714,124116.54333310036,0.0
2021-01-19,1583631,1,0,1614714.4285714286,122839.17392248024,0.0
2021-01-20,1574613,2,0,1592269.7142857143,111748.85251421164,0.0
2021-01-21,1567373,3,0,1571589.4285714286,98476.11924704011,0.0
2021-01-22,1602975,4,0,1551730.7142857143,67545.98332427282,0.0
2021-01-23,1567332,5,1,1565764.5714285714,56878.31161896353,0.0
2021-01-24,1608065,6,1,1589124.857142857,21156.520794964676,0.0
2021-01-25,1685359,0,0,1598478.2857142857,41609.30928181449,0.0
2021-01-26,1772001,1,0,1625388.2857142857,76603.5916188643,0.0
2021-01-27,1691165,2,0,1642038.5714285714,76394.24487021727,0.0
2021-01-28,1584642,3,0,1644505.5714285714,73816.55203695208,0.0
2021-01-29,1535686,4,0,1634892.857142857,83828.576033561,0.0
2021-01-30,1451766,5,1,1618383.4285714286,107413.8637279069,0.0
2021-01-31,1560714,6,1,1611619.0,109639.87967586565,0.0
2021-02-01,1722114,0,0,1616869.7142857143,114530.9177423709,0.0
2021-02-02,1614844,1,0,1594418.7142857143,92298.46750033129,0.0
2021-02-03,1606109,2,0,1582267.857142857,82520.05644375873,0.0
2021-02-04,1636378,3,0,1589658.7142857143,85046.31670787615,0.0
2021-02-05,1569739,4,0,1594523.4285714286,82376.51255843903,0.0
2021-02-06,1446141,5,1,1593719.857142857,84012.38057065046,0.0
2021-02-07,1458306,6,1,1579090.142857143,98402.07217913546,0.0
2021-02-08,1715810,0,0,1578189.5714285714,96892.22988948759,0.0
2021-02-09,1775852,1,0,1601190.7142857143,122713.85808963497,0.0
2021-02-10,1781655,2,0,1626268.7142857143,140530.5258057591,0.0
2021-02-11,1793822,3,0,1648760.7142857143,154339.262420735,0.0
2021-02-12,1705370,4,0,1668136.5714285714,151248.06366129394,0.0
2021-02-13,1568729,5,1,1685649.142857143,126299.15609700116,0.0
2021-02-14,1520410,6,1,1694521.142857143,108610.11618390502,0.0
2021-02-15,1592907,0,0,1676963.5714285714,114376.04965911429,0.0
2021-02-16,1514903,1,0,1639685.142857143,119197.47149365743,0.0
2021-02-17,1488665,2,0,1597829.4285714286,112276.86073997649,0.0
2021-02-18,1433311,3,0,1546327.857142857,87295.38266988206,0.0
2021-02-19,1439427,4,0,1508336.0,60211.60547329364,0.0
2021-02-20,1253186,5,1,1463258.4285714286,107224.77988766026,0.0
2021-02-21,1339713,6,1,1437444.5714285714,112779.72985111497,0.0
2021-02-22,1522148,0,0,1427336.142857143,98831.88302102171,0.0
2021-02-23,1354616,1,0,1404438.0,93591.69896597677,0.0
2021-02-24,1351892,2,0,1384899.0,87131.05419618182,0.0
2021-02-25,1437329,3,0,1385473.0,87515.52286692521,0.0
2021-02-26,1466192,4,0,1389296.5714285714,90789.11958649212,0.0
2021-02-27,1338504,5,1,1401484.857142857,73563.92108101772,0.0
2021-02-28,1344359,6,1,1402148.5714285714,72931.95517254694,0.0
2021-03-01,1557510,0,0,1407200.2857142857,83139.53373842547,0.0
2021-03-02,1595765,1,0,1441650.142857143,104846.78360261844,0.0
2021-03-03,1650706,2,0,1484337.857142857,121688.96740658568,0.0
2021-03-04,1624006,3,0,1511006.0,129851.36201700623,0.0
2021-03-05,1612439,4,0,1531898.4285714286,133162.2826965555,0.0
2021-03-06,1474912,5,1,1551385.2857142857,107688.62987602949,0.0
2021-03-07,1433078,6,1,1564059.4285714286,81233.55179536832,0.0
2021-03-08,1569848,0,0,1565822.0,81201.60667748562,0.0
2021-03-09,1488688,1,0,1550525.2857142857,84633.86831272973,0.0
2021-03-10,1471382,2,0,1524907.5714285714,75950.60144127048,0.0
2021-03-11,1363982,3,0,1487761.2857142857,82692.78319323297,0.0
2021-03-12,1362126,4,0,1452002.2857142857,73390.88086342636,0.0
2021-03-13,1274229,5,1,1423333.2857142857,98015.67352678647,0.0
2021-03-14,1283433,6,1,1401955.4285714286,110995.85172109139,0.0
2021-03-15,1489083,0,0,1390417.5714285714,93445.0977185204,0.0
2021-03-16,1457081,1,0,1385902.2857142857,88540.14030131305,0.0
2021-03-17,1501685,2,0,1390231.2857142857,93989.19472777819,0.0
2021-03-18,1516358,3,0,1411999.2857142857,104007.86399872003,0.0
2021-03-19,1465838,4,0,1426815.2857142857,103102.27945868253,0.0
2021-03-20,1358530,5,1,1438858.2857142857,85776.40399264604,0.0
2021-03-21,1330850,6,1,1445632.142857143,72264.70236900628,0.0
2021-03-22,1453075,0,0,1440488.142857143,69899.1144851949,0.0
2021-03-23,1416644,1,0,1434711.4285714286,69970.1656419165,0.0
2021-03-24,1402459,2,0,1420536.2857142857,63931.16302380434,0.0
2021-03-25,1350389,3,0,1396826.4285714286,52164.64498384397,0.0
2021-03-26,1308166,4,0,1374301.857142857,51435.204375481575,0.0
2021-03-27,1195566,5,1,1351021.2857142857,85417.93488826609,0.0
2021-03-28,1116805,6,1,1320443.4285714286,123614.11185468917,0.0
2021-03-29,1216124,0,0,1286593.2857142857,113249.92725196734,0.0
2021-03-30,1280655,1,0,1267166.2857142857,97837.86995454525,0.0
2021-03-31,1293463,2,0,1251595.4285714286,79711.69956133637,0.0
2021-04-01,1291261,3,0,1243148.5714285714,70044.59569176908,0.0
2021-04-02,1230604,4,0,1232068.2857142857,63911.61011826477,1.0
2021-04-03,1228290,5,1,1236743.142857143,61963.755538867415,0.0
2021-04-04,1072762,6,1,1230451.2857142857,76664.40595158278,0.0
2021-04-05,1114371,0,0,1215915.142857143,88557.75169428787,1.0
2021-04-06,1368425,1,0,1228453.7142857143,104101.19221175653,0.0
2021-04-07,1511490,2,0,1259600.4285714286,149507.44487914338,0.0
2021-04-08,1352874,3,0,1268402.2857142857,153443.86322335983,0.0
2021-04-09,1414602,4,0,1294687.7142857143,161441.05979864358,0.0
2021-04-10,1331087,5,1,1309373.0,159052.37237884197,0.0
2021-04-11,1299137,6,1,1341712.2857142857,121507.98843934486,0.0
2021-04-12,1471188,0,0,1392686.142857143,76894.63477478441,0.0
2021-04-13,1478436,1,0,1408402.0,82170.78447764344,0.0
2021-04-14,1449972,2,0,1399613.7142857143,71963.55365212822,0.0
2021-04-15,1437561,3,0,1411711.857142857,69884.85589749893,0.0
2021-04-16,1411496,4,0,1411268.142857143,69873.30677123793,0.0
2021-04-17,1233963,5,1,1397393.2857142857,93945.188260191,0.0
2021-04-18,1214846,6,1,1385351.7142857143,112255.96355758875,0.0
2021-04-19,1332282,0,0,1365508.0,106693.11425612813,0.0
2021-04-20,1356204,1,0,1348046.2857142857,94428.08087768486,0.0
2021-04-21,1346699,2,0,1333293.0,83255.95336073247,0.0
2021-04-22,1322552,3,0,1316863.142857143,69454.1748647788,0.0
2021-04-23,1263311,4,0,1295693.857142857,57327.68119457833,0.0
2021-04-24,1118856,5,1,1279250.0,86878.17535494347,0.0
2021-04-25,1122933,6,1,1266119.5714285714,103575.39629801078,0.0
2021-04-26,1309284,0,0,1262834.142857143,101470.2903669203,0.0
2021-04-27,1386901,1,0,1267219.4285714286,106706.26244176105,0.0
2021-04-28,1390263,2,0,1273442.857142857,113187.86700207967,0.0
2021-04-29,1422338,3,0,1287698.0,125965.96854443524,0.0
2021-04-30,1380797,4,0,1304481.7142857143,129939.34351807814,0.0
2021-05-01,1248296,5,1,1322973.142857143,106153.81617797473,0.0
2021-05-02,1191658,6,1,1332791.0,85794.9803232746,0.0
2021-05-03,1253329,0,0,1324797.4285714286,90810.261899689,1.0
2021-05-04,1300116,1,0,1312399.5714285714,86751.93878500209,0.0
2021-05-05,1382563,2,0,1311299.5714285714,85641.80881024222,0.0
2021-05-06,1401779,3,0,1308362.5714285714,81449.09360017505,0.0
2021-05-07,1349158,4,0,1303842.7142857143,77543.80039635093,0.0
2021-05-08,1238269,5,1,1302410.2857142857,78822.96350625949,0.0
2021-05-09,1134540,6,1,1294250.5714285714,93743.13746415467,0.0
2021-05-10,1242713,0,0,1292734.0,94597.48170364271,0.0
2021-05-11,1294745,1,0,1291966.7142857143,94549.39659022566,0.0
2021-05-12,1335840,2,0,1285292.0,88546.452885878,0.0
2021-05-13,1363916,3,0,1279883.0,81086.94629020759,0.0
2021-05-14,1366528,4,0,1282364.4285714286,83781.24803890621,0.0
2021-05-15,1231877,5,1,1281451.2857142857,84374.68217367759,0.0
2021-05-16,1199530,6,1,1290735.5714285714,67378.66552272606,0.0
2021-05-17,1337622,0,0,1304294.0,65631.1160020231,0.0
2021-05-18,1323582,1,0,1308413.5714285714,65836.54986370966,0.0
2021-05-19,1306086,2,0,1304163.0,64721.76976621555,0.0
2021-05-20,1332645,3,0,1299695.7142857143,60874.94245507842,0.0
2021-05-21,1285260,4,0,1288086.0,53280.52941119937,0.0
2021-05-22,1222462,5,1,1286741.0,55026.18074763152,0.0
2021-05-23,1169786,6,1,1282491.857142857,63395.0713185224,0.0
2021-05-24,1323618,0,0,1280491.2857142857,61559.756033541205,0.0
2021-05-25,1348796,1,0,1284093.2857142857,65135.14781520889,0.0
2021-05-26,1351576,2,0,1290591.857142857,69797.49531905763,0.0
2021-05-27,1300276,3,0,1285967.7142857143,67584.24253657389,0.0
2021-05-28,1286440,4,0,1286136.2857142857,67583.65472441625,0.0
2021-05-29,1118973,5,1,1271352.142857143,91071.81743445051,0.0
2021-05-30,1021189,6,1,1250124.0,128371.81278745622,0.0
2021-05-31,1047590,0,0,1210691.4285714286,143532.8610479964,1.0
2021-06-01,1157542,1,0,1183369.4285714286,130471.35095730198,0.0
2021-06-02,1196399,2,0,1161201.2857142857,108453.50284757612,0.0
2021-06-03,1241084,3,0,1152745.2857142857,97563.58440819955,0.0
2021-06-04,1217558,4,0,1142905.0,84420.09117110565,0.0
2021-06-05,1070077,5,1,1135919.857142857,88647.37463200657,0.0
2021-06-06,1097051,6,1,1146757.2857142857,76021.50095362857,0.0
2021-06-07,1232678,0,0,1173198.4285714286,67490.60673128387,0.0
2021-06-08,1208445,1,0,1180470.2857142857,68260.44447488748,0.0
2021-06-09,1215074,2,0,1183138.142857143,69343.10894732528,0.0
2021-06-10,1251086,3,0,1184567.0,70823.3695565084,0.0
2021-06-11,1188696,4,0,1180443.857142857,69408.61913682352,0.0
2021-06-12,1038304,5,1,1175904.857142857,78298.59156766887,0.0
2021-06-13,1023052,6,1,1165333.5714285714,94116.78669587492,0.0
2021-06-14,1188520,0,0,1159025.2857142857,90251.12590013788,0.0
2021-06-15,1198086,1,0,1157545.4285714286,89386.51628157808,0.0
2021-06-16,1241845,2,0,1161369.857142857,92766.90608983695,0.0
2021-06-17,1311882,3,0,1170055.0,104651.07907233654,0.0
2021-06-18,1290978,4,0,1184666.7142857143,114376.17743907974,0.0
2021-06-19,1155902,5,1,1201466.4285714286,96541.1929763152,0.0
2021-06-20,1147363,6,1,1219225.142857143,64302.77440474293,0.0
2021-06-21,1279643,0,0,1232242.7142857143,66244.99009919536,0.0
2021-06-22,1250963,1,0,1239796.5714285714,64697.67505062893,0.0
2021-06-23,1226500,2,0,1237604.4285714286,64876.42003807527,0.0
2021-06-24,1280308,3,0,1233093.857142857,59746.2967818697,0.0
2021-06-25,1211092,4,0,1221681.5714285714,54221.06869372939,0.0
2021-06-26,1086543,5,1,1211773.142857143,71749.31882938405,0.0
2021-06-27,1122860,6,1,1208272.7142857143,75893.45380581809,0.0
2021-06-28,1295766,0,0,1210576.0,78616.28273882632,0.0
2021-06-29,1295253,1,0,1216903.142857143,84005.92724413719,0.0
2021-06-30,1269323,2,0,1223020.7142857143,86347.88538952479,0.0
2021-07-01,1258641,3,0,1219925.4285714286,84316.51673084853,0.0
2021-07-02,1238429,4,0,1223830.7142857143,84472.12938937814,0.0
2021-07-03,1157729,5,1,1234000.142857143,67836.6212023216,0.0
2021-07-04,1115701,6,1,1232977.4285714286,69816.51821231224,0.0
2021-07-05,1234875,0,0,1224278.7142857143,64261.96380889587,0.0
2021-07-06,1237895,1,0,1216084.7142857143,56943.923450260925,0.0
2021-07-07,1257252,2,0,1214360.2857142857,55219.678372622235,0.0
2021-07-08,1266410,3,0,1215470.142857143,56325.017971418405,0.0
2021-07-09,1264349,4,0,1219173.0,58879.96460883576,0.0
2021-07-10,1157538,5,1,1219145.7142857143,58913.21904781513,0.0
2021-07-11,1116641,6,1,1219280.0,58638.56180027285,0.0
2021-07-12,1271396,0,0,1224497.2857142857,61797.004403470215,0.0
2021-07-13,1255161,1,0,1226963.857142857,62757.994607438515,0.0
2021-07-14,1229093,2,0,1222941.142857143,61380.34615260772,0.0
2021-07-15,1239168,3,0,1219049.4285714286,58981.681667193356,0.0
2021-07-16,1187785,4,0,1208111.7142857143,56215.37571319649,0.0
2021-07-17,1069920,5,1,1195594.857142857,75722.69379219989,0.0
2021-07-18,1067613,6,1,1188590.857142857,85834.92900026539,0.0
2021-07-19,1267263,0,0,1188000.4285714286,85182.14245147543,0.0
2021-07-20,1290439,1,0,1193040.142857143,90683.8021891484,0.0
2021-07-21,1290715,2,0,1201843.2857142857,97501.63572769346,0.0
2021-07-22,1273731,3,0,1206780.857142857,100534.79141146739,0.0
2021-07-23,1224703,4,0,1212054.857142857,100340.35478384186,0.0
2021-07-24,1107120,5,1,1217369.142857143,92213.9143413143,0.0
2021-07-25,1099404,6,1,1221910.7142857143,84028.69301361186,0.0
2021-07-26,1219759,0,0,1215124.4285714286,81639.81038249726,0.0
2021-07-27,1263825,1,0,1211322.4285714286,78090.36047611837,0.0
2021-07-28,1187032,2,0,1196510.5714285714,69928.21692485883,0.0
2021-07-29,1128799,3,0,1175806.0,64499.14793239061,0.0
2021-07-30,1212622,4,0,1174080.142857143,63119.58448173804,0.0
2021-07-31,1096220,5,1,1172523.0,65148.62486144846,0.0
2021-08-01,1090114,6,1,1171195.857142857,66955.93811216892,0.0
2021-08-02,1216539,0,0,1170735.857142857,66576.68066583521,0.0
2021-08-03,1213532,1,0,1163551.142857143,56861.39132557867,0.0
2021-08-04,1188825,2,0,1163807.2857142857,56988.690222205485,0.0
2021-08-05,1193501,3,0,1173050.4285714286,55594.29174795542,0.0
2021-08-06,1133140,4,0,1161695.857142857,54266.01245543963,0.0
2021-08-07,1057368,5,1,1156145.5714285714,63311.893108299875,0.0
2021-08-08,1022634,6,1,1146505.5714285714,78384.776300143,0.0
2021-08-09,1196818,0,0,1143688.2857142857,75758.54032544784,0.0
2021-08-10,1213512,1,0,1143685.4285714286,75755.4675559689,0.0
2021-08-11,1213392,2,0,1147195.0,78706.78786697969,0.0
2021-08-12,1198920,3,0,1147969.142857143,79262.8387569732,0.0
2021-08-13,1134597,4,0,1148177.2857142857,79219.30857799655,0.0
2021-08-14,1078021,5,1,1151127.7142857143,75574.28570778889,0.0
2021-08-15,1081867,6,1,1159589.5714285714,60627.31330258768,0.0
2021-08-16,1196845,0,0,1159593.4285714286,60630.07734029475,0.0
2021-08-17,1252337,1,0,1165139.857142857,67743.21033245522,0.0
2021-08-18,1247920,2,0,1170072.4285714286,72902.7048100649,0.0
2021-08-19,1298733,3,0,1184331.4285714286,87737.25254772608,0.0
2021-08-20,1288902,4,0,1206375.0,92418.44210079372,0.0
2021-08-21,1193570,5,1,1222882.0,74194.40905264429,0.0
2021-08-22,1137753,6,1,1230865.7142857143,57654.72019915228,0.0
2021-08-23,1269350,0,0,1241223.5714285714,57033.66751568904,0.0
2021-08-24,1268677,1,0,1243557.857142857,57892.24991148621,0.0
2021-08-25,1283631,2,0,1248659.4285714286,59880.04936223334,0.0
2021-08-26,1248542,3,0,1241489.2857142857,55747.191952383386,0.0
2021-08-27,1254859,4,0,1236626.0,52299.96719569826,0.0
2021-08-28,1113867,5,1,1225239.857142857,69185.93620681856,0.0
2021-08-29,1080464,6,1,1217055.7142857143,83223.9948286703,0.0
2021-08-30,1156869,0,0,1200987.0,82297.95774909067,1.0
2021-08-31,1272393,1,0,1201517.857142857,82817.7025851396,0.0
2021-09-01,1301701,2,0,1204099.2857142857,86023.32884887996,0.0
2021-09-02,1307589,3,0,1212534.5714285714,93663.37458485841,0.0
2021-09-03,1289408,4,0,1217470.142857143,97112.14663202867,0.0
2021-09-04,1161815,5,1,1224319.857142857,90018.57933864156,0.0
2021-09-05,1118823,6,1,1229799.7142857143,80462.1496413637,0.0
2021-09-06,1294245,0,0,1249424.857142857,76357.958861409,0.0
2021-09-07,1287826,1,0,1251629.5714285714,77348.03824245847,0.0
2021-09-08,1302053,2,0,1251679.857142857,77386.12128894494,0.0
2021-09-09,1336430,3,0,1255800.0,81516.45644492756,0.0
2021-09-10,1327773,4,0,1261280.7142857143,85352.15627959183,0.0
2021-09-11,1132834,5,1,1257140.5714285714,91465.00979586031,0.0
2021-09-12,1158281,6,1,1262777.4285714286,82274.06769424267,0.0
2021-09-13,1311085,0,0,1265183.142857143,83583.32615508488,0.0
2021-09-14,1357829,1,0,1275183.5714285714,90634.36648768214,0.0
2021-09-15,1315719,2,0,1277135.857142857,91453.0892250992,0.0
2021-09-16,1300764,3,0,1272040.7142857143,88546.38668089474,0.0
2021-09-17,1253222,4,0,1261390.5714285714,85143.85190345118,0.0
2021-09-18,1161434,5,1,1265476.2857142857,78362.96509135682,0.0
2021-09-19,1151983,6,1,1264576.5714285714,79821.4215292914,0.0
2021-09-20,1264730,0,0,1257954.4285714286,77199.71523019692,0.0
2021-09-21,1269711,1,0,1245366.142857143,64307.605282325065,0.0
2021-09-22,1216107,2,0,1231135.857142857,56718.418958459544,0.0
2021-09-23,1223691,3,0,1220125.4285714286,47715.5026410727,0.0
2021-09-24,1215489,4,0,1214735.0,45430.04061563059,0.0
2021-09-25,1208855,5,1,1221509.4285714286,39276.07236758212,0.0
2021-09-26,1098963,6,1,1213935.142857143,56329.05322135312,0.0
2021-09-27,1192176,0,0,1203570.2857142857,51928.00201794741,0.0
2021-09-28,1304597,1,0,1208554.0,60328.33140135058,0.0
2021-09-29,1257393,2,0,1214452.0,63142.35332699578,0.0
2021-09-30,1323654,3,0,1228732.4285714286,75646.04407341385,0.0
2021-10-01,1212008,4,0,1228235.142857143,75758.97192509512,0.0
2021-10-02,1232215,5,1,1231572.2857142857,75275.96410481402,0.0
2021-10-03,1117625,6,1,1234238.2857142857,69937.86885926616,0.0
2021-10-04,1336461,0,0,1254850.4285714286,76435.22029333182,0.0
2021-10-05,1325174,1,0,1257790.0,79019.25205925734,0.0
2021-10-06,1340399,2,0,1269648.0,84954.94619701528,0.0
2021-10-07,1352438,3,0,1273760.0,88622.07546281995,0.0
2021-10-08,1364599,4,0,1295558.7142857143,89661.73502062708,0.0
2021-10-09,1221394,5,1,1294012.857142857,91018.87290271494,0.0
2021-10-10,1170631,6,1,1301585.142857143,74627.56561182492,0.0
2021-10-11,1332571,0,0,1301029.4285714286,74338.50224675024,0.0
2021-10-12,1406317,1,0,1312621.2857142857,84379.29426252893,0.0
2021-10-13,1402475,2,0,1321489.2857142857,90802.7077362918,0.0
2021-10-14,1349173,3,0,1321022.857142857,90625.44953900747,0.0
2021-10-15,1388912,4,0,1324496.142857143,93008.46029697434,0.0
2021-10-16,1296097,5,1,1335168.0,82948.45973055181,0.0
2021-10-17,1236764,6,1,1344615.5714285714,62274.671731692055,0.0
2021-10-18,1416327,0,0,1356580.7142857143,67409.3381481802,0.0
2021-10-19,1364268,1,0,1350573.7142857143,64027.23524596684,0.0
2021-10-20,1335449,2,0,1340998.5714285714,59847.237638479804,0.0
2021-10-21,1326135,3,0,1337707.4285714286,59956.14264018334,0.0
2021-10-22,1397056,4,0,1338870.857142857,61181.83836575866,0.0
2021-10-23,1276123,5,1,1336017.4285714286,63914.00526454807,0.0
2021-10-24,1171597,6,1,1326707.857142857,82750.78833550264,0.0
2021-10-25,1353676,0,0,1317757.7142857143,74410.02663558906,0.0
2021-10-26,1363763,1,0,1317685.5714285714,74357.64429178322,0.0
2021-10-27,1312393,2,0,1314391.857142857,73949.18033001114,0.0
2021-10-28,1349205,3,0,1317687.5714285714,75065.42592048192,0.0
2021-10-29,1352839,4,0,1311370.857142857,68878.97397232705,0.0
2021-10-30,1244104,5,1,1306796.7142857143,72573.91346006554,0.0
2021-10-31,1212539,6,1,1312645.5714285714,60508.852712833366,0.0
2021-11-01,1402563,0,0,1319629.4285714286,68347.34280099475,0.0
2021-11-02,1513451,1,0,1341013.4285714286,100371.19178308423,0.0
2021-11-03,1533531,2,0,1372604.5714285714,122273.01492134985,0.0
2021-11-04,1546825,3,0,1400836.0,137798.3211932239,0.0
2021-11-05,1558959,4,0,1430281.7142857143,147512.7590150842,0.0
2021-11-06,1276310,5,1,1434882.5714285714,141101.0611416155,0.0
2021-11-07,1239973,6,1,1438801.7142857143,134103.5770374612,0.0
2021-11-08,1533612,0,0,1457523.0,137310.4489457042,0.0
2021-11-09,1468439,1,0,1451092.7142857143,135293.960316942,0.0
2021-11-10,1543283,2,0,1452485.857142857,136330.55789078874,0.0
2021-11-11,1514727,3,0,1447900.4285714286,133130.90612359662,0.0
2021-11-12,1389696,4,0,1423720.0,124702.26296264313,0.0
2021-11-13,1359180,5,1,1435558.5714285714,111623.30059455884,0.0
2021-11-14,1377981,6,1,1455274.0,78633.26430125389,0.0
2021-11-15,1543440,0,0,1456678.0,80334.45123152861,0.0
2021-11-16,1542200,1,0,1467215.2857142857,86718.12090470061,0.0
2021-11-17,1492018,2,0,1459891.7142857143,81213.3297243066,0.0
2021-11-18,1457850,3,0,1451766.4285714286,77576.57261456728,0.0
2021-11-19,1466315,4,0,1462712.0,72605.13274099508,0.0
2021-11-20,1342432,5,1,1460319.4285714286,76743.473546332,0.0
2021-11-21,1336615,6,1,1454410.0,85260.46739064266,0.0
2021-11-22,1615501,0,0,1464704.4285714286,100745.7413175526,0.0
2021-11-23,1675704,1,0,1483776.4285714286,127061.20154328477,0.0
2021-11-24,1657621,2,0,1507434.0,143238.461047784,0.0
2021-11-25,1600787,3,0,1527853.5714285714,145167.16663427462,0.0
2021-11-26,1528503,4,0,1536737.5714285714,142654.58597824068,0.0
2021-11-27,1469905,5,1,1554948.0,120064.27789454098,0.0
2021-11-28,1562959,6,1,1587282.857142857,72535.80872562488,0.0
2021-11-29,1749284,0,0,1606394.7142857143,95271.47736989468,0.0
2021-11-30,1599218,1,0,1595468.142857143,90251.4310144006,0.0
2021-12-01,1562892,2,0,1581935.4285714286,86398.50668244579,0.0
2021-12-02,1684801,3,0,1593937.4285714286,94873.44179988747,0.0
2021-12-03,1680854,4,0,1615701.857142857,94835.65894296892,0.0
2021-12-04,1444164,5,1,1612024.5714285714,101683.06079164142,0.0
2021-12-05,1488048,6,1,1601323.0,111203.8396054932,0.0
2021-12-06,1699919,0,0,1594270.857142857,101388.97731088477,0.0
2021-12-07,1701127,1,0,1608829.2857142857,109231.00480743714,0.0
2021-12-08,1662698,2,0,1623087.2857142857,108748.21429909718,0.0
2021-12-09,1701974,3,0,1625540.5714285714,110551.22912307813,0.0
2021-12-10,1626398,4,0,1617761.142857143,107894.21424469643,0.0
2021-12-11,1550924,5,1,1633012.5714285714,84211.99632251528,0.0
2021-12-12,1394373,6,1,1619630.4285714286,113453.74079166945,0.0
2021-12-13,1592841,0,0,1604333.5714285714,107907.34428954923,0.0
2021-12-14,1579896,1,0,1587014.857142857,99156.9729779359,0.0
2021-12-15,1559795,2,0,1572314.4285714286,93535.10575334779,0.0
2021-12-16,1623988,3,0,1561173.5714285714,79038.6178667741,0.0
2021-12-17,1627518,4,0,1561333.5714285714,79193.64095445591,0.0
2021-12-18,1517595,5,1,1556572.2857142857,80907.159929817,0.0
2021-12-19,1537617,6,1,1577035.7142857143,41623.79602954309,0.0
2021-12-20,1681778,0,0,1589741.0,57715.4106226196,0.0
2021-12-21,1698103,1,0,1606627.7142857143,70280.0148494746,0.0
2021-12-22,1705661,2,0,1627465.7142857143,75509.84016167956,0.0
2021-12-23,1606555,3,0,1624975.2857142857,75929.97168603707,0.0
2021-12-24,1460782,4,0,1601155.857142857,97957.11394694007,0.0
2021-12-25,1245547,5,1,1562291.857142857,166571.27903537403,1.0
2021-12-26,1304818,6,1,1529034.857142857,193398.41786274713,0.0
2021-12-27,1410039,0,0,1490215.0,184706.23764869862,0.0
2021-12-28,1390954,1,0,1446336.5714285714,162201.76503239176,1.0
2021-12-29,1359718,2,0,1396916.142857143,116199.14071604404,0.0
2021-12-30,1293319,3,0,1352168.142857143,75034.07545340297,0.0
2021-12-31,1247947,4,0,1321763.142857143,66300.45670390927,0.0
2022-01-01,1100183,5,1,1300996.857142857,105391.88162510558,0.0
2022-01-02,1185658,6,1,1283974.0,113947.86779636289,0.0
2022-01-03,1289944,0,0,1266817.5714285714,99989.62849360803,1.0
2022-01-04,1540810,1,0,1288225.5714285714,139308.67142532722,0.0
2022-01-05,1644966,2,0,1328975.2857142857,194495.17009403827,0.0
2022-01-06,1692797,3,0,1386043.5714285714,236385.12769551136,0.0
2022-01-07,1655324,4,0,1444240.2857142857,246644.43194926504,0.0
2022-01-08,1497977,5,1,1501068.0,194468.22778285466,0.0
2022-01-09,1492125,6,1,1544849.0,137892.72830962093,0.0
2022-01-10,1702068,0,0,1603723.857142857,90888.15510916231,0.0
2022-01-11,1677360,1,0,1623231.0,89781.55730440574,0.0
2022-01-12,1650346,2,0,1623999.5714285714,90021.33661688214,0.0
2022-01-13,1676879,3,0,1621725.5714285714,88175.95716684908,0.0
2022-01-14,1689854,4,0,1626658.4285714286,91280.05747308666,0.0
2022-01-15,1581204,5,1,1638548.0,75839.69388346469,0.0
2022-01-16,1488067,6,1,1637968.2857142857,77149.68023421997,0.0
2022-01-17,1670894,0,0,1633514.857142857,73653.39669569771,0.0
2022-01-18,1717694,1,0,1639276.857142857,79036.13530202804,0.0
2022-01-19,1614265,2,0,1634122.4285714286,79369.76149405603,0.0
2022-01-20,1715375,3,0,1639621.857142857,84023.31442213214,0.0
2022-01-21,1735020,4,0,1646074.142857143,90042.22874748165,0.0
2022-01-22,1553163,5,1,1642068.2857142857,93948.2433217481,0.0
2022-01-23,1544660,6,1,1650153.0,79866.63302867864,0.0
2022-01-24,1727658,0,0,1658262.142857143,85037.83764388143,0.0
2022-01-25,1767982,1,0,1665446.142857143,92676.53011315108,0.0
2022-01-26,1643223,2,0,1669583.0,90634.98127840931,0.0
2022-01-27,1584304,3,0,1650858.5714285714,93103.49974422727,0.0
2022-01-28,1611724,4,0,1633244.857142857,85912.97737913142,0.0
2022-01-29,1344186,5,1,1603391.0,138557.68211472183,0.0
2022-01-30,1406025,6,1,1583586.0,157028.51601860192,0.0
2022-01-31,1549014,0,0,1558065.4285714286,143658.8053315565,0.0
2022-02-01,1472723,1,0,1515885.5714285714,111498.50134249973,0.0
2022-02-02,1556769,2,0,1503535.0,99146.6695725969,0.0
2022-02-03,1512783,3,0,1493317.7142857143,92926.06037010904,0.0
2022-02-04,1504510,4,0,1478001.4285714286,77754.54400627306,0.0
2022-02-05,1363581,5,1,1480772.142857143,72349.08687385485,0.0
2022-02-06,1319913,6,1,1468470.4285714286,91865.43191333435,0.0
2022-02-07,1578799,0,0,1472725.4285714286,96776.32035071113,0.0
2022-02-08,1506404,1,0,1477537.0,97609.87374409284,0.0
2022-02-09,1519144,2,0,1472162.0,93467.75109097478,0.0
2022-02-10,1549567,3,0,1477416.857142857,97095.74027979086,0.0
2022-02-11,1606032,4,0,1491920.0,108705.20165109116,0.0
2022-02-12,1344395,5,1,1489179.142857143,112650.68857230266,0.0
2022-02-13,1392017,6,1,1499479.7142857143,96771.04275854329,0.0
2022-02-14,1553319,0,0,1495839.7142857143,93721.37847493755,0.0
2022-02-15,1586689,1,0,1507309.0,99936.11098932677,0.0
2022-02-16,1444638,2,0,1496665.2857142857,102402.737689197,0.0
2022-02-17,1443116,3,0,1481458.0,101133.59808690891,0.0
2022-02-18,1465509,4,0,1461383.2857142857,84934.05090760652,0.0
2022-02-19,1412160,5,1,1471064.0,72299.62803042475,0.0
2022-02-20,1297085,6,1,1457502.2857142857,94952.83114214783,0.0
2022-02-21,1496225,0,0,1449346.0,87511.11523689145,0.0
2022-02-22,1465944,1,0,1432096.7142857143,64908.65465079339,0.0
2022-02-23,1474915,2,0,1436422.0,66863.00142832748,0.0
2022-02-24,1492882,3,0,1443531.4285714286,70253.20858834057,0.0
2022-02-25,1484904,4,0,1446302.142857143,71633.34642339435,0.0
2022-02-26,1270355,5,1,1426044.2857142857,98070.60691788666,0.0
2022-02-27,1241090,6,1,1418045.0,111681.6413412304,0.0
2022-02-28,1532037,0,0,1423161.0,116572.99826576999,0.0
2022-03-01,1585796,1,0,1440282.7142857143,131721.4674881912,0.0
2022-03-02,1598278,2,0,1457906.0,144736.72862708743,0.0
2022-03-03,1591690,3,0,1472021.4285714286,153282.11707814076,0.0
2022-03-04,1566934,4,0,1483740.0,157508.52127743582,0.0
2022-03-05,1385060,5,1,1500126.4285714286,136124.07608241145,0.0
2022-03-06,1405141,6,1,1523562.2857142857,90605.61889258937,0.0
2022-03-07,1544165,0,0,1525294.857142857,90910.12730244765,0.0
2022-03-08,1463503,1,0,1507824.4285714286,89077.90754702761,0.0
2022-03-09,1431625,2,0,1484016.857142857,82931.84230326729,0.0
2022-03-10,1430190,3,0,1460945.4285714286,69334.85408958157,0.0
2022-03-11,1408190,4,0,1438267.7142857143,52904.849877643566,0.0
2022-03-12,1232459,5,1,1416467.5714285714,93979.59109982521,0.0
2022-03-13,1241372,6,1,1393072.0,115247.3281223388,0.0
2022-03-14,1439090,0,0,1378061.2857142857,97811.88638355512,0.0
2022-03-15,1460768,1,0,1377670.5714285714,97418.3727980702,0.0
2022-03-16,1558440,2,0,1395787.0,118610.78310032083,0.0
2022-03-17,1419340,3,0,1394237.0,118156.2998080848,0.0
2022-03-18,1389119,4,0,1391512.5714285714,118000.71839028671,0.0
2022-03-19,1137701,5,1,1377975.7142857143,142234.8802400786,0.0
2022-03-20,1211008,6,1,1373638.0,147462.14171894453,0.0
2022-03-21,1462596,0,0,1376996.0,149455.1927022658,0.0
2022-03-22,1367993,1,0,1363742.4285714286,144830.2648446006,0.0
2022-03-23,1368659,2,0,1336630.857142857,117492.26989245313,0.0
2022-03-24,1363793,3,0,1328695.5714285714,112755.4871419743,0.0
2022-03-25,1318525,4,0,1318610.7142857143,109562.24918697895,0.0
2022-03-26,1163920,5,1,1322356.2857142857,102571.93078311592,0.0
2022-03-27,1141817,6,1,1312471.857142857,117358.48596280164,0.0
2022-03-28,1388499,0,0,1301886.5714285714,104160.62566355865,0.0
2022-03-29,1467635,1,0,1316121.142857143,120264.10945698264,0.0
2022-03-30,1493667,2,0,1333979.4285714286,137423.07697747584,0.0
2022-03-31,1448366,3,0,1346061.2857142857,144039.49243954915,0.0
2022-04-01,1458247,4,0,1366021.5714285714,149177.04733623462,0.0
2022-04-02,1352370,5,1,1392943.0,120961.92632810025,0.0
2022-04-03,1273015,6,1,1411685.5714285714,78156.03532649983,0.0
2022-04-04,1367177,0,0,1408639.5714285714,79612.23123337956,0.0
2022-04-05,1332279,1,0,1389303.0,79332.4224240721,0.0
2022-04-06,1294420,2,0,1360839.142857143,70947.63389863206,0.0
2022-04-07,1318934,3,0,1342348.857142857,60419.72105045138,0.0
2022-04-08,1379514,4,0,1331101.2857142857,38657.83541848857,0.0
2022-04-09,1217680,5,1,1311859.857142857,55956.78580667777,0.0
2022-04-10,1207516,6,1,1302502.857142857,67765.29928226121,0.0
2022-04-11,1263856,0,0,1287742.7142857143,62368.01639389938,0.0
2022-04-12,1383324,1,0,1295034.857142857,70850.41850604067,0.0
2022-04-13,1335614,2,0,1300919.7142857143,72482.82416712941,0.0
2022-04-14,1324011,3,0,1301645.0,72718.14251618988,0.0
2022-04-15,1129617,4,0,1265945.4285714286,87879.08864622297,1.0
2022-04-16,1034626,5,1,1239794.857142857,124317.1783952159,0.0
2022-04-17,992952,6,1,1209142.857142857,156013.4720896928,0.0
2022-04-18,1082125,0,0,1183181.2857142857,160448.95685516312,1.0
2022-04-19,1271889,1,0,1167262.0,141716.37956615534,0.0
2022-04-20,1225687,2,0,1151558.142857143,125063.98378489379,0.0
2022-04-21,1176981,3,0,1130553.857142857,101377.24419290667,0.0
2022-04-22,1165507,4,0,1135681.0,102225.97939372045,0.0
2022-04-23,1037636,5,1,1136111.0,101735.21176566822,0.0
2022-04-24,1014752,6,1,1139225.2857142857,96838.29825148439,0.0
2022-04-25,1289360,0,0,1168830.2857142857,107556.75531199045,0.0
2022-04-26,1289803,1,0,1171389.4285714286,110587.96514219347,0.0
2022-04-27,1369062,2,0,1191871.5714285714,133271.51496459258,0.0
2022-04-28,1385316,3,0,1221633.7142857143,151419.01135670935,0.0
2022-04-29,1311597,4,0,1242503.7142857143,152457.96602203688,0.0
2022-04-30,1114748,5,1,1253519.7142857143,137211.4334433415,0.0
2022-05-01,1170348,6,1,1275747.7142857143,99507.77992152078,0.0
2022-05-02,1198967,0,0,1262834.4285714286,103242.0317488189,1.0
2022-05-03,1336473,1,0,1269501.5714285714,106722.1333789643,0.0
2022-05-04,1298519,2,0,1259424.0,98789.7705737041,0.0
2022-05-05,1257896,3,0,1241221.142857143,82047.38842369083,0.0
2022-05-06,1212035,4,0,1226998.0,76238.25461454275,0.0
2022-05-07,1077883,5,1,1221731.5714285714,85940.58280361058,0.0
2022-05-08,1018671,6,1,1200063.4285714286,115196.54797182215,0.0
2022-05-09,1142086,0,0,1191937.5714285714,117274.20942371637,0.0
2022-05-10,1128077,1,0,1162166.7142857143,99584.9688301913,0.0
2022-05-11,1203077,2,0,1148532.142857143,82949.1721808099,0.0
2022-05-12,1167199,3,0,1135575.4285714286,68915.7144437407,0.0
2022-05-13,1074843,4,0,1115976.5714285714,62782.44127109055,0.0
2022-05-14,1011020,5,1,1106424.7142857143,73683.90311488447,0.0
2022-05-15,1057719,6,1,1112003.0,67118.82100925369,0.0
2022-05-16,1220850,0,0,1123255.0,78619.38564378083,0.0
2022-05-17,1186845,1,0,1131650.4285714286,82273.02176670403,0.0
2022-05-18,1152270,2,0,1124392.2857142857,76993.23327351754,0.0
2022-05-19,1170256,3,0,1124829.0,77284.62361517237,0.0
2022-05-20,1189033,4,0,1141141.857142857,77026.25801946808,0.0
2022-05-21,1011748,5,1,1141245.857142857,76821.50674875062,0.0
2022-05-22,993086,6,1,1132012.5714285714,91092.5315670347,0.0
2022-05-23,1209407,0,0,1130377.857142857,89317.97007218105,0.0
2022-05-24,1175645,1,0,1128777.857142857,88231.56527654016,0.0
2022-05-25,1164425,2,0,1130514.2857142857,88888.11918685722,0.0
2022-05-26,1155979,3,0,1128474.7142857143,87983.44091689606,0.0
2022-05-27,1042434,4,0,1107532.0,88611.54254011663,0.0
2022-05-28,1020375,5,1,1108764.4285714286,87104.50491578842,0.0
2022-05-29,1016950,6,1,1112173.5714285714,82148.44625407064,0.0
2022-05-30,1209143,0,0,1112135.857142857,82096.41062077609,0.0
2022-05-31,1209585,1,0,1116984.4285714286,87309.11323543449,0.0
2022-06-01,1185220,2,0,1119955.142857143,89518.15170761955,0.0
2022-06-02,1035970,3,0,1102811.0,92897.19354213873,1.0
2022-06-03,1008968,4,0,1098030.142857143,97280.06113184302,1.0
2022-06-04,973553,5,1,1091341.2857142857,104826.45497476788,0.0
2022-06-05,1093945,6,1,1102340.5714285714,99630.43369518821,0.0
2022-06-06,1258847,0,0,1109441.142857143,109766.35530593344,0.0
2022-06-07,1221147,1,0,1111092.857142857,111596.1661668913,0.0
2022-06-08,1163935,2,0,1108052.142857143,109510.24531133342,0.0
2022-06-09,1192881,3,0,1130468.0,108349.56398468885,0.0
2022-06-10,1059086,4,0,1137627.7142857143,100342.81028675445,0.0
2022-06-11,888704,5,1,1125506.4285714286,125449.92503767354,0.0
2022-06-12,900505,6,1,1097872.142857143,152047.16648071783,0.0
2022-06-13,1140579,0,0,1080976.7142857143,137005.36940661754,0.0
2022-06-14,1159625,1,0,1072187.857142857,128205.54021888127,0.0
2022-06-15,1180203,2,0,1074511.857142857,130276.55793790575,0.0
2022-06-16,1200612,3,0,1075616.2857142857,131474.54950132774,0.0
2022-06-17,1114084,4,0,1083473.142857143,131964.48150095218,0.0
2022-06-18,1069545,5,1,1109307.5714285714,101714.30293043656,0.0
2022-06-19,985764,6,1,1121487.4285714286,73825.07962491193,0.0
2022-06-20,1116693,0,0,1118075.142857143,73346.03701960822,0.0
2022-06-21,1127992,1,0,1113556.142857143,71305.50560661558,0.0
2022-06-22,1152793,2,0,1109640.4285714286,67696.93301982955,0.0
2022-06-23,1190766,3,0,1108233.857142857,65560.3168475293,0.0
2022-06-24,1158252,4,0,1114543.5714285714,68285.95982307006,0.0
2022-06-25,914721,5,1,1092425.857142857,102027.50403599585,0.0
2022-06-26,878077,6,1,1077042.0,126075.1818321341,0.0
2022-06-27,1101133,0,0,1074819.142857143,125394.90663957823,0.0
2022-06-28,1091118,1,0,1069551.4285714286,123549.82394277789,0.0
2022-06-29,1170563,2,0,1072090.0,125708.93757143534,0.0
2022-06-30,1174121,3,0,1069712.142857143,123222.81611298787,0.0
2022-07-01,1123583,4,0,1064759.4285714286,119717.8848792364,0.0
2022-07-02,996786,5,1,1076483.0,105783.57923455008,0.0
2022-07-03,991037,6,1,1092620.142857143,74447.09557452057,0.0
2022-07-04,1100488,0,0,1092528.0,74435.20139919649,0.0
2022-07-05,1142711,1,0,1099898.4285714286,76789.40694278495,0.0
2022-07-06,1127687,2,0,1093773.2857142857,71758.59940739066,0.0
2022-07-07,1153741,3,0,1090861.857142857,68284.7178912076,0.0
2022-07-08,1113974,4,0,1089489.142857143,67610.55604328228,0.0
2022-07-09,993774,5,1,1089058.857142857,68304.884631202,0.0
2022-07-10,985983,6,1,1088336.857142857,69529.42116697904,0.0
2022-07-11,1162763,0,0,1097233.2857142857,75103.94777180732,0.0
2022-07-12,1236717,1,0,1110662.7142857143,91258.47450827228,0.0
2022-07-13,1176211,2,0,1117594.7142857143,94550.72545593516,0.0
2022-07-14,1166475,3,0,1119413.857142857,95480.01667093339,0.0
2022-07-15,1143366,4,0,1123612.7142857143,95846.49340956754,0.0
2022-07-16,1023467,5,1,1127854.5714285714,89595.77807366007,0.0
2022-07-17,1004520,6,1,1130502.7142857143,84852.03375824445,0.0
2022-07-18,1205970,0,0,1136675.142857143,89057.19029074331,0.0
2022-07-19,1270379,1,0,1141484.0,95997.89176507365,0.0
2022-07-20,1269455,2,0,1154804.5714285714,107410.52112475362,0.0
2022-07-21,1251431,3,0,1166941.142857143,113571.94013993182,0.0
2022-07-22,1202730,4,0,1175421.7142857143,113734.43323187926,0.0
2022-07-23,1022752,5,1,1175319.5714285714,113893.85500671704,0.0
2022-07-24,951473,6,1,1167741.4285714286,128038.83359209594,0.0
2022-07-25,1137831,0,0,1158007.2857142857,127235.73446524439,0.0
2022-07-26,1171279,1,0,1143850.142857143,117812.95636225658,0.0
2022-07-27,1173765,2,0,1130180.142857143,105743.07886010794,0.0
2022-07-28,1182211,3,0,1120291.5714285714,95228.27414844408,0.0
2022-07-29,1112347,4,0,1107379.7142857143,88044.07467234977,0.0
2022-07-30,1020869,5,1,1107110.7142857143,88348.08208016538,0.0
2022-07-31,1028596,6,1,1118128.2857142857,68220.29968352728,0.0
2022-08-01,1124503,0,0,1116224.2857142857,67763.21427522664,0.0
2022-08-02,1132942,1,0,1110747.5714285714,64017.73043950074,0.0
2022-08-03,1130630,2,0,1104585.4285714286,58804.66179613593,0.0
2022-08-04,1114349,3,0,1094890.857142857,48579.204183975955,0.0
2022-08-05,1074575,4,0,1089494.857142857,48414.58783412741,0.0
2022-08-06,947530,5,1,1079017.857142857,69209.79408399116,0.0
2022-08-07,930414,6,1,1064991.857142857,88415.3225133997,0.0
2022-08-08,1134867,0,0,1066472.4285714286,89656.0374930657,0.0
2022-08-09,1165145,1,0,1071072.857142857,94339.06506046049,0.0
2022-08-10,1172631,2,0,1077073.0,99928.42963344112,0.0
2022-08-11,1181033,3,0,1086599.2857142857,107002.39629829323,0.0
2022-08-12,1188603,4,0,1102889.0,113357.66965820556,0.0
2022-08-13,1056579,5,1,1118467.4285714286,94347.89591696183,0.0
2022-08-14,1061051,6,1,1137129.857142857,56130.35924656366,0.0
2022-08-15,1251620,0,0,1153808.857142857,70780.47326875015,0.0
2022-08-16,1243290,1,0,1164972.4285714286,78597.33019187792,0.0
2022-08-17,1205772,2,0,1169706.857142857,80118.96310579797,0.0
2022-08-18,1191663,3,0,1171225.4285714286,80469.39146630684,0.0
2022-08-19,1105925,4,0,1159414.2857142857,83504.07384419526,0.0
2022-08-20,945454,5,1,1143539.2857142857,112009.95535476682,0.0
2022-08-21,998202,6,1,1134560.857142857,121813.8639296925,0.0
2022-08-22,1214742,0,0,1129292.5714285714,116593.01978516771,0.0
2022-08-23,1211974,1,0,1124818.857142857,112000.22295282122,0.0
2022-08-24,1218131,2,0,1126584.4285714286,113575.3961162269,0.0
2022-08-25,1224201,3,0,1131232.7142857143,117287.93079103899,0.0
2022-08-26,1131199,4,0,1134843.2857142857,116766.87558797175,0.0
2022-08-27,1019261,5,1,1145387.142857143,98758.77359412143,0.0
2022-08-28,997903,6,1,1145344.4285714286,98833.07941148955,0.0
2022-08-29,1035471,0,0,1119734.2857142857,101055.14747029768,1.0
2022-08-30,1151590,1,0,1111108.0,94214.81570152444,0.0
2022-08-31,1158102,2,0,1102532.4285714286,85145.28712319488,0.0
2022-09-01,1166196,3,0,1094246.0,73334.25107005332,0.0
2022-09-02,1181555,4,0,1101439.7142857143,79752.28823829247,0.0
2022-09-03,1044056,5,1,1104981.857142857,75954.24831972929,0.0
2022-09-04,1024120,6,1,1108727.142857143,70224.46767911513,0.0
2022-09-05,1180218,0,0,1129405.2857142857,66257.37218033605,0.0
2022-09-06,1218640,1,0,1138983.857142857,74351.26728452556,0.0
2022-09-07,1193998,2,0,1144111.857142857,77077.49727913419,0.0
2022-09-08,1229407,3,0,1153142.0,83528.82854642885,0.0
2022-09-09,1172965,4,0,1151914.857142857,83103.85349357495,0.0
2022-09-10,1076720,5,1,1156581.142857143,76709.20926121942,0.0
2022-09-11,1048400,6,1,1160049.7142857143,69974.76342875416,0.0
2022-09-12,1193592,0,0,1161960.2857142857,70794.98369877702,0.0
2022-09-13,1231094,1,0,1163739.4285714286,72590.51969293956,0.0
2022-09-14,1191242,2,0,1163345.7142857143,72406.29174947503,0.0
2022-09-15,1217000,3,0,1161573.2857142857,70650.22398343902,0.0
2022-09-16,1129059,4,0,1155301.0,71415.14958096802,0.0
2022-09-17,1023323,5,1,1147672.857142857,83102.98883202056,0.0
2022-09-18,1045255,6,1,1147223.5714285714,83735.24229154925,0.0
2022-09-19,1091133,0,0,1132586.5714285714,83232.57922006577,1.0
2022-09-20,1221049,1,0,1131151.5714285714,81315.68798182713,0.0
2022-09-21,1212815,2,0,1134233.4285714286,84325.7747545663,0.0
2022-09-22,1194369,3,0,1131000.4285714286,80991.59761949303,0.0
2022-09-23,1182827,4,0,1138681.5714285714,83293.7152308494,0.0
2022-09-24,1064608,5,1,1144579.4285714286,74791.77643269213,0.0
2022-09-25,1025507,6,1,1141758.2857142857,79393.58510763658,0.0
2022-09-26,1166550,0,0,1152532.142857143,76440.85480170214,0.0
2022-09-27,1240059,1,0,1155247.857142857,79555.00296114775,0.0
2022-09-28,1247557,2,0,1160211.0,84664.59648325275,0.0
2022-09-29,1258548,3,0,1169379.4285714286,92126.3076919817,0.0
2022-09-30,1236309,4,0,1177019.7142857143,95580.37804858293,0.0
2022-10-01,994883,5,1,1167059.0,111547.09796466539,0.0
2022-10-02,1076228,6,1,1174304.857142857,102063.96288838424,0.0
2022-10-03,1226100,0,0,1182812.0,103777.25648396464,0.0
2022-10-04,1208870,1,0,1178356.4285714286,101555.52612384508,0.0
2022-10-05,1178714,2,0,1168521.7142857143,96966.9246474113,0.0
2022-10-06,1132497,3,0,1150514.4285714286,88824.46960320736,0.0
2022-10-07,1147061,4,0,1137764.7142857143,80469.50725115412,0.0
2022-10-08,1073817,5,1,1149041.0,60050.10842625849,0.0
2022-10-09,1035464,6,1,1143217.5714285714,69518.23363903271,0.0
2022-10-10,1207472,0,0,1140556.4285714286,66088.66734136661,0.0
2022-10-11,1301587,1,0,1153801.7142857143,87789.8147504034,0.0
2022-10-12,1311110,2,0,1172715.4285714286,106351.2138323976,0.0
2022-10-13,1307442,3,0,1197707.5714285714,115488.06628229718,0.0
2022-10-14,1287388,4,0,1217754.2857142857,117394.89591222968,0.0
2022-10-15,1061620,5,1,1216011.857142857,119950.05215567023,0.0
2022-10-16,1050821,6,1,1218205.7142857143,116178.66239364512,0.0
2022-10-17,1176464,0,0,1213776.0,117242.4063511371,0.0
2022-10-18,1272661,1,0,1209643.7142857143,114099.24925947846,0.0
2022-10-19,1235924,2,0,1198902.857142857,106222.65631280387,0.0
2022-10-20,1336407,3,0,1203040.7142857143,111584.27833067083,0.0
2022-10-21,1276424,4,0,1201474.4285714286,110272.22095171675,0.0
2022-10-22,1119374,5,1,1209725.0,99720.01801713886,0.0
2022-10-23,1149500,6,1,1223822.0,78155.80966465935,0.0
2022-10-24,1245342,0,0,1233661.7142857143,75490.1471512002,0.0
2022-10-25,1260265,1,0,1231890.857142857,74562.51614237072,0.0
2022-10-26,1170740,2,0,1222578.857142857,77967.49382583308,0.0
2022-10-27,1277978,3,0,1214231.857142857,65952.11978004451,0.0
2022-10-28,1171744,4,0,1199277.5714285714,61196.45055576533,0.0
2022-10-29,1129330,5,1,1200699.857142857,59110.003537032855,0.0
2022-10-30,1088905,6,1,1192043.4285714286,71082.21007132689,0.0
2022-10-31,1247943,0,0,1192415.0,71413.28242938097,0.0
2022-11-01,1281348,1,0,1195426.857142857,75101.15228686387,0.0
2022-11-02,1260186,2,0,1208204.857142857,77762.95511455326,0.0
2022-11-03,1375536,3,0,1222141.7142857143,98365.16246912102,0.0
2022-11-04,1324679,4,0,1243989.5714285714,102214.55738604045,0.0
2022-11-05,1254686,5,1,1261897.5714285714,88890.9589194769,0.0
2022-11-06,1208460,6,1,1278976.857142857,55222.04531538633,0.0
2022-11-07,1308717,0,0,1287658.857142857,54299.4500783808,0.0
2022-11-08,1281145,1,0,1287629.857142857,54303.43635978515,0.0
2022-11-09,1305052,2,0,1294039.2857142857,53160.10337878522,0.0
2022-11-10,1266230,3,0,1278424.142857143,39540.680897204795,0.0
2022-11-11,1255568,4,0,1268551.142857143,34354.40590105706,0.0
2022-11-12,1205425,5,1,1261513.857142857,41887.458789172095,0.0
2022-11-13,1181942,6,1,1257725.5714285714,48207.651802289445,0.0
2022-11-14,1385194,0,0,1268650.857142857,66778.74858177503,0.0
2022-11-15,1387642,1,0,1283864.7142857143,80766.0880789486,0.0
2022-11-16,1414083,2,0,1299440.5714285714,94823.18236217745,0.0
2022-11-17,1381621,3,0,1315925.0,98062.17548748534,0.0
2022-11-18,1359306,4,0,1330744.7142857143,95217.92352235892,0.0
2022-11-19,1301681,5,1,1344495.5714285714,79806.83341016233,0.0
2022-11-20,1278283,6,1,1358258.5714285714,49748.17216364896,0.0
2022-11-21,1497174,0,0,1374255.7142857143,72606.13234828328,0.0
2022-11-22,1493163,1,0,1389330.142857143,85633.89506195066,0.0
2022-11-23,1427646,2,0,1391267.7142857143,86436.97664720667,0.0
2022-11-24,1411280,3,0,1395504.7142857143,86612.0400516565,0.0
2022-11-25,1378129,4,0,1398193.7142857143,85587.01846216564,0.0
2022-11-26,1239465,5,1,1389305.7142857143,99396.47150633544,0.0
2022-11-27,1272990,6,1,1388549.5714285714,100396.92170392495,0.0
2022-11-28,1487651,0,0,1387189.142857143,98730.37579428725,0.0
2022-11-29,1537315,1,0,1393496.5714285714,107637.47150020464,0.0
2022-11-30,1538990,2,0,1409402.857142857,120931.1349728204,0.0
2022-12-01,1561053,3,0,1430799.0,133875.3861457424,0.0
2022-12-02,1574103,4,0,1458795.2857142857,141309.98874428417,0.0
2022-12-03,1403629,5,1,1482247.2857142857,108703.45611912737,0.0
2022-12-04,1395495,6,1,1499748.0,73589.02848707551,0.0
2022-12-05,1576926,0,0,1512501.5714285714,78701.54791758537,0.0
2022-12-06,1592101,1,0,1520328.142857143,84118.14916818561,0.0
2022-12-07,1649006,2,0,1536044.7142857143,97413.063635786,0.0
2022-12-08,1696091,3,0,1555335.857142857,114978.39773111492,0.0
2022-12-09,1687241,4,0,1571498.4285714286,125524.46755098106,0.0
2022-12-10,1589754,5,1,1598087.7142857143,101441.72527405243,0.0
2022-12-11,1596641,6,1,1626822.857142857,49867.938622737085,0.0
2022-12-12,1783608,0,0,1656348.857142857,71775.41332852808,0.0
2022-12-13,1792611,1,0,1684993.142857143,81246.92655816398,0.0
2022-12-14,1756582,2,0,1700361.142857143,83449.62602161664,0.0
2022-12-15,1804185,3,0,1715803.142857143,92082.40163289075,0.0
2022-12-16,1756353,4,0,1725676.2857142857,92214.56356731057,0.0
2022-12-17,1590316,5,1,1725756.5714285714,92076.64242153842,0.0
2022-12-18,1535103,6,1,1716965.4285714286,108016.67513378286,0.0
2022-12-19,1481967,0,0,1673873.857142857,134033.86204543372,0.0
2022-12-20,1448513,1,0,1624717.0,145810.7721546601,0.0
2022-12-21,1458869,2,0,1582186.5714285714,144349.11791425655,0.0
2022-12-22,1526346,3,0,1542495.2857142857,106322.69047061248,0.0
2022-12-23,1400239,4,0,1491621.857142857,63524.372982458066,0.0
2022-12-24,1220672,5,1,1438815.5714285714,106744.11798919253,0.0
2022-12-25,1108621,6,1,1377889.5714285714,153915.11953007526,1.0
2022-12-26,1112177,0,0,1325062.4285714286,174344.14933293298,0.0
2022-12-27,1252557,1,0,1297068.7142857143,166786.66600853644,1.0
2022-12-28,1265465,2,0,1269439.5714285714,150766.1695605396,0.0
2022-12-29,1238633,3,0,1228337.7142857143,99586.83018808135,0.0
2022-12-30,1235763,4,0,1204841.142857143,66012.22265218146,0.0
2022-12-31,1240955,5,1,1207738.7142857143,67256.35587741689,0.0
2023-01-01,1161119,6,1,1215238.4285714286,56414.92253790097,0.0
2023-01-02,1296265,0,0,1241536.7142857143,41227.63900479559,1.0
2023-01-03,1423023,1,0,1265889.0,80480.74073552202,0.0
2023-01-04,1342423,2,0,1276883.0,85512.2748537989,0.0
2023-01-05,1410840,3,0,1301484.0,96711.81059039092,0.0
2023-01-06,1359174,4,0,1319114.142857143,93943.40365781146,0.0
2023-01-07,1213485,5,1,1315189.857142857,98228.51132680966,0.0
2023-01-08,1278215,6,1,1331917.857142857,74792.5706837328,0.0
2023-01-09,1459349,0,0,1355215.5714285714,86343.94138921396,0.0
2023-01-10,1494907,1,0,1365484.7142857143,99086.92990623467,0.0
2023-01-11,1432785,2,0,1378393.5714285714,101439.91136936196,0.0
2023-01-12,1444009,3,0,1383132.0,103951.73440434568,0.0
2023-01-13,1403758,4,0,1389501.142857143,103604.42619316262,0.0
2023-01-14,1282043,5,1,1399295.142857143,85923.77981762565,0.0
2023-01-15,1331270,6,1,1406874.4285714286,75124.64718912607,0.0
2023-01-16,1616262,0,0,1429290.5714285714,109113.44699420566,0.0
2023-01-17,1701233,1,0,1458765.7142857143,150000.08129078808,0.0
2023-01-18,1664889,2,0,1491923.4285714286,167886.82676421426,0.0
2023-01-19,1671798,3,0,1524464.7142857143,178774.73798771546,0.0
2023-01-20,1642101,4,0,1558513.7142857143,174602.06455989086,0.0
2023-01-21,1509062,5,1,1590945.0,130103.92245433973,0.0
2023-01-22,1503754,6,1,1615585.5714285714,79039.27753733506,0.0
2023-01-23,1681873,0,0,1624958.5714285714,82927.5166332455,0.0
2023-01-24,1685973,1,0,1622778.5714285714,80760.49295059977,0.0
2023-01-25,1670019,2,0,1623511.4285714286,81228.23161699309,0.0
2023-01-26,1638874,3,0,1618808.0,78885.69114867937,0.0
2023-01-27,1637925,4,0,1618211.4285714286,78695.74127162503,0.0
2023-01-28,1503365,5,1,1617397.5714285714,80030.81283662276,0.0
2023-01-29,1331716,6,1,1592820.7142857143,130958.34681140506,0.0
2023-01-30,1467125,0,0,1562142.4285714286,131770.97182595712,0.0
2023-01-31,1433404,1,0,1526061.142857143,126693.91751703912,0.0
2023-02-01,1445172,2,0,1493940.142857143,111732.54578597187,0.0
2023-02-02,1429024,3,0,1463961.5714285714,92935.68579914363,0.0
2023-02-03,1415264,4,0,1432152.857142857,52990.35921889565,0.0
2023-02-04,1337848,5,1,1408507.5714285714,52846.332347891206,0.0
2023-02-05,1345985,6,1,1410546.0,49563.84639033503,0.0
2023-02-06,1529202,0,0,1419414.142857143,64636.167126572815,0.0
2023-02-07,1574149,1,0,1439520.5714285714,87544.54602062382,0.0
2023-02-08,1525482,2,0,1450993.4285714286,93470.43082150168,0.0
2023-02-09,1512964,3,0,1462984.857142857,95543.58869549692,0.0
2023-02-10,1490040,4,0,1473667.142857143,93476.72258989202,0.0
2023-02-11,1350899,5,1,1475531.5714285714,90395.64026520944,0.0
2023-02-12,1350192,6,1,1476132.5714285714,89399.28808790269,0.0
2023-02-13,1460795,0,0,1466360.142857143,86317.0228391497,0.0
2023-02-14,1489025,1,0,1454199.5714285714,73670.29267140501,0.0
2023-02-15,1440525,2,0,1442062.857142857,66631.55230930468,0.0
2023-02-16,1457980,3,0,1434208.0,59767.70935885649,0.0
2023-02-17,1314321,4,0,1409105.2857142857,68650.96647226563,0.0
2023-02-18,1214618,5,1,1389636.5714285714,100051.52667646008,0.0
2023-02-19,1163191,6,1,1362922.142857143,132153.91638091614,0.0
2023-02-20,1326233,0,0,1343699.0,125145.40754526827,0.0
2023-02-21,1445953,1,0,1337545.857142857,117643.13568931312,0.0
2023-02-22,1457538,2,0,1339976.2857142857,120271.57176674259,0.0
2023-02-23,1461456,3,0,1340472.857142857,120845.78614008079,0.0
2023-02-24,1447165,4,0,1359450.5714285714,126359.56790428271,0.0
2023-02-25,1338875,5,1,1377201.5714285714,110334.0660537672,0.0
2023-02-26,1329709,6,1,1400989.857142857,65237.35980873422,0.0
2023-02-27,1542448,0,0,1431877.7142857143,74474.6927345763,0.0
2023-02-28,1551187,1,0,1446911.142857143,87305.44400254206,0.0
2023-03-01,1534444,2,0,1457897.7142857143,93485.81090149243,0.0
2023-03-02,1526780,3,0,1467229.7142857143,97091.09584942873,0.0
2023-03-03,1562749,4,0,1483741.7142857143,102772.32404321208,0.0
2023-03-04,1425857,5,1,1496167.7142857143,86271.22004030668,0.0
2023-03-05,1412928,6,1,1508056.142857143,61762.102429249724,0.0
2023-03-06,1545240,0,0,1508455.0,62029.65629980238,0.0
2023-03-07,1560280,1,0,1509754.0,63158.61587837099,0.0
2023-03-08,1654428,2,0,1526894.5714285714,83863.4211200412,0.0
2023-03-09,1632729,3,0,1542030.142857143,92911.92504991601,0.0
2023-03-10,1547783,4,0,1539892.142857143,92527.09685536019,0.0
2023-03-11,1411885,5,1,1537896.142857143,95500.0075208437,0.0
2023-03-12,1240672,6,1,1513288.142857143,143299.09707722452,0.0
2023-03-13,1323043,0,0,1481545.7142857143,158811.73767675253,0.0
2023-03-14,1429217,1,0,1462822.4285714286,155677.1684928694,0.0
2023-03-15,1541078,2,0,1446629.5714285714,137227.34411658102,0.0
2023-03-16,1410991,3,0,1414952.7142857143,110000.91768515471,0.0
2023-03-17,1370178,4,0,1389580.5714285714,93502.12310757306,0.0
2023-03-18,1241074,5,1,1365179.0,107892.3379732685,0.0
2023-03-19,1197202,6,1,1358969.0,117110.2545609819,0.0
2023-03-20,1412490,0,0,1371747.142857143,117416.44104133883,0.0
2023-03-21,1305095,1,0,1354015.4285714286,116660.87003771667,0.0
2023-03-22,1224836,2,0,1308838.0,90430.88554067803,0.0
2023-03-23,1268276,3,0,1288450.142857143,78916.47246813572,0.0
2023-03-24,1225599,4,0,1267796.0,72630.94607445998,0.0
2023-03-25,1158740,5,1,1256034.0,83528.6969749783,0.0
2023-03-26,1199375,6,1,1256344.4285714286,83277.27061423662,0.0
2023-03-27,1377431,0,0,1251336.0,72704.36783305666,0.0
2023-03-28,1446431,1,0,1271526.857142857,103306.89277655829,0.0
2023-03-29,1399090,2,0,1296420.2857142857,110896.66687465982,0.0
2023-03-30,1275136,3,0,1297400.2857142857,110636.508097053,0.0
2023-03-31,1321110,4,0,1311044.7142857143,106102.27333996809,0.0
2023-04-01,1232537,5,1,1321587.142857143,91044.76010447145,0.0
2023-04-02,1180339,6,1,1318867.7142857143,95479.79979333842,0.0
2023-04-03,1285710,0,0,1305764.7142857143,92345.64448441858,0.0
2023-04-04,1277006,1,0,1281561.142857143,68441.79760069138,0.0
2023-04-05,1381867,2,0,1279100.7142857143,63654.71271824713,0.0
2023-04-06,1263607,3,0,1277453.7142857143,63922.9779597491,0.0
2023-04-07,1121741,4,0,1248972.4285714286,82844.40770076233,1.0
2023-04-08,1071984,5,1,1226036.2857142857,106888.95274649507,0.0
2023-04-09,1028065,6,1,1204282.857142857,130603.34080648104,0.0
2023-04-10,1040750,0,0,1169288.5714285714,137770.22617492484,1.0
2023-04-11,1207935,1,0,1159421.2857142857,131080.61772147057,0.0
2023-04-12,1258167,2,0,1141749.857142857,100974.77789435188,0.0
2023-04-13,1237945,3,0,1138083.857142857,96164.52913009914,0.0
2023-04-14,1370954,4,0,1173685.7142857143,129469.86059018652,0.0
2023-04-15,1182723,5,1,1189505.5714285714,121491.58235020503,0.0
2023-04-16,1179306,6,1,1211111.4285714286,99443.87797960895,0.0
2023-04-17,1308943,0,0,1249424.7142857143,70246.17924776494,0.0
2023-04-18,1240428,1,0,1254066.5714285714,68088.02000075649,0.0
2023-04-19,1212124,2,0,1247489.0,69827.627612603,0.0
2023-04-20,1160817,3,0,1236470.7142857143,77272.80113926958,0.0
2023-04-21,1277007,4,0,1223049.7142857143,54959.20973997364,0.0
2023-04-22,1168804,5,1,1221061.2857142857,56879.64648778808,0.0
2023-04-23,1164198,6,1,1218903.0,58976.10689087836,0.0
2023-04-24,1334735,0,0,1222587.5714285714,65934.1910060582,0.0
2023-04-25,1309786,1,0,1232495.857142857,73803.7616869709,0.0
2023-04-26,1368606,2,0,1254850.4285714286,88783.29592678693,0.0
2023-04-27,1368723,3,0,1284551.2857142857,86837.52284530675,0.0
2023-04-28,1300759,4,0,1287944.4285714286,86957.56826343598,0.0
2023-04-29,1117850,5,1,1280665.2857142857,99780.1613009445,0.0
2023-04-30,1097306,6,1,1271109.2857142857,114857.34819001566,0.0
2023-05-01,1099918,0,0,1237564.0,126842.73992495995,1.0
2023-05-02,1247869,1,0,1228718.7142857143,123069.75407971874,0.0
2023-05-03,1158178,2,0,1198657.5714285714,107980.56901879786,0.0
2023-05-04,1150210,3,0,1167441.4285714286,78062.58586516761,0.0
2023-05-05,1195953,4,0,1152469.142857143,54822.06573525353,0.0
2023-05-06,1133693,5,1,1154732.4285714286,53464.871024096916,0.0
2023-05-07,1027613,6,1,1144776.2857142857,69903.07046123955,0.0
2023-05-08,1102388,0,0,1145129.142857143,69644.65159039218,1.0
2023-05-09,1225227,1,0,1141894.5714285714,64406.54247012983,0.0
2023-05-10,1199794,2,0,1147839.7142857143,67981.61147871063,0.0
2023-05-11,1213629,3,0,1156899.5714285714,72430.47445164222,0.0
2023-05-12,1188994,4,0,1155905.4285714286,71850.54580834205,0.0
2023-05-13,1054825,5,1,1144638.5714285714,81455.7877683142,0.0
2023-05-14,1013809,6,1,1142666.5714285714,84857.17713678266,0.0
2023-05-15,1098216,0,0,1142070.5714285714,85201.1800991628,0.0
2023-05-16,1159885,1,0,1132736.0,77833.01487589258,0.0
2023-05-17,1201150,2,0,1132929.7142857143,78029.16824651115,0.0
2023-05-18,1166082,3,0,1126137.2857142857,71641.52231242953,0.0
2023-05-19,1180048,4,0,1124859.2857142857,70402.42883056191,0.0
2023-05-20,956743,5,1,1110847.5714285714,92846.6471282437,0.0
2023-05-21,945080,6,1,1101029.142857143,107323.95811504718,0.0
2023-05-22,1087213,0,0,1099457.2857142857,107452.5234692465,0.0
2023-05-23,1131633,1,0,1095421.2857142857,105313.8259864723,0.0
2023-05-24,1079720,2,0,1078074.142857143,94434.73712471333,0.0
2023-05-25,1131707,3,0,1073163.4285714286,89879.37481029726,0.0
2023-05-26,1067070,4,0,1057023.7142857143,76658.54781589762,0.0
2023-05-27,905864,5,1,1049755.2857142857,89146.34494980105,0.0
2023-05-28,904640,6,1,1043978.1428571428,97937.33367046675,0.0
2023-05-29,913573,0,0,1019172.4285714285,106754.634670459,1.0
2023-05-30,1076660,1,0,1011319.1428571428,98830.69210260698,0.0
2023-05-31,1123679,2,0,1017599.0,105099.18982245986,0.0
2023-06-01,1099539,3,0,1013003.5714285715,99850.50525472147,0.0
2023-06-02,1028239,4,0,1007456.2857142857,97394.62111384216,0.0
2023-06-03,903758,5,1,1007155.4285714285,97763.30401343419,0.0
2023-06-04,896709,6,1,1006022.4285714285,99185.00923000656,0.0
2023-06-05,1089210,0,0,1031113.4285714285,93979.0433782439,0.0
2023-06-06,1148947,1,0,1041440.1428571428,103324.84112164738,0.0
2023-06-07,1105083,2,0,1038783.5714285715,101072.51422925618,0.0
2023-06-08,1047685,3,0,1031375.8571428572,97722.23604762118,0.0
2023-06-09,1026945,4,0,1031191.0,97730.38245263071,0.0
2023-06-10,965173,5,1,1039964.5714285715,86494.45441928552,0.0
2023-06-11,995702,6,1,1054106.4285714286,64452.58656787858,0.0
2023-06-12,1158935,0,0,1064067.142857143,75262.95386718294,0.0
2023-06-13,1108592,1,0,1058302.142857143,68959.28693666791,0.0
2023-06-14,1100520,2,0,1057650.2857142857,68463.15794091205,0.0
2023-06-15,1120271,3,0,1068019.7142857143,72102.46825115595,0.0
2023-06-16,1103208,4,0,1078914.4285714286,70607.85516940204,0.0
2023-06-17,1017877,5,1,1086443.5714285714,58172.809280825204,0.0
2023-06-18,1017173,6,1,1089510.857142857,52919.71281555117,0.0
2023-06-19,1094599,0,0,1080320.0,43623.10287761372,0.0
2023-06-20,1214999,1,0,1095521.0,67255.09259283564,0.0
2023-06-21,1133320,2,0,1100206.7142857143,68786.58765759256,0.0
2023-06-22,1162834,3,0,1106287.142857143,72629.61737803965,0.0
2023-06-23,1120525,4,0,1108761.0,72801.9729517746,0.0
2023-06-24,983470,5,1,1103845.7142857143,80694.46137897161,0.0
2023-06-25,943510,6,1,1093322.4285714286,97030.73538982346,0.0
2023-06-26,1057435,0,0,1088013.2857142857,97961.51503818037,0.0
2023-06-27,1184200,1,0,1083613.4285714286,91805.72943607559,0.0
2023-06-28,1211761,2,0,1094819.2857142857,102990.13700629621,0.0
2023-06-29,1111882,3,0,1087540.4285714286,99109.42812008315,0.0
2023-06-30,1126411,4,0,1088381.2857142857,99460.2621984059,0.0
2023-07-01,886408,5,1,1074515.2857142857,120964.89237202506,0.0
2023-07-02,850307,6,1,1061200.5714285714,141221.4751738908,0.0
2023-07-03,1017315,0,0,1055469.142857143,142210.43634867418,0.0
2023-07-04,1151001,1,0,1050726.4285714286,137683.27059822177,0.0
2023-07-05,1100875,2,0,1034885.5714285715,121495.07174623631,0.0
2023-07-06,1078952,3,0,1030181.2857142857,118620.40488989296,0.0
2023-07-07,1023539,4,0,1015485.2857142857,110827.9130555209,0.0
2023-07-08,1034841,5,1,1036690.0,95099.22581705946,0.0
2023-07-09,977335,6,1,1054836.857142857,58796.84072136569,0.0
2023-07-10,1109743,0,0,1068040.857142857,59341.92773085219,0.0
2023-07-11,1114199,1,0,1062783.4285714286,51935.041612478366,0.0
2023-07-12,1075577,2,0,1059169.4285714286,49673.5542781386,0.0
2023-07-13,1121992,3,0,1065318.0,54917.30571508539,0.0
2023-07-14,1153374,4,0,1083865.857142857,60132.73659840971,0.0
2023-07-15,901456,5,1,1064810.857142857,91308.94831548737,0.0
2023-07-16,862581,6,1,1048417.4285714285,116467.1787026564,0.0
2023-07-17,1060161,0,0,1041334.2857142857,113588.08011073255,0.0
2023-07-18,1164241,1,0,1048483.1428571428,120313.86895593947,0.0
2023-07-19,1137916,2,0,1057388.7142857143,124874.30800839525,0.0
2023-07-20,1124848,3,0,1057796.7142857143,125124.97902727324,0.0
2023-07-21,1106404,4,0,1051086.7142857143,120312.12479730468,0.0
2023-07-22,1027141,5,1,1069041.7142857143,102288.33155957847,0.0
2023-07-23,932252,6,1,1078994.7142857143,79759.40965120631,0.0
2023-07-24,1117769,0,0,1087224.4285714286,80461.1910858681,0.0
2023-07-25,1094277,1,0,1077229.5714285714,73329.08237270685,0.0
2023-07-26,1109865,2,0,1073222.2857142857,70157.85314020282,0.0
2023-07-27,1155650,3,0,1077622.5714285714,74751.05601231704,0.0
2023-07-28,1100482,4,0,1076776.5714285714,74403.73543684858,0.0
2023-07-29,874039,5,1,1054904.857142857,106853.26761411493,0.0
2023-07-30,915904,6,1,1052569.4285714286,110109.8392013925,0.0
2023-07-31,1112675,0,0,1051841.7142857143,109622.8753191697,0.0
2023-08-01,1091848,1,0,1051494.7142857143,109469.90097697583,0.0
2023-08-02,1103013,2,0,1050515.857142857,108890.07584018077,0.0
2023-08-03,1084021,3,0,1040283.1428571428,100398.15669861822,0.0
2023-08-04,1089125,4,0,1038660.7142857143,99349.49915781594,0.0
2023-08-05,1016110,5,1,1058956.5714285714,70411.54152284404,0.0
2023-08-06,935474,6,1,1061752.2857142857,63869.53656145922,0.0
2023-08-07,1049108,0,0,1052671.2857142857,59812.776516188926,0.0
2023-08-08,1126110,1,0,1057565.857142857,64750.98636942657,0.0
2023-08-09,1110371,2,0,1058617.0,65664.9924795357,0.0
2023-08-10,1127320,3,0,1064802.5714285714,70330.47864633944,0.0
2023-08-11,1048028,4,0,1058931.5714285714,69673.9819776593,0.0
2023-08-12,934305,5,1,1047245.1428571428,83535.29156877534,0.0
2023-08-13,951596,6,1,1049548.2857142857,80091.31092015466,0.0
2023-08-14,1138744,0,0,1062353.4285714286,86886.50482069429,0.0
2023-08-15,1128625,1,0,1062712.7142857143,87198.72466140534,0.0
2023-08-16,1145996,2,0,1067802.0,91383.0702537629,0.0
2023-08-17,1112705,3,0,1065714.142857143,89952.36352914997,0.0
2023-08-18,1119052,4,0,1075860.4285714286,91615.19505131173,0.0
2023-08-19,897393,5,1,1070587.2857142857,101635.05402456183,0.0
2023-08-20,934676,6,1,1068170.142857143,105079.46095763445,0.0
2023-08-21,1063772,0,0,1057459.857142857,100404.06822674237,0.0
2023-08-22,1077350,1,0,1050134.857142857,96126.14312183924,0.0
2023-08-23,1151104,2,0,1050864.5714285714,96990.63018984452,0.0
2023-08-24,1170184,3,0,1059075.857142857,105185.55430355921,0.0
2023-08-25,1112894,4,0,1058196.142857143,104624.60076616942,0.0
2023-08-26,989530,5,1,1071358.5714285714,84973.01949613115,0.0
2023-08-27,966581,6,1,1075916.4285714286,76890.91836679995,0.0
2023-08-28,1006291,0,0,1067704.857142857,81344.41569122623,1.0
2023-08-29,1136994,1,0,1076225.4285714286,85538.72355035016,0.0
2023-08-30,1119988,2,0,1071780.2857142857,81722.38217837834,0.0
2023-08-31,1198695,3,0,1075853.2857142857,87919.6744263892,0.0
2023-09-01,1158216,4,0,1082327.857142857,92643.92098323052,0.0
2023-09-02,1019403,5,1,1086595.4285714286,88240.1899795284,0.0
2023-09-03,963502,6,1,1086155.5714285714,88943.01690571291,0.0
2023-09-04,1146252,0,0,1106150.0,83566.29332255293,0.0
2023-09-05,1188999,1,0,1113579.2857142857,88906.50214265774,0.0
2023-09-06,1244513,2,0,1131368.5714285714,101909.72463716802,0.0
2023-09-07,1244444,3,0,1137904.142857143,108218.72955491843,0.0
2023-09-08,1234253,4,0,1148766.5714285714,114245.60152710532,0.0
2023-09-09,1097962,5,1,1159989.2857142857,102694.42573597918,0.0
2023-09-10,1124664,6,1,1183012.4285714286,60837.26527622882,0.0
2023-09-11,1223002,0,0,1193976.7142857143,60018.559439915356,0.0
2023-09-12,1251153,1,0,1202855.857142857,63647.25789705406,0.0
2023-09-13,1168598,2,0,1192010.857142857,61807.261812946155,0.0
2023-09-14,1171276,3,0,1181558.2857142857,57498.88660002562,0.0
2023-09-15,1182384,4,0,1174148.4285714286,52719.91839229454,0.0
2023-09-16,1064947,5,1,1169432.0,61429.10003414068,0.0
2023-09-17,1068207,6,1,1161366.7142857143,71213.51808874395,0.0
2023-09-18,1147444,0,0,1150572.7142857143,65837.61770124905,0.0
2023-09-19,1177036,1,0,1139984.5714285714,51326.89623017742,0.0
2023-09-20,1169415,2,0,1140101.2857142857,51403.67713088026,0.0
2023-09-21,1190163,3,0,1142799.4285714286,53754.6598565192,0.0
2023-09-22,1167217,4,0,1140632.7142857143,52175.66112255583,0.0
2023-09-23,1052166,5,1,1138806.857142857,55390.27229710292,0.0
2023-09-24,984393,6,1,1126833.4285714286,77743.43712680847,0.0
2023-09-25,1099380,0,0,1119967.142857143,77742.23008001382,0.0
2023-09-26,1184511,1,0,1121035.0,78702.18001430639,0.0
2023-09-27,1218265,2,0,1128013.5714285714,85572.91639272729,0.0
2023-09-28,1176496,3,0,1126061.142857143,84061.14311111385,0.0
2023-09-29,1082509,4,0,1113960.0,83242.19247475557,0.0
2023-09-30,1078097,5,1,1117664.4285714286,80567.95521353379,0.0
2023-10-01,1089027,6,1,1132612.142857143,58369.45826497958,0.0
2023-10-02,1258492,0,0,1155342.4285714286,72533.51391338682,0.0
2023-10-03,1149905,1,0,1150398.7142857143,71384.33737809137,0.0
2023-10-04,1168833,2,0,1143337.0,65776.46137997277,0.0
2023-10-05,1207115,3,0,1147711.142857143,69274.14062125866,0.0
2023-10-06,1123395,4,0,1153552.0,64413.4890609445,0.0
2023-10-07,1046754,5,1,1149074.4285714286,71258.45060498753,0.0
2023-10-08,1033962,6,1,1141208.0,81320.98267567669,0.0
2023-10-09,1205069,0,0,1133576.142857143,70230.08294276184,0.0
2023-10-10,1167393,1,0,1136074.4285714286,71211.94367489725,0.0
2023-10-11,1214829,2,0,1142645.2857142857,76652.64825328917,0.0
2023-10-12,1301778,3,0,1156168.5714285714,95864.9160761649,0.0
2023-10-13,1208838,4,0,1168374.7142857143,96434.36892817776,0.0
2023-10-14,1041989,5,1,1167694.0,97447.44916451703,0.0
2023-10-15,1114210,6,1,1179158.0,82696.59349294766,0.0
2023-10-16,1374323,0,0,1203337.142857143,111323.80706066769,0.0
2023-10-17,1283644,1,0,1219944.4285714286,113713.48237107598,0.0
2023-10-18,1267378,2,0,1227451.4285714286,115046.24228525255,0.0
2023-10-19,1276746,3,0,1223875.4285714286,112716.33148730944,0.0
2023-10-20,1257842,4,0,1230876.0,113147.6734316913,0.0
2023-10-21,1179057,5,1,1250457.142857143,82802.31269001037,0.0
2023-10-22,1139696,6,1,1254098.0,76102.2271531616,0.0
2023-10-23,1324469,0,0,1246976.0,64410.48141157918,0.0
2023-10-24,1359870,1,0,1257865.4285714286,76879.46856795033,0.0
2023-10-25,1376836,2,0,1273502.2857142857,89269.85760925253,0.0
2023-10-26,1375996,3,0,1287680.857142857,97384.00059976152,0.0
2023-10-27,1323161,4,0,1297012.142857143,97177.53026196115,0.0
2023-10-28,1187649,5,1,1298239.5714285714,95478.7668801668,0.0
2023-10-29,1172148,6,1,1302875.5714285714,86900.0790388435,0.0
2023-10-30,1349495,0,0,1306450.7142857143,88437.70487322117,0.0
2023-10-31,1403554,1,0,1312691.2857142857,94189.68516373211,0.0
2023-11-01,1345788,2,0,1308255.857142857,91353.99798484136,0.0
2023-11-02,1393646,3,0,1310777.2857142857,93747.50131377536,0.0
2023-11-03,1352525,4,0,1314972.142857143,95042.00957023031,0.0
2023-11-04,1313385,5,1,1332934.4285714286,77169.43680169406,0.0
2023-11-05,1237196,6,1,1342227.0,55437.411802304545,0.0
2023-11-06,1388104,0,0,1347742.5714285714,58135.996267006194,0.0
2023-11-07,1410585,1,0,1348747.0,59309.86076534814,0.0
2023-11-08,1435188,2,0,1361518.4285714286,67610.99835301012,0.0
2023-11-09,1461718,3,0,1371243.0,77215.37501477095,0.0
2023-11-10,1463578,4,0,1387107.7142857143,83851.90259962215,0.0
2023-11-11,1333546,5,1,1389987.857142857,81202.0130014108,0.0
2023-11-12,1359170,6,1,1407412.7142857143,50069.30309990245,0.0
2023-11-13,1351771,0,0,1402222.2857142857,54123.625090249545,0.0
2023-11-14,1435375,1,0,1405763.7142857143,55554.1420859858,0.0
2023-11-15,1432371,2,0,1405361.2857142857,55315.16012730956,0.0
2023-11-16,1563523,3,0,1419904.857142857,80329.57318747163,0.0
2023-11-17,1482019,4,0,1422539.2857142857,82279.28436070612,0.0
2023-11-18,1250146,5,1,1410625.0,101180.756106774,0.0
2023-11-19,1218246,6,1,1390493.0,124465.6934567585,0.0
2023-11-20,1416726,0,0,1399772.2857142857,123515.37966818771,0.0
2023-11-21,1479464,1,0,1406070.7142857143,126716.09916887661,0.0
2023-11-22,1434095,2,0,1406317.0,126777.39657632905,0.0
2023-11-23,1340221,3,0,1374416.7142857143,107212.10043294165,0.0
2023-11-24,1412184,4,0,1364440.2857142857,98419.18763250967,0.0
2023-11-25,1435534,5,1,1390924.2857142857,86794.13923902459,0.0
2023-11-26,1478077,6,1,1428043.0,47139.06418960633,0.0
2023-11-27,1566696,0,0,1449467.2857142857,69780.76146935695,0.0
2023-11-28,1594361,1,0,1465881.142857143,88905.01547052755,0.0
2023-11-29,1663923,2,0,1498713.7142857143,114082.56128162927,0.0
2023-11-30,1697622,3,0,1549771.0,111269.66148658261,0.0
2023-12-01,1728915,4,0,1595018.2857142857,110390.81900189976,0.0
2023-12-02,1623693,5,1,1621898.142857143,85094.17560257381,0.0
2023-12-03,1598865,6,1,1639153.5714285714,59452.87792269797,0.0
2023-12-04,1672091,0,0,1654210.0,50753.933203961686,0.0
2023-12-05,1694145,1,0,1668464.857142857,44807.48667520214,0.0
2023-12-06,1685217,2,0,1671506.857142857,45169.11675191824,0.0
2023-12-07,1615641,3,0,1659795.2857142857,47819.73375685998,0.0
2023-12-08,1543271,4,0,1633274.7142857143,54156.17988044946,0.0
2023-12-09,1355615,5,1,1594977.857142857,118556.53625654004,0.0
2023-12-10,1375725,6,1,1563100.7142857143,144497.7240671174,0.0
2023-12-11,1546922,0,0,1545219.4285714286,136273.15664242554,0.0
2023-12-12,1560701,1,0,1526156.0,120373.85679210123,0.0
2023-12-13,1595376,2,0,1513321.5714285714,104304.954481036,0.0
2023-12-14,1610038,3,0,1512521.142857143,103406.52660485925,0.0
2023-12-15,1525631,4,0,1510001.142857143,102745.08934485122,0.0
2023-12-16,1309593,5,1,1503426.5714285714,115010.93281202,0.0
2023-12-17,1264197,6,1,1487494.0,140541.367974007,0.0
2023-12-18,1447339,0,0,1473267.857142857,138549.21600216566,0.0
2023-12-19,1477273,1,0,1461349.5714285714,133261.9472366021,0.0
2023-12-20,1414997,2,0,1435581.142857143,119784.44072088289,0.0
2023-12-21,1339425,3,0,1396922.142857143,95253.21890526678,0.0
2023-12-22,1278590,4,0,1361630.5714285714,84810.6865315775,0.0
2023-12-23,1162769,5,1,1340655.7142857143,113222.14052138034,0.0
2023-12-24,1102649,6,1,1317577.4285714286,143752.4079680898,0.0
2023-12-25,1093236,0,0,1266991.2857142857,152516.0292064732,1.0
2023-12-26,1142207,1,0,1219124.7142857143,125751.8011570533,1.0
2023-12-27,1218526,2,0,1191057.4285714286,92196.43107856179,0.0
2023-12-28,1203899,3,0,1171696.5714285714,66494.56318845905,0.0
2023-12-29,1260235,4,0,1169074.4285714286,61770.92146490915,0.0
2023-12-30,1272885,5,1,1184805.2857142857,72913.80490855651,0.0
2023-12-31,1233635,6,1,1203517.5714285714,64655.72407727983,0.0
2024-01-01,1212969,0,0,1220622.2857142857,42742.41001912583,1.0
2024-01-02,1405542,1,0,1258241.5714285714,69643.55770606047,0.0
2024-01-03,1475205,2,0,1294910.0,104231.42354558126,0.0
2024-01-04,1544190,3,0,1343523.0,130703.28217125373,0.0
2024-01-05,1545412,4,0,1384262.5714285714,144166.78792157408,0.0
2024-01-06,1426422,5,1,1406196.4285714286,135836.40394100593,0.0
2024-01-07,1472057,6,1,1440256.7142857143,113393.57610512988,0.0
2024-01-08,1695012,0,0,1509120.0,97633.7580877563,0.0
2024-01-09,1661940,1,0,1545748.2857142857,100356.22836132288,0.0
2024-01-10,1658933,2,0,1571995.142857143,102827.02080426837,0.0
2024-01-11,1666565,3,0,1589477.2857142857,107603.69566412062,0.0
2024-01-12,1671348,4,0,1607468.142857143,109519.176243926,0.0
2024-01-13,1500726,5,1,1618083.0,91098.98706355231,0.0
2024-01-14,1477166,6,1,1618812.857142857,89744.48175875848,0.0
2024-01-15,1678685,0,0,1616480.4285714286,87621.07299212324,0.0
2024-01-16,1743379,1,0,1628114.5714285714,99292.42706080014,0.0
2024-01-17,1776558,2,0,1644918.142857143,114209.65537619012,0.0
2024-01-18,1763676,3,0,1658791.142857143,122848.61523632017,0.0
2024-01-19,1673670,4,0,1659122.857142857,122891.29958415053,0.0
2024-01-20,1430378,5,1,1649073.142857143,139726.6957891301,0.0
2024-01-21,1340838,6,1,1629597.7142857143,173177.696984658,0.0
2024-01-22,1443872,0,0,1596053.0,184459.04366102142,0.0
2024-01-23,1520125,1,0,1564159.5714285714,173729.00743003265,0.0
2024-01-24,1463703,2,0,1519466.0,148372.5216754728,0.0
2024-01-25,1496150,3,0,1481248.0,102280.03570103663,0.0
2024-01-26,1376437,4,0,1438786.142857143,63384.13138802865,0.0
2024-01-27,1352124,5,1,1427607.0,71496.0443708044,0.0
2024-01-28,1297642,6,1,1421436.142857143,81410.06457321411,0.0
2024-01-29,1524466,0,0,1432949.5714285714,90322.99651597264,0.0
2024-01-30,1530194,1,0,1434388.0,92007.15751327192,0.0
2024-01-31,1506164,2,0,1440453.857142857,95591.80996376317,0.0
2024-02-01,1503120,3,0,1441449.5714285714,96302.31028359465,0.0
2024-02-02,1384594,4,0,1442614.857142857,95429.92727554015,0.0
2024-02-03,1240357,5,1,1426648.142857143,119426.63013533267,0.0
2024-02-04,1211829,6,1,1414389.142857143,137858.02938100806,0.0
2024-02-05,1374346,0,0,1392943.4285714286,129290.45193655154,0.0
2024-02-06,1412707,1,0,1376159.5714285714,115381.33886215923,0.0
2024-02-07,1589583,2,0,1388076.5714285714,133872.71587702652,0.0
2024-02-08,1575611,3,0,1398432.4285714286,146466.65680838216,0.0
2024-02-09,1490030,4,0,1413494.7142857143,150180.66629311323,0.0
2024-02-10,1372534,5,1,1432377.142857143,131991.5934285773,0.0
2024-02-11,1343814,6,1,1451232.142857143,101031.39297176321,0.0
2024-02-12,1407400,0,0,1455954.142857143,97551.48298111538,0.0
2024-02-13,1527733,1,0,1472386.4285714286,98733.2263068401,0.0
2024-02-14,1483666,2,0,1457255.4285714286,84930.42457579245,0.0
2024-02-15,1411210,3,0,1433769.5714285714,67737.36526190232,0.0
2024-02-16,1384527,4,0,1418697.7142857143,64806.8576482722,0.0
2024-02-17,1280925,5,1,1405610.7142857143,82513.55251458242,0.0
2024-02-18,1227502,6,1,1388994.7142857143,105532.11052207484,0.0
2024-02-19,1348991,0,0,1380650.5714285714,106141.6723705839,0.0
2024-02-20,1371905,1,0,1358389.4285714286,84232.47843295195,0.0
2024-02-21,1416180,2,0,1348748.5714285714,70196.83094668675,0.0
2024-02-22,1468518,3,0,1356935.4285714286,81178.49058478723,0.0
2024-02-23,1486203,4,0,1371460.5714285714,94878.55025043542,0.0
2024-02-24,1393372,5,1,1387524.4285714286,86109.15964610121,0.0
2024-02-25,1372713,6,1,1408268.857142857,51782.56753465941,0.0
2024-02-26,1503104,0,0,1430285.0,55038.58033542222,0.0
2024-02-27,1533090,1,0,1453311.4285714286,60034.1578988534,0.0
2024-02-28,1510666,2,0,1466809.4285714286,60909.813844933684,0.0
2024-02-29,1474076,3,0,1467603.4285714286,60971.99265201859,0.0
2024-03-01,1500535,4,0,1469650.857142857,61933.706386869446,0.0
2024-03-02,1420944,5,1,1473589.7142857143,56950.26432110326,0.0
2024-03-03,1375631,6,1,1474006.5714285714,56093.04393557026,0.0
2024-03-04,1483967,0,0,1471272.7142857143,54892.029523816374,0.0
2024-03-05,1505394,1,0,1467316.142857143,50517.51108096036,0.0
2024-03-06,1493849,2,0,1464913.7142857143,48470.77178991674,0.0
2024-03-07,1484789,3,0,1466444.142857143,48974.78658944436,0.0
2024-03-08,1371608,4,0,1448026.0,57515.63537571386,0.0
2024-03-09,1259665,5,1,1424986.142857143,92085.89862449923,0.0
2024-03-10,1312311,6,1,1415940.4285714286,100470.44293036827,0.0
2024-03-11,1550597,0,0,1425459.0,110631.83297920492,0.0
2024-03-12,1495081,1,0,1423985.7142857143,109452.30275745741,0.0
2024-03-13,1352191,2,0,1403748.857142857,107459.86000432055,0.0
2024-03-14,1387545,3,0,1389856.857142857,101349.12896919645,0.0
2024-03-15,1310794,4,0,1381169.142857143,105687.79146846368,0.0
2024-03-16,1271111,5,1,1382804.2857142857,103561.79944479224,0.0
2024-03-17,1228328,6,1,1370806.7142857143,117072.84434734075,0.0
2024-03-18,1307106,0,0,1336022.2857142857,87082.18739353801,0.0
2024-03-19,1323279,1,0,1311479.142857143,51874.84920281353,0.0
2024-03-20,1391564,2,0,1317103.857142857,58709.26536031592,0.0
2024-03-21,1298097,3,0,1304325.5714285714,49894.85769386278,0.0
2024-03-22,1245572,4,0,1295008.142857143,54374.35242049269,0.0
2024-03-23,1096738,5,1,1270097.7142857143,93216.31756069565,0.0
2024-03-24,1148308,6,1,1258666.2857142857,103528.55782943708,0.0
2024-03-25,1408443,0,0,1273143.0,117564.59582149594,0.0
2024-03-26,1384699,1,0,1281917.2857142857,124043.54823707337,0.0
2024-03-27,1346605,2,0,1275494.5714285714,118458.25619864614,0.0
2024-03-28,1339060,3,0,1281346.4285714286,120750.52455216955,0.0
2024-03-29,1180664,4,0,1272073.857142857,126319.31278502596,1.0
2024-03-30,1110098,5,1,1273982.4285714286,123293.30184411512,0.0
2024-03-31,1078156,6,1,1263960.7142857143,137269.9982440073,0.0
2024-04-01,1145926,0,0,1226458.2857142857,126669.09144003128,1.0
2024-04-02,1320441,1,0,1217278.5714285714,115089.17499323704,0.0
2024-04-03,1305132,2,0,1211353.857142857,108182.17144619717,0.0
2024-04-04,1334824,3,0,1210748.7142857143,107357.4614558437,0.0
2024-04-05,1173524,4,0,1209728.7142857143,107724.22638498252,0.0
2024-04-06,1005274,5,1,1194753.857142857,129056.04741150657,0.0
2024-04-07,974761,6,1,1179983.142857143,149000.7601439704,0.0
2024-04-08,1248812,0,0,1194681.142857143,150151.4032062783,0.0
2024-04-09,1257962,1,0,1185755.5714285714,143122.28323112562,0.0
2024-04-10,1317286,2,0,1187491.857142857,144874.85799181196,0.0
2024-04-11,1225364,3,0,1171854.7142857143,131623.354119154,0.0
2024-04-12,1133530,4,0,1166141.2857142857,132404.51807841077,0.0
2024-04-13,1010700,5,1,1166916.4285714286,131317.2000740592,0.0
2024-04-14,1014410,6,1,1172580.5714285714,122185.08272135285,0.0
2024-04-15,1149935,0,0,1158455.2857142857,117530.20318585998,0.0
2024-04-16,1225825,1,0,1153864.2857142857,113555.89168148076,0.0
2024-04-17,1264333,2,0,1146299.5714285714,102034.10298665082,0.0
2024-04-18,1258115,3,0,1150978.2857142857,106898.72361528077,0.0
2024-04-19,1217115,4,0,1162919.0,109266.9364156946,0.0
2024-04-20,1141161,5,1,1181556.2857142857,88040.64216169088,0.0
2024-04-21,1139781,6,1,1199466.4285714286,54876.84572711171,0.0
2024-04-22,1383885,0,0,1232887.857142857,83473.26222498497,0.0
2024-04-23,1324083,1,0,1246924.7142857143,90087.13343152676,0.0
2024-04-24,1310575,2,0,1253530.7142857143,93217.4746381263,0.0
2024-04-25,1371476,3,0,1269725.142857143,103433.74980866342,0.0
2024-04-26,1319632,4,0,1284370.4285714286,101990.78397886775,0.0
2024-04-27,1229256,5,1,1296955.4285714286,85471.92943665244,0.0
2024-04-28,1157240,6,1,1299449.5714285714,80214.04602036621,0.0
2024-04-29,1180719,0,0,1270425.857142857,81319.05694125149,0.0
2024-04-30,1162704,1,0,1247371.7142857143,86295.21919691161,0.0
2024-05-01,1250795,2,0,1238831.7142857143,81841.03646445551,0.0
2024-05-02,1208516,3,0,1215551.7142857143,57327.362136908836,0.0
2024-05-03,1257527,4,0,1206679.5714285714,41021.890501177,0.0
2024-05-04,1066636,5,1,1183448.142857143,65091.45471166701,0.0
2024-05-05,1052404,6,1,1168471.5714285714,81992.88753884185,0.0
2024-05-06,1106658,0,0,1157891.4285714286,84876.71823272361,1.0
2024-05-07,1177444,1,0,1159997.142857143,85198.24701334903,0.0
2024-05-08,1150037,2,0,1145603.142857143,75229.7488773399,0.0
2024-05-09,1119848,3,0,1132936.2857142857,70165.57275171482,0.0
2024-05-10,1103849,4,0,1110982.2857142857,43758.090469948176,0.0
2024-05-11,950900,5,1,1094448.5714285714,74425.37882082816,0.0
2024-05-12,948987,6,1,1079674.7142857143,92284.23201126765,0.0
2024-05-13,1118887,0,0,1081421.7142857143,92993.20624599131,0.0
2024-05-14,1176828,1,0,1081333.7142857143,92887.42670517619,0.0
2024-05-15,1162790,2,0,1083155.5714285714,94569.37057855343,0.0
2024-05-16,1220127,3,0,1097481.142857143,107733.0644563107,0.0
2024-05-17,1129474,4,0,1101141.857142857,108418.68424683205,0.0
2024-05-18,1032123,5,1,1112745.142857143,92894.38437538056,0.0
2024-05-19,935951,6,1,1110882.857142857,96774.10357019216,0.0
2024-05-20,1099214,0,0,1108072.4285714286,96788.57464747824,0.0
2024-05-21,1204238,1,0,1111988.142857143,100516.43969262415,0.0
2024-05-22,1219194,2,0,1120045.857142857,107299.5089231429,0.0
2024-05-23,1144613,3,0,1109258.142857143,99038.53928890987,0.0
2024-05-24,1180103,4,0,1116490.857142857,102547.48607262046,0.0
2024-05-25,993939,5,1,1111036.0,108619.10168414866,0.0
2024-05-26,967921,6,1,1115603.142857143,100390.72827946293,0.0
2024-05-27,956820,0,0,1095261.142857143,117272.2570565929,1.0
2024-05-28,1164592,1,0,1089597.4285714286,111969.46190349011,0.0
2024-05-29,1110534,2,0,1074074.5714285714,97621.13623061922,0.0
2024-05-30,1104495,3,0,1068343.4285714286,93896.33291893662,0.0
2024-05-31,1088366,4,0,1055238.142857143,81248.1691884864,0.0
2024-06-01,983597,5,1,1053760.7142857143,82630.88491141077,0.0
2024-06-02,900910,6,1,1044187.7142857143,96885.29889638987,0.0
2024-06-03,1126514,0,0,1068429.7142857143,92512.47188483737,0.0
2024-06-04,1123140,1,0,1062508.0,86459.92134512225,0.0
2024-06-05,1049916,2,0,1053848.2857142857,83844.13636967192,0.0
2024-06-06,1101536,3,0,1053425.5714285714,83553.18948205246,0.0
2024-06-07,1057227,4,0,1048977.142857143,82200.88252657367,0.0
2024-06-08,921767,5,1,1040144.2857142857,93008.63072627252,0.0
2024-06-09,945211,6,1,1046473.0,82915.02315023921,0.0
2024-06-10,1081410,0,0,1040029.5714285715,77214.86716704072,0.0
2024-06-11,1171861,1,0,1046989.7142857143,87469.8913640734,0.0
2024-06-12,1201528,2,0,1068648.5714285714,105273.98169043059,0.0
2024-06-13,1177466,3,0,1079495.7142857143,112865.47565683158,0.0
2024-06-14,1105667,4,0,1086415.7142857143,112757.5047993533,0.0
2024-06-15,1025019,5,1,1101166.0,92576.89618188459,0.0
2024-06-16,955644,6,1,1102656.4285714286,89686.51985085136,0.0
2024-06-17,1104931,0,0,1106016.5714285714,89197.12260469592,0.0
2024-06-18,1141406,1,0,1101665.857142857,86140.56532095837,0.0
2024-06-19,1106096,2,0,1088032.7142857143,74461.76027941809,0.0
2024-06-20,1101736,3,0,1077214.142857143,64080.027433001895,0.0
2024-06-21,1042813,4,0,1068235.0,63831.80764063795,0.0
2024-06-22,956787,5,1,1058487.5714285714,75647.14744758788,0.0
2024-06-23,986533,6,1,1062900.2857142857,69281.19193482089,0.0
2024-06-24,1159044,0,0,1070630.7142857143,77306.76717624943,0.0
2024-06-25,1162723,1,0,1073676.0,80895.97144072181,0.0
2024-06-26,1149561,2,0,1079885.2857142857,85344.92700551209,0.0
2024-06-27,1026247,3,0,1069101.142857143,86879.2909855254,0.0
2024-06-28,992506,4,0,1061914.4285714286,91380.4087607975,0.0
2024-06-29,965517,5,1,1063161.5714285714,89751.57851141358,0.0
2024-06-30,1004115,6,1,1065673.2857142857,87466.6353049902,0.0
2024-07-01,1134829,0,0,1062214.0,83549.51593519091,0.0
2024-07-02,1137399,1,0,1058596.2857142857,78890.47241318904,0.0
2024-07-03,1142844,2,0,1057636.7142857143,77630.41983382634,0.0
2024-07-04,990866,3,0,1052582.2857142857,81089.53476194976,0.0
2024-07-05,1104946,4,0,1068645.142857143,78294.06820750168,0.0
2024-07-06,973819,5,1,1069831.142857143,76514.16431712233,0.0
2024-07-07,978069,6,1,1066110.2857142857,80758.14719628081,0.0
2024-07-08,1147475,0,0,1067916.857142857,82670.40902169445,0.0
2024-07-09,1193930,1,0,1075992.7142857143,92737.43120899374,0.0
2024-07-10,1137516,2,0,1075231.5714285714,92117.09196971607,0.0
2024-07-11,1155340,3,0,1098727.857142857,87890.68436310139,0.0
2024-07-12,1157206,4,0,1106193.5714285714,90682.14088207879,0.0
2024-07-13,1031673,5,1,1114458.4285714286,78413.0488819125,0.0
2024-07-14,1003567,6,1,1118101.0,71290.00844909121,0.0
2024-07-15,1197437,0,0,1125238.4285714286,76993.89655652727,0.0
2024-07-16,1180400,1,0,1123305.5714285714,75129.30637878417,0.0
2024-07-17,1129719,2,0,1122191.7142857143,74941.07363284125,0.0
2024-07-18,1115543,3,0,1116506.4285714286,73502.97765367883,0.0
2024-07-19,1099730,4,0,1108295.5714285714,71378.32602845113,0.0
2024-07-20,1083752,5,1,1115735.4285714286,64437.4382453545,0.0
2024-07-21,971043,6,1,1111089.142857143,74292.35874445195,0.0
2024-07-22,1130239,0,0,1101489.4285714286,65040.76978037587,0.0
2024-07-23,1148374,1,0,1096914.2857142857,59451.06058972284,0.0
2024-07-24,1158467,2,0,1101021.142857143,62982.927658858425,0.0
2024-07-25,1182832,3,0,1110633.857142857,70280.86171318383,0.0
2024-07-26,1058983,4,0,1104812.857142857,72970.45725826992,0.0
2024-07-27,981099,5,1,1090148.142857143,86894.86715267469,0.0
2024-07-28,923514,6,1,1083358.2857142857,98794.81684739106,0.0
2024-07-29,1064023,0,0,1073898.857142857,96705.89554148683,0.0
2024-07-30,1105870,1,0,1067826.857142857,92492.97647108645,0.0
2024-07-31,1140103,2,0,1065203.4285714286,89712.25563409462,0.0
2024-08-01,1158740,3,0,1061761.7142857143,84773.64415848548,0.0
2024-08-02,1100030,4,0,1067625.5714285714,85960.71889506943,0.0
2024-08-03,981056,5,1,1067619.4285714286,85967.93397128073,0.0
2024-08-04,952128,6,1,1071707.142857143,78313.3063415639,0.0
2024-08-05,1084364,0,0,1074613.0,78358.0304776614,0.0
2024-08-06,1103438,1,0,1074265.5714285714,78201.5784918938,0.0
2024-08-07,1068750,2,0,1064072.2857142857,72642.33646602274,0.0
2024-08-08,1124999,3,0,1059252.142857143,66142.40474018373,0.0
2024-08-09,964496,4,0,1039890.1428571428,71810.6188722409,0.0
2024-08-10,964334,5,1,1037501.2857142857,74328.00928481003,0.0
2024-08-11,932290,6,1,1034667.2857142857,78392.72247415231,0.0
2024-08-12,1113799,0,0,1038872.2857142857,82199.76099058606,0.0
2024-08-13,1102761,1,0,1038775.5714285715,82111.4842939591,0.0
2024-08-14,1149933,2,0,1050373.142857143,92168.10460139812,0.0
2024-08-15,1098430,3,0,1046577.5714285715,89078.01399311231,0.0
2024-08-16,1046389,4,0,1058276.5714285714,81561.7766335666,0.0
2024-08-17,966780,5,1,1058626.0,81096.1380091849,0.0
2024-08-18,912253,6,1,1055763.5714285714,86473.90488055036,0.0
2024-08-19,1104866,0,0,1054487.4285714286,85535.52389674402,0.0
2024-08-20,1025813,1,0,1043494.8571428572,83210.5600859305,0.0
2024-08-21,1057331,2,0,1030266.0,69739.18772114208,0.0
2024-08-22,1068930,3,0,1026051.7142857143,65708.41954607323,0.0
2024-08-23,980252,4,0,1016603.5714285715,67038.19211183807,0.0
2024-08-24,979986,5,1,1018490.1428571428,65572.173232865,0.0
2024-08-25,869499,6,1,1012382.4285714285,77941.3885832833,0.0
2024-08-26,968072,0,0,992840.4285714285,67312.8703316856,1.0
2024-08-27,1075172,1,0,999891.7142857143,73631.27488761858,0.0
2024-08-28,1157179,2,0,1014155.7142857143,93581.67082060505,0.0
2024-08-29,1092936,3,0,1017585.1428571428,96323.20494121613,0.0
2024-08-30,1091016,4,0,1033408.5714285715,98246.814913379,0.0
2024-08-31,992405,5,1,1035182.7142857143,97228.1753535267,0.0
2024-09-01,1034857,6,1,1058805.2857142857,65016.331588631314,0.0
2024-09-02,1251993,0,0,1099365.4285714286,84592.97422928952,0.0
2024-09-03,1210615,1,0,1118714.4285714286,93190.02654410302,0.0
2024-09-04,1201362,2,0,1125026.2857142857,97620.44467174738,0.0
2024-09-05,1209995,3,0,1141749.0,101168.88443425499,0.0
2024-09-06,1181662,4,0,1154698.4285714286,99378.28019218982,0.0
2024-09-07,1131161,5,1,1174520.7142857143,71554.92989475395,0.0
2024-09-08,1096717,6,1,1183357.857142857,52791.17218640445,0.0
2024-09-09,1136706,0,0,1166888.2857142857,45255.44649258389,0.0
2024-09-10,1124365,1,0,1154566.857142857,43053.86876709817,0.0
2024-09-11,1117192,2,0,1142542.5714285714,39405.6343639332,0.0
2024-09-12,1196347,3,0,1140592.857142857,35672.82072504401,0.0
2024-09-13,1183821,4,0,1140901.2857142857,36093.934793947075,0.0
2024-09-14,963466,5,1,1116944.857142857,76580.74925080303,0.0
2024-09-15,1055084,6,1,1110997.2857142857,79955.87443027299,0.0
2024-09-16,1155933,0,0,1113744.0,81305.10489101017,0.0
2024-09-17,1159556,1,0,1118771.2857142857,83138.57806844513,0.0
2024-09-18,1162746,2,0,1125279.0,84761.3983642999,0.0
2024-09-19,1168518,3,0,1121303.4285714286,81460.91315854435,0.0
2024-09-20,1183366,4,0,1121238.4285714286,81402.87535435858,0.0
2024-09-21,1059313,5,1,1134930.857142857,53834.32916656834,0.0
2024-09-22,1122676,6,1,1144586.857142857,41854.51500313674,0.0
2024-09-23,1298551,0,0,1164960.857142857,72089.44184470568,0.0
2024-09-24,1276760,1,0,1181704.2857142857,83355.42855093381,0.0
2024-09-25,1299088,2,0,1201181.7142857143,93499.28077215297,0.0
2024-09-26,1221416,3,0,1208738.5714285714,92552.20012488918,0.0
2024-09-27,1187151,4,0,1209279.2857142857,92390.17601406503,0.0
2024-09-28,1142578,5,1,1221174.2857142857,73239.79477654173,0.0
2024-09-29,1153488,6,1,1225576.0,66992.91081653241,0.0
2024-09-30,1316481,0,0,1228137.4285714286,70499.10470323426,0.0
2024-10-01,1309558,1,0,1232822.857142857,75202.19954328513,0.0
2024-10-02,1295273,2,0,1232277.857142857,74653.75287160545,0.0
2024-10-03,1285560,3,0,1241441.2857142857,76998.18693910913,0.0
2024-10-04,1250854,4,0,1250541.7142857143,73182.15198787668,0.0
2024-10-05,1087434,5,1,1242664.0,88173.42607803424,0.0
2024-10-06,1187875,6,1,1247576.4285714286,83194.42114884245,0.0
2024-10-07,1284366,0,0,1242988.5714285714,79567.75292347369,0.0
2024-10-08,1320004,1,0,1244480.857142857,81107.4008469517,0.0
2024-10-09,1273733,2,0,1241403.7142857143,79246.47969201324,0.0
2024-10-10,1328184,3,0,1247492.857142857,84657.66755674353,0.0
2024-10-11,1297692,4,0,1254184.0,86791.68640105221,0.0
2024-10-12,1171496,5,1,1266192.857142857,62208.03172271891,0.0
2024-10-13,1255240,6,1,1275816.4285714286,52530.977698475,0.0
2024-10-14,1417142,0,0,1294784.4285714286,75208.98495497539,0.0
2024-10-15,1389018,1,0,1304643.5714285714,83168.37221739446,0.0
2024-10-16,1379012,2,0,1319683.4285714286,86113.96271390087,0.0
2024-10-17,1269790,3,0,1311341.4285714286,87961.790187318,0.0
2024-10-18,1241532,4,0,1303318.5714285714,91887.74397577587,0.0
2024-10-19,1153584,5,1,1300759.7142857143,96313.34474123223,0.0
2024-10-20,1095183,6,1,1277894.4285714286,123953.99299992055,0.0
2024-10-21,1291772,0,0,1259984.4285714286,108585.5104082691,0.0
2024-10-22,1324403,1,0,1250753.7142857143,98020.85289149794,0.0
2024-10-23,1338425,2,0,1244955.5714285714,90045.60221516067,0.0
2024-10-24,1302955,3,0,1249693.4285714286,92411.50425293898,0.0
2024-10-25,1352634,4,0,1265565.142857143,100005.07473697589,0.0
2024-10-26,1196802,5,1,1271739.142857143,93030.33140405416,0.0
2024-10-27,1143506,6,1,1278642.4285714286,78385.72918347032,0.0
2024-10-28,1354754,0,0,1287639.857142857,83586.12808643258,0.0
2024-10-29,1387082,1,0,1296594.0,91191.93973339243,0.0
2024-10-30,1406601,2,0,1306333.4285714286,99652.33852394573,0.0
2024-10-31,1342334,3,0,1311959.0,100537.41378713386,0.0
2024-11-01,1366833,4,0,1313987.4285714286,101632.12092292028,0.0
2024-11-02,1280634,5,1,1325963.4285714286,89768.76082073935,0.0
2024-11-03,1304805,6,1,1349006.142857143,44329.78983875609,0.0
2024-11-04,1470209,0,0,1365499.7142857143,63957.81295961326,0.0
2024-11-05,1479713,1,0,1378732.7142857143,77348.4589217968,0.0
2024-11-06,1484219,2,0,1389821.0,86973.91289924509,0.0
2024-11-07,1460703,3,0,1406730.857142857,87706.33673884883,0.0
2024-11-08,1472089,4,0,1421767.4285714286,88742.66870728653,0.0
2024-11-09,1386097,5,1,1436833.5714285714,67102.38655187975,0.0
2024-11-10,1319557,6,1,1438941.0,62326.48371282881,0.0
2024-11-11,1441299,0,0,1434811.0,60849.56514776569,0.0
2024-11-12,1505276,1,0,1438462.857142857,64642.33863974168,0.0
2024-11-13,1487578,2,0,1438942.7142857143,65049.791797593614,0.0
2024-11-14,1507168,3,0,1445580.5714285714,69835.04853312961,0.0
2024-11-15,1460882,4,0,1443979.5714285714,69252.07403121272,0.0
2024-11-16,1322433,5,1,1434884.7142857143,81260.13835358394,0.0
2024-11-17,1336418,6,1,1437293.4285714286,77431.53892283101,0.0
2024-11-18,1579164,0,0,1456988.4285714286,94313.15088553618,0.0
2024-11-19,1631183,1,0,1474975.142857143,114831.20112066698,0.0
2024-11-20,1654158,2,0,1498772.2857142857,133604.3691485312,0.0
2024-11-21,1718628,3,0,1528980.857142857,157574.80091736888,0.0
2024-11-22,1644132,4,0,1555159.4285714286,159584.88621407092,0.0
2024-11-23,1407102,5,1,1567255.0,141149.62930051304,0.0
2024-11-24,1241139,6,1,1553643.7142857143,168971.5766558891,0.0
2024-11-25,1382360,0,0,1525528.857142857,180028.73463093353,0.0
2024-11-26,1557049,1,0,1514938.2857142857,174884.56756646742,0.0
2024-11-27,1649752,2,0,1514308.857142857,174306.96452374395,0.0
2024-11-28,1653364,3,0,1504985.4285714286,162930.989309251,0.0
2024-11-29,1513963,4,0,1486389.857142857,151425.0668234349,0.0
2024-11-30,1319397,5,1,1473860.5714285714,162315.77979242982,0.0
2024-12-01,1302096,6,1,1482568.7142857143,148823.93968683362,0.0
2024-12-02,1501840,0,0,1499637.2857142857,142115.93463522533,0.0
2024-12-03,1632662,1,0,1510439.142857143,149869.02176728102,0.0
2024-12-04,1588245,2,0,1501652.4285714286,141932.8344192818,0.0
2024-12-05,1483076,3,0,1477325.5714285714,125203.62605355286,0.0
